setting,setting_type,rep,n,p,s,rho,language,method,model_class,ibs,cindex_td,runtime_sec,status,error_message
setting1_highdim_s50,highdim,1,500,500,50.0,0.3,Python,sksurv_CoxnetSurvivalAnalysis,Penalized Cox,0.2162801837089968,0.5,1.2572574615478516,success,
setting1_highdim_s50,highdim,1,500,500,50.0,0.3,Python,sksurv_RandomSurvivalForest,RSF,0.2153520599827731,0.5441551812149056,0.8284003734588623,success,
setting1_highdim_s50,highdim,1,500,500,50.0,0.3,Python,sksurv_GradientBoostingSurvivalAnalysis,Boosting,0.2468500435129134,0.5712098009188361,12.724950075149536,success,
setting1_highdim_s50,highdim,2,500,500,50.0,0.3,Python,sksurv_CoxnetSurvivalAnalysis,Penalized Cox,0.244800012276562,0.5160170848905499,1.0909717082977295,success,
setting1_highdim_s50,highdim,2,500,500,50.0,0.3,Python,sksurv_RandomSurvivalForest,RSF,0.2363612184070815,0.4554191137213027,0.813840389251709,success,
setting1_highdim_s50,highdim,2,500,500,50.0,0.3,Python,sksurv_GradientBoostingSurvivalAnalysis,Boosting,0.315641854021221,0.5200213561131874,12.68660855293274,success,
setting1_highdim_s50,highdim,3,500,500,50.0,0.3,Python,sksurv_CoxnetSurvivalAnalysis,Penalized Cox,0.1979249581352268,0.5475987496447855,1.0002825260162354,success,
setting1_highdim_s50,highdim,3,500,500,50.0,0.3,Python,sksurv_RandomSurvivalForest,RSF,0.1944918268657684,0.5930662119920432,0.8199620246887207,success,
setting1_highdim_s50,highdim,3,500,500,50.0,0.3,Python,sksurv_GradientBoostingSurvivalAnalysis,Boosting,0.2088309932147115,0.5703324808184144,12.720300436019896,success,
setting1_highdim_s50,highdim,4,500,500,50.0,0.3,Python,sksurv_CoxnetSurvivalAnalysis,Penalized Cox,0.1947503401406451,0.6148028092922745,1.7438552379608154,success,
setting1_highdim_s50,highdim,4,500,500,50.0,0.3,Python,sksurv_RandomSurvivalForest,RSF,0.2058089955451562,0.571042679632631,0.825594425201416,success,
setting1_highdim_s50,highdim,4,500,500,50.0,0.3,Python,sksurv_GradientBoostingSurvivalAnalysis,Boosting,0.2359052207312361,0.515667206915181,12.659387111663818,success,
setting1_highdim_s50,highdim,5,500,500,50.0,0.3,Python,sksurv_CoxnetSurvivalAnalysis,Penalized Cox,0.1756912378434104,0.6368452030606239,1.456833839416504,success,
setting1_highdim_s50,highdim,5,500,500,50.0,0.3,Python,sksurv_RandomSurvivalForest,RSF,0.1972444689893674,0.5203060623896409,0.8428773880004883,success,
setting1_highdim_s50,highdim,5,500,500,50.0,0.3,Python,sksurv_GradientBoostingSurvivalAnalysis,Boosting,0.212133101029362,0.5300176574455562,12.809614181518556,success,
setting1_highdim_s50,highdim,6,500,500,50.0,0.3,Python,sksurv_CoxnetSurvivalAnalysis,Penalized Cox,0.1906289207989076,0.6563961485557084,1.1892054080963137,success,
setting1_highdim_s50,highdim,6,500,500,50.0,0.3,Python,sksurv_RandomSurvivalForest,RSF,0.2110718791239244,0.5507565337001376,0.8157737255096436,success,
setting1_highdim_s50,highdim,6,500,500,50.0,0.3,Python,sksurv_GradientBoostingSurvivalAnalysis,Boosting,0.2337823986838952,0.560385144429161,12.707104444503784,success,
setting1_highdim_s50,highdim,7,500,500,50.0,0.3,Python,sksurv_CoxnetSurvivalAnalysis,Penalized Cox,0.1665828950970982,0.6412146226415094,1.3544797897338867,success,
setting1_highdim_s50,highdim,7,500,500,50.0,0.3,Python,sksurv_RandomSurvivalForest,RSF,0.1875821486752582,0.5704599056603774,0.8040719032287598,success,
setting1_highdim_s50,highdim,7,500,500,50.0,0.3,Python,sksurv_GradientBoostingSurvivalAnalysis,Boosting,0.1845354991199795,0.6388561320754716,12.769334316253662,success,
setting1_highdim_s50,highdim,8,500,500,50.0,0.3,Python,sksurv_CoxnetSurvivalAnalysis,Penalized Cox,0.2008724868260062,0.5805916505391209,1.2694926261901855,success,
setting1_highdim_s50,highdim,8,500,500,50.0,0.3,Python,sksurv_RandomSurvivalForest,RSF,0.2059631619405351,0.5313795963505668,0.8116285800933838,success,
setting1_highdim_s50,highdim,8,500,500,50.0,0.3,Python,sksurv_GradientBoostingSurvivalAnalysis,Boosting,0.2356537591328734,0.5606856510920653,12.76188063621521,success,
setting1_highdim_s50,highdim,9,500,500,50.0,0.3,Python,sksurv_CoxnetSurvivalAnalysis,Penalized Cox,0.2367703247508307,0.5647345612134345,1.312124490737915,success,
setting1_highdim_s50,highdim,9,500,500,50.0,0.3,Python,sksurv_RandomSurvivalForest,RSF,0.2381032044768304,0.5836944745395449,0.8317570686340332,success,
setting1_highdim_s50,highdim,9,500,500,50.0,0.3,Python,sksurv_GradientBoostingSurvivalAnalysis,Boosting,0.2835490341521911,0.5777356446370531,12.677551031112673,success,
setting1_highdim_s50,highdim,10,500,500,50.0,0.3,Python,sksurv_CoxnetSurvivalAnalysis,Penalized Cox,0.2207841837834411,0.586490939044481,1.1280994415283203,success,
setting1_highdim_s50,highdim,10,500,500,50.0,0.3,Python,sksurv_RandomSurvivalForest,RSF,0.2260886826476436,0.5855495410684867,0.815624475479126,success,
setting1_highdim_s50,highdim,10,500,500,50.0,0.3,Python,sksurv_GradientBoostingSurvivalAnalysis,Boosting,0.247801163347836,0.6312073429042128,12.59856343269348,success,
setting1_highdim_s50,highdim,11,500,500,50.0,0.3,Python,sksurv_CoxnetSurvivalAnalysis,Penalized Cox,0.1743037880728319,0.7069551777434312,1.4980828762054443,success,
setting1_highdim_s50,highdim,11,500,500,50.0,0.3,Python,sksurv_RandomSurvivalForest,RSF,0.1917271939433163,0.5653786707882534,0.8673241138458252,success,
setting1_highdim_s50,highdim,11,500,500,50.0,0.3,Python,sksurv_GradientBoostingSurvivalAnalysis,Boosting,0.214791674642978,0.5885625965996909,12.870217323303224,success,
setting1_highdim_s50,highdim,12,500,500,50.0,0.3,Python,sksurv_CoxnetSurvivalAnalysis,Penalized Cox,0.2118868442211532,0.6089489012443738,1.2296991348266602,success,
setting1_highdim_s50,highdim,12,500,500,50.0,0.3,Python,sksurv_RandomSurvivalForest,RSF,0.2187152942202231,0.5628805930632778,0.8303649425506592,success,
setting1_highdim_s50,highdim,12,500,500,50.0,0.3,Python,sksurv_GradientBoostingSurvivalAnalysis,Boosting,0.28651364427473,0.4752449033624569,12.717960834503174,success,
setting1_highdim_s50,highdim,13,500,500,50.0,0.3,Python,sksurv_CoxnetSurvivalAnalysis,Penalized Cox,0.1999167416603889,0.5151162790697674,1.1335437297821045,success,
setting1_highdim_s50,highdim,13,500,500,50.0,0.3,Python,sksurv_RandomSurvivalForest,RSF,0.1960534448799167,0.5316860465116279,0.8272743225097656,success,
setting1_highdim_s50,highdim,13,500,500,50.0,0.3,Python,sksurv_GradientBoostingSurvivalAnalysis,Boosting,0.2342432856407766,0.5502906976744186,12.667176008224487,success,
setting1_highdim_s50,highdim,14,500,500,50.0,0.3,Python,sksurv_CoxnetSurvivalAnalysis,Penalized Cox,0.2111848910459282,0.5,1.5003714561462402,success,
setting1_highdim_s50,highdim,14,500,500,50.0,0.3,Python,sksurv_RandomSurvivalForest,RSF,0.2088796846598752,0.5173901321110812,0.8228855133056641,success,
setting1_highdim_s50,highdim,14,500,500,50.0,0.3,Python,sksurv_GradientBoostingSurvivalAnalysis,Boosting,0.2371327955174058,0.552440010784578,12.699319124221802,success,
setting1_highdim_s50,highdim,15,500,500,50.0,0.3,Python,sksurv_CoxnetSurvivalAnalysis,Penalized Cox,0.1950347010536594,0.6260395755663895,1.293787717819214,success,
setting1_highdim_s50,highdim,15,500,500,50.0,0.3,Python,sksurv_RandomSurvivalForest,RSF,0.2111235071989519,0.5222254086607399,0.8130393028259277,success,
setting1_highdim_s50,highdim,15,500,500,50.0,0.3,Python,sksurv_GradientBoostingSurvivalAnalysis,Boosting,0.2552414733930529,0.5314023515916261,12.630954027175903,success,
setting1_highdim_s50,highdim,16,500,500,50.0,0.3,Python,sksurv_CoxnetSurvivalAnalysis,Penalized Cox,0.2069423767244401,0.5981308411214953,1.1012260913848877,success,
setting1_highdim_s50,highdim,16,500,500,50.0,0.3,Python,sksurv_RandomSurvivalForest,RSF,0.2085129766126734,0.5268357810413885,0.8377506732940674,success,
setting1_highdim_s50,highdim,16,500,500,50.0,0.3,Python,sksurv_GradientBoostingSurvivalAnalysis,Boosting,0.2418482008506596,0.5789052069425901,12.698476314544678,success,
setting1_highdim_s50,highdim,17,500,500,50.0,0.3,Python,sksurv_CoxnetSurvivalAnalysis,Penalized Cox,0.183849778269399,0.5611127552530334,1.233323097229004,success,
setting1_highdim_s50,highdim,17,500,500,50.0,0.3,Python,sksurv_RandomSurvivalForest,RSF,0.1924140328317411,0.4847588043799941,0.8255383968353271,success,
setting1_highdim_s50,highdim,17,500,500,50.0,0.3,Python,sksurv_GradientBoostingSurvivalAnalysis,Boosting,0.2178838079511841,0.5060668836934004,12.6653470993042,success,
setting1_highdim_s50,highdim,18,500,500,50.0,0.3,Python,sksurv_CoxnetSurvivalAnalysis,Penalized Cox,0.1977374383637321,0.5474162407722885,1.4154398441314695,success,
setting1_highdim_s50,highdim,18,500,500,50.0,0.3,Python,sksurv_RandomSurvivalForest,RSF,0.1992432404038952,0.5712663259511641,0.8155639171600342,success,
setting1_highdim_s50,highdim,18,500,500,50.0,0.3,Python,sksurv_GradientBoostingSurvivalAnalysis,Boosting,0.2200645116113864,0.498580352072686,12.8853759765625,success,
setting1_highdim_s50,highdim,19,500,500,50.0,0.3,Python,sksurv_CoxnetSurvivalAnalysis,Penalized Cox,0.1856587213749193,0.6423277518528685,1.3596322536468506,success,
setting1_highdim_s50,highdim,19,500,500,50.0,0.3,Python,sksurv_RandomSurvivalForest,RSF,0.2044114848529283,0.5797419709031019,0.8254091739654541,success,
setting1_highdim_s50,highdim,19,500,500,50.0,0.3,Python,sksurv_GradientBoostingSurvivalAnalysis,Boosting,0.2399924955417288,0.5687620093329674,12.699879169464111,success,
setting1_highdim_s50,highdim,20,500,500,50.0,0.3,Python,sksurv_CoxnetSurvivalAnalysis,Penalized Cox,0.19946248777351,0.6006916733173716,1.7181289196014404,success,
setting1_highdim_s50,highdim,20,500,500,50.0,0.3,Python,sksurv_RandomSurvivalForest,RSF,0.2120447743137015,0.5381750465549349,0.8417458534240723,success,
setting1_highdim_s50,highdim,20,500,500,50.0,0.3,Python,sksurv_GradientBoostingSurvivalAnalysis,Boosting,0.2484258768471957,0.5464219207235967,12.75164246559143,success,
setting1_highdim_s50,highdim,21,500,500,50.0,0.3,Python,sksurv_CoxnetSurvivalAnalysis,Penalized Cox,0.1971765844898463,0.594916849701914,1.3762521743774414,success,
setting1_highdim_s50,highdim,21,500,500,50.0,0.3,Python,sksurv_RandomSurvivalForest,RSF,0.2065891456057574,0.4744273611546909,0.8121013641357422,success,
setting1_highdim_s50,highdim,21,500,500,50.0,0.3,Python,sksurv_GradientBoostingSurvivalAnalysis,Boosting,0.2372936532985815,0.5356134295575776,12.699785709381104,success,
setting1_highdim_s50,highdim,22,500,500,50.0,0.3,Python,sksurv_CoxnetSurvivalAnalysis,Penalized Cox,0.1847588176848636,0.6153144940747494,1.6311476230621338,success,
setting1_highdim_s50,highdim,22,500,500,50.0,0.3,Python,sksurv_RandomSurvivalForest,RSF,0.1905244200103863,0.5512002430872075,0.792687177658081,success,
setting1_highdim_s50,highdim,22,500,500,50.0,0.3,Python,sksurv_GradientBoostingSurvivalAnalysis,Boosting,0.2013760298258015,0.6496505621391674,12.770063638687134,success,
setting1_highdim_s50,highdim,23,500,500,50.0,0.3,Python,sksurv_CoxnetSurvivalAnalysis,Penalized Cox,0.1925670992335428,0.587721768515911,1.4150617122650146,success,
setting1_highdim_s50,highdim,23,500,500,50.0,0.3,Python,sksurv_RandomSurvivalForest,RSF,0.1955138444942167,0.5432272599267812,0.8232274055480957,success,
setting1_highdim_s50,highdim,23,500,500,50.0,0.3,Python,sksurv_GradientBoostingSurvivalAnalysis,Boosting,0.2234820097930752,0.5330892706279922,12.677185535430908,success,
setting1_highdim_s50,highdim,24,500,500,50.0,0.3,Python,sksurv_CoxnetSurvivalAnalysis,Penalized Cox,0.1968935205062305,0.5950042099354477,1.4465501308441162,success,
setting1_highdim_s50,highdim,24,500,500,50.0,0.3,Python,sksurv_RandomSurvivalForest,RSF,0.2021682851056691,0.5192253718776312,0.8206043243408203,success,
setting1_highdim_s50,highdim,24,500,500,50.0,0.3,Python,sksurv_GradientBoostingSurvivalAnalysis,Boosting,0.2505758772531442,0.5225933202357563,12.78601598739624,success,
setting1_highdim_s50,highdim,25,500,500,50.0,0.3,Python,sksurv_CoxnetSurvivalAnalysis,Penalized Cox,0.189501985488082,0.6686407219402143,1.6042680740356443,success,
setting1_highdim_s50,highdim,25,500,500,50.0,0.3,Python,sksurv_RandomSurvivalForest,RSF,0.2070704712674662,0.5798082346305696,0.8059055805206299,success,
setting1_highdim_s50,highdim,25,500,500,50.0,0.3,Python,sksurv_GradientBoostingSurvivalAnalysis,Boosting,0.2439154149213049,0.5685279187817259,12.640307664871216,success,
setting1_highdim_s50,highdim,26,500,500,50.0,0.3,Python,sksurv_CoxnetSurvivalAnalysis,Penalized Cox,0.1816926581091865,0.7153949129852745,1.4937338829040527,success,
setting1_highdim_s50,highdim,26,500,500,50.0,0.3,Python,sksurv_RandomSurvivalForest,RSF,0.2180938453169049,0.5713520749665328,0.8036096096038818,success,
setting1_highdim_s50,highdim,26,500,500,50.0,0.3,Python,sksurv_GradientBoostingSurvivalAnalysis,Boosting,0.2561732448186897,0.6262382864792503,12.695897102355955,success,
setting1_highdim_s50,highdim,27,500,500,50.0,0.3,Python,sksurv_CoxnetSurvivalAnalysis,Penalized Cox,0.2096608455236599,0.636951252356585,1.0227417945861816,success,
setting1_highdim_s50,highdim,27,500,500,50.0,0.3,Python,sksurv_RandomSurvivalForest,RSF,0.2295450533211331,0.5410719095071371,0.8432915210723877,success,
setting1_highdim_s50,highdim,27,500,500,50.0,0.3,Python,sksurv_GradientBoostingSurvivalAnalysis,Boosting,0.2428719832503707,0.6582278481012658,12.737735748291016,success,
setting1_highdim_s50,highdim,28,500,500,50.0,0.3,Python,sksurv_CoxnetSurvivalAnalysis,Penalized Cox,0.1836180547643549,0.655161393416427,1.2773137092590332,success,
setting1_highdim_s50,highdim,28,500,500,50.0,0.3,Python,sksurv_RandomSurvivalForest,RSF,0.1940512150733268,0.5618408437200384,0.844102144241333,success,
setting1_highdim_s50,highdim,28,500,500,50.0,0.3,Python,sksurv_GradientBoostingSurvivalAnalysis,Boosting,0.2206160479997998,0.5292425695110259,12.722344636917114,success,
setting1_highdim_s50,highdim,29,500,500,50.0,0.3,Python,sksurv_CoxnetSurvivalAnalysis,Penalized Cox,0.1750458513095963,0.6104617182933957,1.056202411651611,success,
setting1_highdim_s50,highdim,29,500,500,50.0,0.3,Python,sksurv_RandomSurvivalForest,RSF,0.1880328266082429,0.5,0.8221678733825684,success,
setting1_highdim_s50,highdim,29,500,500,50.0,0.3,Python,sksurv_GradientBoostingSurvivalAnalysis,Boosting,0.2202174812236055,0.5207481005260082,12.73341989517212,success,
setting1_highdim_s50,highdim,30,500,500,50.0,0.3,Python,sksurv_CoxnetSurvivalAnalysis,Penalized Cox,0.1747386621535937,0.6279131355932204,1.1718218326568604,success,
setting1_highdim_s50,highdim,30,500,500,50.0,0.3,Python,sksurv_RandomSurvivalForest,RSF,0.2021774424293333,0.5439618644067796,0.805903434753418,success,
setting1_highdim_s50,highdim,30,500,500,50.0,0.3,Python,sksurv_GradientBoostingSurvivalAnalysis,Boosting,0.2389207431938489,0.5039724576271186,12.679378271102903,success,
setting1_highdim_s50,highdim,31,500,500,50.0,0.3,Python,sksurv_CoxnetSurvivalAnalysis,Penalized Cox,0.1732995617820733,0.6644772851669404,1.2517361640930176,success,
setting1_highdim_s50,highdim,31,500,500,50.0,0.3,Python,sksurv_RandomSurvivalForest,RSF,0.2038701825853522,0.5090311986863711,0.8045463562011719,success,
setting1_highdim_s50,highdim,31,500,500,50.0,0.3,Python,sksurv_GradientBoostingSurvivalAnalysis,Boosting,0.2231259347319387,0.5123152709359606,12.698034524917604,success,
setting1_highdim_s50,highdim,32,500,500,50.0,0.3,Python,sksurv_CoxnetSurvivalAnalysis,Penalized Cox,0.196026992929076,0.6902412280701754,1.0371980667114258,success,
setting1_highdim_s50,highdim,32,500,500,50.0,0.3,Python,sksurv_RandomSurvivalForest,RSF,0.2042009713270552,0.5885416666666666,0.8187868595123291,success,
setting1_highdim_s50,highdim,32,500,500,50.0,0.3,Python,sksurv_GradientBoostingSurvivalAnalysis,Boosting,0.2161649821651966,0.6115679824561403,12.57863163948059,success,
setting1_highdim_s50,highdim,33,500,500,50.0,0.3,Python,sksurv_CoxnetSurvivalAnalysis,Penalized Cox,0.1677791416621823,0.7155680224403927,1.1966266632080078,success,
setting1_highdim_s50,highdim,33,500,500,50.0,0.3,Python,sksurv_RandomSurvivalForest,RSF,0.2075401582880023,0.6008415147265077,0.7887752056121826,success,
setting1_highdim_s50,highdim,33,500,500,50.0,0.3,Python,sksurv_GradientBoostingSurvivalAnalysis,Boosting,0.2270001048826887,0.5879382889200561,12.625685214996338,success,
setting1_highdim_s50,highdim,34,500,500,50.0,0.3,Python,sksurv_CoxnetSurvivalAnalysis,Penalized Cox,0.1769812380671842,0.650088287227781,1.0720415115356443,success,
setting1_highdim_s50,highdim,34,500,500,50.0,0.3,Python,sksurv_RandomSurvivalForest,RSF,0.1929602861061075,0.6085932901706886,0.8254063129425049,success,
setting1_highdim_s50,highdim,34,500,500,50.0,0.3,Python,sksurv_GradientBoostingSurvivalAnalysis,Boosting,0.2214857539278123,0.61094761624485,12.590795040130615,success,
setting1_highdim_s50,highdim,35,500,500,50.0,0.3,Python,sksurv_CoxnetSurvivalAnalysis,Penalized Cox,0.1937933539763786,0.661980631052796,1.4248168468475342,success,
setting1_highdim_s50,highdim,35,500,500,50.0,0.3,Python,sksurv_RandomSurvivalForest,RSF,0.2152923469799474,0.5926273039675102,0.7931632995605469,success,
setting1_highdim_s50,highdim,35,500,500,50.0,0.3,Python,sksurv_GradientBoostingSurvivalAnalysis,Boosting,0.2667755702032897,0.6044985941893158,12.69320034980774,success,
setting1_highdim_s50,highdim,36,500,500,50.0,0.3,Python,sksurv_CoxnetSurvivalAnalysis,Penalized Cox,0.1890402566152937,0.6316964285714286,1.0630581378936768,success,
setting1_highdim_s50,highdim,36,500,500,50.0,0.3,Python,sksurv_RandomSurvivalForest,RSF,0.2008925668573225,0.5848214285714286,0.8175134658813477,success,
setting1_highdim_s50,highdim,36,500,500,50.0,0.3,Python,sksurv_GradientBoostingSurvivalAnalysis,Boosting,0.2189916633994032,0.5728236607142857,12.679492235183716,success,
setting1_highdim_s50,highdim,37,500,500,50.0,0.3,Python,sksurv_CoxnetSurvivalAnalysis,Penalized Cox,0.1977668362543434,0.5363711227010706,1.1115927696228027,success,
setting1_highdim_s50,highdim,37,500,500,50.0,0.3,Python,sksurv_RandomSurvivalForest,RSF,0.2031435326946213,0.4847653033214383,0.8066825866699219,success,
setting1_highdim_s50,highdim,37,500,500,50.0,0.3,Python,sksurv_GradientBoostingSurvivalAnalysis,Boosting,0.220876308050939,0.527587153444963,12.63565444946289,success,
setting1_highdim_s50,highdim,38,500,500,50.0,0.3,Python,sksurv_CoxnetSurvivalAnalysis,Penalized Cox,0.1605072520674627,0.6483961382746808,1.0818333625793457,success,
setting1_highdim_s50,highdim,38,500,500,50.0,0.3,Python,sksurv_RandomSurvivalForest,RSF,0.1808113465632288,0.5157271877919651,0.8132543563842773,success,
setting1_highdim_s50,highdim,38,500,500,50.0,0.3,Python,sksurv_GradientBoostingSurvivalAnalysis,Boosting,0.1905468461733332,0.5907816879476798,12.6297287940979,success,
setting1_highdim_s50,highdim,39,500,500,50.0,0.3,Python,sksurv_CoxnetSurvivalAnalysis,Penalized Cox,0.1989989992396914,0.633524206142634,1.0512468814849854,success,
setting1_highdim_s50,highdim,39,500,500,50.0,0.3,Python,sksurv_RandomSurvivalForest,RSF,0.21583132664938,0.5015616866215513,0.8231852054595947,success,
setting1_highdim_s50,highdim,39,500,500,50.0,0.3,Python,sksurv_GradientBoostingSurvivalAnalysis,Boosting,0.2329343070976021,0.5856324830817282,12.660762071609495,success,
setting1_highdim_s50,highdim,40,500,500,50.0,0.3,Python,sksurv_CoxnetSurvivalAnalysis,Penalized Cox,0.2050493069414601,0.555584082156611,1.6593632698059082,success,
setting1_highdim_s50,highdim,40,500,500,50.0,0.3,Python,sksurv_RandomSurvivalForest,RSF,0.203967464503461,0.5653401797175867,0.828070878982544,success,
setting1_highdim_s50,highdim,40,500,500,50.0,0.3,Python,sksurv_GradientBoostingSurvivalAnalysis,Boosting,0.2393562074532256,0.5181001283697048,12.687637329101562,success,
setting1_highdim_s50,highdim,41,500,500,50.0,0.3,Python,sksurv_CoxnetSurvivalAnalysis,Penalized Cox,0.2060071153339138,0.5812754409769335,1.367126226425171,success,
setting1_highdim_s50,highdim,41,500,500,50.0,0.3,Python,sksurv_RandomSurvivalForest,RSF,0.2154460588348084,0.485753052917232,0.8148927688598633,success,
setting1_highdim_s50,highdim,41,500,500,50.0,0.3,Python,sksurv_GradientBoostingSurvivalAnalysis,Boosting,0.255170768562214,0.5248303934871099,12.63238000869751,success,
setting1_highdim_s50,highdim,42,500,500,50.0,0.3,Python,sksurv_CoxnetSurvivalAnalysis,Penalized Cox,0.2036351911060115,0.6441115702479339,1.35980486869812,success,
setting1_highdim_s50,highdim,42,500,500,50.0,0.3,Python,sksurv_RandomSurvivalForest,RSF,0.2099584425384804,0.6097623966942148,0.7940559387207031,success,
setting1_highdim_s50,highdim,42,500,500,50.0,0.3,Python,sksurv_GradientBoostingSurvivalAnalysis,Boosting,0.2263136930704911,0.6304235537190083,12.587974071502686,success,
setting1_highdim_s50,highdim,43,500,500,50.0,0.3,Python,sksurv_CoxnetSurvivalAnalysis,Penalized Cox,0.1801002650281108,0.6423714985042154,1.4569854736328125,success,
setting1_highdim_s50,highdim,43,500,500,50.0,0.3,Python,sksurv_RandomSurvivalForest,RSF,0.1944645120600668,0.5882512918139788,0.787071943283081,success,
setting1_highdim_s50,highdim,43,500,500,50.0,0.3,Python,sksurv_GradientBoostingSurvivalAnalysis,Boosting,0.2011557915086037,0.5893391351645363,12.575499296188354,success,
setting1_highdim_s50,highdim,44,500,500,50.0,0.3,Python,sksurv_CoxnetSurvivalAnalysis,Penalized Cox,0.201028845704556,0.6549462083442666,1.3839704990386963,success,
setting1_highdim_s50,highdim,44,500,500,50.0,0.3,Python,sksurv_RandomSurvivalForest,RSF,0.209787861387496,0.6289687745998426,0.8131928443908691,success,
setting1_highdim_s50,highdim,44,500,500,50.0,0.3,Python,sksurv_GradientBoostingSurvivalAnalysis,Boosting,0.234288348342427,0.5932826029913408,12.829089164733888,success,
setting1_highdim_s50,highdim,45,500,500,50.0,0.3,Python,sksurv_CoxnetSurvivalAnalysis,Penalized Cox,0.2087984670540248,0.6093790935289495,0.9353303909301758,success,
setting1_highdim_s50,highdim,45,500,500,50.0,0.3,Python,sksurv_RandomSurvivalForest,RSF,0.2170029265690492,0.5541000785957558,0.79579758644104,success,
setting1_highdim_s50,highdim,45,500,500,50.0,0.3,Python,sksurv_GradientBoostingSurvivalAnalysis,Boosting,0.2506483762088435,0.5734870317002881,12.563677549362184,success,
setting1_highdim_s50,highdim,46,500,500,50.0,0.3,Python,sksurv_CoxnetSurvivalAnalysis,Penalized Cox,0.1980872733144412,0.5901639344262295,1.2704520225524902,success,
setting1_highdim_s50,highdim,46,500,500,50.0,0.3,Python,sksurv_RandomSurvivalForest,RSF,0.200767648558672,0.5620608899297423,0.8341050148010254,success,
setting1_highdim_s50,highdim,46,500,500,50.0,0.3,Python,sksurv_GradientBoostingSurvivalAnalysis,Boosting,0.2272618365442096,0.4795081967213114,12.60437512397766,success,
setting1_highdim_s50,highdim,47,500,500,50.0,0.3,Python,sksurv_CoxnetSurvivalAnalysis,Penalized Cox,0.1881077034367325,0.5803452855245684,1.4572303295135498,success,
setting1_highdim_s50,highdim,47,500,500,50.0,0.3,Python,sksurv_RandomSurvivalForest,RSF,0.1796935941096625,0.500332005312085,0.8337440490722656,success,
setting1_highdim_s50,highdim,47,500,500,50.0,0.3,Python,sksurv_GradientBoostingSurvivalAnalysis,Boosting,0.1823766312052439,0.5913014608233732,12.57305145263672,success,
setting1_highdim_s50,highdim,48,500,500,50.0,0.3,Python,sksurv_CoxnetSurvivalAnalysis,Penalized Cox,0.1847703670614566,0.6615293420272673,1.2762084007263184,success,
setting1_highdim_s50,highdim,48,500,500,50.0,0.3,Python,sksurv_RandomSurvivalForest,RSF,0.1963913960454703,0.5163011262596325,0.8272945880889893,success,
setting1_highdim_s50,highdim,48,500,500,50.0,0.3,Python,sksurv_GradientBoostingSurvivalAnalysis,Boosting,0.2246277998409558,0.5655008891523414,12.700381517410278,success,
setting1_highdim_s50,highdim,49,500,500,50.0,0.3,Python,sksurv_CoxnetSurvivalAnalysis,Penalized Cox,0.2135911510130904,0.5743483412322274,1.408674955368042,success,
setting1_highdim_s50,highdim,49,500,500,50.0,0.3,Python,sksurv_RandomSurvivalForest,RSF,0.2224672427189283,0.4875592417061611,0.8087246417999268,success,
setting1_highdim_s50,highdim,49,500,500,50.0,0.3,Python,sksurv_GradientBoostingSurvivalAnalysis,Boosting,0.287859354472016,0.495260663507109,12.627434492111206,success,
setting1_highdim_s50,highdim,50,500,500,50.0,0.3,Python,sksurv_CoxnetSurvivalAnalysis,Penalized Cox,0.2106012301263642,0.5903485254691689,1.6363201141357422,success,
setting1_highdim_s50,highdim,50,500,500,50.0,0.3,Python,sksurv_RandomSurvivalForest,RSF,0.2160262313199973,0.5155495978552279,0.8029913902282715,success,
setting1_highdim_s50,highdim,50,500,500,50.0,0.3,Python,sksurv_GradientBoostingSurvivalAnalysis,Boosting,0.2842035145772435,0.4941018766756032,12.57675552368164,success,
setting2_smooth_nonlinear,nonlinear,1,500,50,,0.3,Python,lifelines_CoxPHFitter,CoxPH,0.2181635810830679,0.6009363811622143,0.136279821395874,success,
setting2_smooth_nonlinear,nonlinear,1,500,50,,0.3,Python,sksurv_RandomSurvivalForest,RSF,0.2055522091951966,0.6262737537868356,0.333914041519165,success,
setting2_smooth_nonlinear,nonlinear,1,500,50,,0.3,Python,sksurv_GradientBoostingSurvivalAnalysis,Boosting,0.2152838433029957,0.6411456898925916,1.6856176853179932,success,
setting2_smooth_nonlinear,nonlinear,2,500,50,,0.3,Python,lifelines_CoxPHFitter,CoxPH,0.2256895521208159,0.5400593471810089,0.1138389110565185,success,
setting2_smooth_nonlinear,nonlinear,2,500,50,,0.3,Python,sksurv_RandomSurvivalForest,RSF,0.1980789265326682,0.5937415700026976,0.3442847728729248,success,
setting2_smooth_nonlinear,nonlinear,2,500,50,,0.3,Python,sksurv_GradientBoostingSurvivalAnalysis,Boosting,0.2034688220575247,0.6282708389533316,1.6850011348724363,success,
setting2_smooth_nonlinear,nonlinear,3,500,50,,0.3,Python,lifelines_CoxPHFitter,CoxPH,0.2268398953315147,0.5839237057220709,0.1150298118591308,success,
setting2_smooth_nonlinear,nonlinear,3,500,50,,0.3,Python,sksurv_RandomSurvivalForest,RSF,0.2019506184007405,0.6329700272479564,0.3312628269195556,success,
setting2_smooth_nonlinear,nonlinear,3,500,50,,0.3,Python,sksurv_GradientBoostingSurvivalAnalysis,Boosting,0.2104989120025622,0.6779291553133515,1.6780359745025637,success,
setting2_smooth_nonlinear,nonlinear,4,500,50,,0.3,Python,lifelines_CoxPHFitter,CoxPH,0.2478746106631738,0.5072770574225985,0.1152942180633544,success,
setting2_smooth_nonlinear,nonlinear,4,500,50,,0.3,Python,sksurv_RandomSurvivalForest,RSF,0.1984784638345668,0.6282085207726912,0.3400657176971435,success,
setting2_smooth_nonlinear,nonlinear,4,500,50,,0.3,Python,sksurv_GradientBoostingSurvivalAnalysis,Boosting,0.195442131318094,0.6604921937020376,1.693629264831543,success,
setting2_smooth_nonlinear,nonlinear,5,500,50,,0.3,Python,lifelines_CoxPHFitter,CoxPH,0.2314726247057266,0.5455522708949208,0.1136636734008789,success,
setting2_smooth_nonlinear,nonlinear,5,500,50,,0.3,Python,sksurv_RandomSurvivalForest,RSF,0.1841795264195744,0.6898683149690943,0.3404507637023926,success,
setting2_smooth_nonlinear,nonlinear,5,500,50,,0.3,Python,sksurv_GradientBoostingSurvivalAnalysis,Boosting,0.1715519339075713,0.7119054017737168,1.679870843887329,success,
setting2_smooth_nonlinear,nonlinear,6,500,50,,0.3,Python,lifelines_CoxPHFitter,CoxPH,0.2054728013218276,0.6074792243767313,0.1143686771392822,success,
setting2_smooth_nonlinear,nonlinear,6,500,50,,0.3,Python,sksurv_RandomSurvivalForest,RSF,0.179429878798825,0.692797783933518,0.3276340961456299,success,
setting2_smooth_nonlinear,nonlinear,6,500,50,,0.3,Python,sksurv_GradientBoostingSurvivalAnalysis,Boosting,0.1621733989190425,0.7080332409972299,1.687495231628418,success,
setting2_smooth_nonlinear,nonlinear,7,500,50,,0.3,Python,lifelines_CoxPHFitter,CoxPH,0.1922818934487783,0.5776547907298513,0.1161925792694091,success,
setting2_smooth_nonlinear,nonlinear,7,500,50,,0.3,Python,sksurv_RandomSurvivalForest,RSF,0.1740285344082971,0.614666205465237,0.3440182209014892,success,
setting2_smooth_nonlinear,nonlinear,7,500,50,,0.3,Python,sksurv_GradientBoostingSurvivalAnalysis,Boosting,0.2080050121982181,0.6022137668626772,1.699605941772461,success,
setting2_smooth_nonlinear,nonlinear,8,500,50,,0.3,Python,lifelines_CoxPHFitter,CoxPH,0.2434907759671724,0.5532039976484421,0.1133308410644531,success,
setting2_smooth_nonlinear,nonlinear,8,500,50,,0.3,Python,sksurv_RandomSurvivalForest,RSF,0.1897888344535973,0.6196355085243974,0.3336939811706543,success,
setting2_smooth_nonlinear,nonlinear,8,500,50,,0.3,Python,sksurv_GradientBoostingSurvivalAnalysis,Boosting,0.231814601544907,0.5843621399176955,1.6863460540771484,success,
setting2_smooth_nonlinear,nonlinear,9,500,50,,0.3,Python,lifelines_CoxPHFitter,CoxPH,0.2395434726559692,0.5433174854727945,0.1049864292144775,success,
setting2_smooth_nonlinear,nonlinear,9,500,50,,0.3,Python,sksurv_RandomSurvivalForest,RSF,0.2060563196008405,0.5723718964606445,0.3562560081481933,success,
setting2_smooth_nonlinear,nonlinear,9,500,50,,0.3,Python,sksurv_GradientBoostingSurvivalAnalysis,Boosting,0.2386307613906265,0.5665610142630745,1.682626724243164,success,
setting2_smooth_nonlinear,nonlinear,10,500,50,,0.3,Python,lifelines_CoxPHFitter,CoxPH,0.2406404560371501,0.5374188082462581,0.1140956878662109,success,
setting2_smooth_nonlinear,nonlinear,10,500,50,,0.3,Python,sksurv_RandomSurvivalForest,RSF,0.2033796851755705,0.5899463428410053,0.3371648788452148,success,
setting2_smooth_nonlinear,nonlinear,10,500,50,,0.3,Python,sksurv_GradientBoostingSurvivalAnalysis,Boosting,0.2335664148575048,0.5690482914430952,1.696401596069336,success,
setting2_smooth_nonlinear,nonlinear,11,500,50,,0.3,Python,lifelines_CoxPHFitter,CoxPH,0.1893934454874826,0.5963275135460566,0.1048667430877685,success,
setting2_smooth_nonlinear,nonlinear,11,500,50,,0.3,Python,sksurv_RandomSurvivalForest,RSF,0.175001142025065,0.6303431667670079,0.3338837623596191,success,
setting2_smooth_nonlinear,nonlinear,11,500,50,,0.3,Python,sksurv_GradientBoostingSurvivalAnalysis,Boosting,0.1720989661591625,0.6372667068031307,1.682844638824463,success,
setting2_smooth_nonlinear,nonlinear,12,500,50,,0.3,Python,lifelines_CoxPHFitter,CoxPH,0.220860570861046,0.518075639599555,0.1121008396148681,success,
setting2_smooth_nonlinear,nonlinear,12,500,50,,0.3,Python,sksurv_RandomSurvivalForest,RSF,0.1965484830743684,0.6023359288097887,0.3390572071075439,success,
setting2_smooth_nonlinear,nonlinear,12,500,50,,0.3,Python,sksurv_GradientBoostingSurvivalAnalysis,Boosting,0.1970081315492541,0.6404338153503893,1.7072601318359375,success,
setting2_smooth_nonlinear,nonlinear,13,500,50,,0.3,Python,lifelines_CoxPHFitter,CoxPH,0.2228577979530192,0.6024433698142021,0.1137781143188476,success,
setting2_smooth_nonlinear,nonlinear,13,500,50,,0.3,Python,sksurv_RandomSurvivalForest,RSF,0.2034644072404625,0.6884703486892338,0.3399219512939453,success,
setting2_smooth_nonlinear,nonlinear,13,500,50,,0.3,Python,sksurv_GradientBoostingSurvivalAnalysis,Boosting,0.2074668016835283,0.6927971494018834,1.6951375007629397,success,
setting2_smooth_nonlinear,nonlinear,14,500,50,,0.3,Python,lifelines_CoxPHFitter,CoxPH,0.2279725303908988,0.5687387155016765,0.1073861122131347,success,
setting2_smooth_nonlinear,nonlinear,14,500,50,,0.3,Python,sksurv_RandomSurvivalForest,RSF,0.1997818887289522,0.6151663657467114,0.3451476097106933,success,
setting2_smooth_nonlinear,nonlinear,14,500,50,,0.3,Python,sksurv_GradientBoostingSurvivalAnalysis,Boosting,0.2042565562802589,0.6481815836987361,1.687119483947754,success,
setting2_smooth_nonlinear,nonlinear,15,500,50,,0.3,Python,lifelines_CoxPHFitter,CoxPH,0.2230473448497288,0.6182956711135311,0.1127748489379882,success,
setting2_smooth_nonlinear,nonlinear,15,500,50,,0.3,Python,sksurv_RandomSurvivalForest,RSF,0.189170518233784,0.6994282602777021,0.3332681655883789,success,
setting2_smooth_nonlinear,nonlinear,15,500,50,,0.3,Python,sksurv_GradientBoostingSurvivalAnalysis,Boosting,0.1872073719240364,0.7165804519466377,1.7049169540405271,success,
setting2_smooth_nonlinear,nonlinear,16,500,50,,0.3,Python,lifelines_CoxPHFitter,CoxPH,0.2486577833245098,0.5821437212678442,0.10365891456604,success,
setting2_smooth_nonlinear,nonlinear,16,500,50,,0.3,Python,sksurv_RandomSurvivalForest,RSF,0.1953347287828647,0.7142511492862328,0.3504908084869385,success,
setting2_smooth_nonlinear,nonlinear,16,500,50,,0.3,Python,sksurv_GradientBoostingSurvivalAnalysis,Boosting,0.2034369586552411,0.7120735543188967,1.682464599609375,success,
setting2_smooth_nonlinear,nonlinear,17,500,50,,0.3,Python,lifelines_CoxPHFitter,CoxPH,0.2135031487269034,0.5927820403523728,0.1691198348999023,success,
setting2_smooth_nonlinear,nonlinear,17,500,50,,0.3,Python,sksurv_RandomSurvivalForest,RSF,0.1873435472538932,0.6541631145211708,0.3455803394317627,success,
setting2_smooth_nonlinear,nonlinear,17,500,50,,0.3,Python,sksurv_GradientBoostingSurvivalAnalysis,Boosting,0.1975490088496199,0.6868428530832623,1.6883962154388428,success,
setting2_smooth_nonlinear,nonlinear,18,500,50,,0.3,Python,lifelines_CoxPHFitter,CoxPH,0.1996254765386315,0.6066323613493425,0.1143660545349121,success,
setting2_smooth_nonlinear,nonlinear,18,500,50,,0.3,Python,sksurv_RandomSurvivalForest,RSF,0.1849258677059369,0.6698113207547169,0.3348374366760254,success,
setting2_smooth_nonlinear,nonlinear,18,500,50,,0.3,Python,sksurv_GradientBoostingSurvivalAnalysis,Boosting,0.1724820889586519,0.7055460263007433,1.689854621887207,success,
setting2_smooth_nonlinear,nonlinear,19,500,50,,0.3,Python,lifelines_CoxPHFitter,CoxPH,0.2380296030677829,0.5273282442748092,0.1144812107086181,success,
setting2_smooth_nonlinear,nonlinear,19,500,50,,0.3,Python,sksurv_RandomSurvivalForest,RSF,0.1918029625389584,0.5853435114503817,0.342670202255249,success,
setting2_smooth_nonlinear,nonlinear,19,500,50,,0.3,Python,sksurv_GradientBoostingSurvivalAnalysis,Boosting,0.1908300183338599,0.6757251908396946,1.6996774673461914,success,
setting2_smooth_nonlinear,nonlinear,20,500,50,,0.3,Python,lifelines_CoxPHFitter,CoxPH,0.1976352320362105,0.5604128718882817,0.1139180660247802,success,
setting2_smooth_nonlinear,nonlinear,20,500,50,,0.3,Python,sksurv_RandomSurvivalForest,RSF,0.1789348582746149,0.6177899210686096,0.3407790660858154,success,
setting2_smooth_nonlinear,nonlinear,20,500,50,,0.3,Python,sksurv_GradientBoostingSurvivalAnalysis,Boosting,0.1870167131080471,0.6190042501517912,1.6898443698883057,success,
setting2_smooth_nonlinear,nonlinear,21,500,50,,0.3,Python,lifelines_CoxPHFitter,CoxPH,0.2377318261998425,0.5687873844480696,0.1036078929901123,success,
setting2_smooth_nonlinear,nonlinear,21,500,50,,0.3,Python,sksurv_RandomSurvivalForest,RSF,0.2165598373395905,0.6283306144643828,0.3350305557250976,success,
setting2_smooth_nonlinear,nonlinear,21,500,50,,0.3,Python,sksurv_GradientBoostingSurvivalAnalysis,Boosting,0.237057939797093,0.6027732463295269,1.6792771816253662,success,
setting2_smooth_nonlinear,nonlinear,22,500,50,,0.3,Python,lifelines_CoxPHFitter,CoxPH,0.2060706231899027,0.6025965801139962,0.1113255023956298,success,
setting2_smooth_nonlinear,nonlinear,22,500,50,,0.3,Python,sksurv_RandomSurvivalForest,RSF,0.1729454353520136,0.6336288790373654,0.3463828563690185,success,
setting2_smooth_nonlinear,nonlinear,22,500,50,,0.3,Python,sksurv_GradientBoostingSurvivalAnalysis,Boosting,0.1703081978287273,0.6570614312856238,1.7146096229553225,success,
setting2_smooth_nonlinear,nonlinear,23,500,50,,0.3,Python,lifelines_CoxPHFitter,CoxPH,0.2011740637127313,0.6076335877862595,0.113457441329956,success,
setting2_smooth_nonlinear,nonlinear,23,500,50,,0.3,Python,sksurv_RandomSurvivalForest,RSF,0.1854509285877564,0.6122137404580152,0.3349728584289551,success,
setting2_smooth_nonlinear,nonlinear,23,500,50,,0.3,Python,sksurv_GradientBoostingSurvivalAnalysis,Boosting,0.1940010947463061,0.6311450381679389,1.6903679370880127,success,
setting2_smooth_nonlinear,nonlinear,24,500,50,,0.3,Python,lifelines_CoxPHFitter,CoxPH,0.2021984289788769,0.6078811369509044,0.1140825748443603,success,
setting2_smooth_nonlinear,nonlinear,24,500,50,,0.3,Python,sksurv_RandomSurvivalForest,RSF,0.1795448295060917,0.6908914728682171,0.3604583740234375,success,
setting2_smooth_nonlinear,nonlinear,24,500,50,,0.3,Python,sksurv_GradientBoostingSurvivalAnalysis,Boosting,0.2048215036846755,0.6757105943152455,1.683868169784546,success,
setting2_smooth_nonlinear,nonlinear,25,500,50,,0.3,Python,lifelines_CoxPHFitter,CoxPH,0.2270166334473207,0.6204552172627845,0.1139667034149169,success,
setting2_smooth_nonlinear,nonlinear,25,500,50,,0.3,Python,sksurv_RandomSurvivalForest,RSF,0.1883580441276217,0.6905113804315696,0.3286454677581787,success,
setting2_smooth_nonlinear,nonlinear,25,500,50,,0.3,Python,sksurv_GradientBoostingSurvivalAnalysis,Boosting,0.1929519106384493,0.7120898610700561,1.6823554039001465,success,
setting2_smooth_nonlinear,nonlinear,26,500,50,,0.3,Python,lifelines_CoxPHFitter,CoxPH,0.2282678176839754,0.6012542461458061,0.1131753921508789,success,
setting2_smooth_nonlinear,nonlinear,26,500,50,,0.3,Python,sksurv_RandomSurvivalForest,RSF,0.2085489659525254,0.682257643062451,0.3338022232055664,success,
setting2_smooth_nonlinear,nonlinear,26,500,50,,0.3,Python,sksurv_GradientBoostingSurvivalAnalysis,Boosting,0.2218550239760365,0.6767703161745493,1.6786184310913086,success,
setting2_smooth_nonlinear,nonlinear,27,500,50,,0.3,Python,lifelines_CoxPHFitter,CoxPH,0.2189203754316471,0.6087198000555402,0.1129727363586425,success,
setting2_smooth_nonlinear,nonlinear,27,500,50,,0.3,Python,sksurv_RandomSurvivalForest,RSF,0.2043562825100518,0.645931685642877,0.3350226879119873,success,
setting2_smooth_nonlinear,nonlinear,27,500,50,,0.3,Python,sksurv_GradientBoostingSurvivalAnalysis,Boosting,0.2072521305749988,0.690363787836712,1.687370777130127,success,
setting2_smooth_nonlinear,nonlinear,28,500,50,,0.3,Python,lifelines_CoxPHFitter,CoxPH,0.2453196233399346,0.5433558558558559,0.1141242980957031,success,
setting2_smooth_nonlinear,nonlinear,28,500,50,,0.3,Python,sksurv_RandomSurvivalForest,RSF,0.2045349427243176,0.5777027027027027,0.3403899669647217,success,
setting2_smooth_nonlinear,nonlinear,28,500,50,,0.3,Python,sksurv_GradientBoostingSurvivalAnalysis,Boosting,0.2265879739033432,0.6272522522522522,1.6806306838989258,success,
setting2_smooth_nonlinear,nonlinear,29,500,50,,0.3,Python,lifelines_CoxPHFitter,CoxPH,0.2312737304924542,0.5549722951297754,0.1152019500732421,success,
setting2_smooth_nonlinear,nonlinear,29,500,50,,0.3,Python,sksurv_RandomSurvivalForest,RSF,0.19213162905751,0.6552930883639545,0.335418701171875,success,
setting2_smooth_nonlinear,nonlinear,29,500,50,,0.3,Python,sksurv_GradientBoostingSurvivalAnalysis,Boosting,0.2076427976455096,0.6620005832604258,1.7088782787322998,success,
setting2_smooth_nonlinear,nonlinear,30,500,50,,0.3,Python,lifelines_CoxPHFitter,CoxPH,0.2109143488857191,0.6032411288069293,0.1138327121734619,success,
setting2_smooth_nonlinear,nonlinear,30,500,50,,0.3,Python,sksurv_RandomSurvivalForest,RSF,0.1758676111885602,0.6792400111763063,0.3248715400695801,success,
setting2_smooth_nonlinear,nonlinear,30,500,50,,0.3,Python,sksurv_GradientBoostingSurvivalAnalysis,Boosting,0.1938573859593499,0.6549315451243364,1.6992247104644775,success,
setting2_smooth_nonlinear,nonlinear,31,500,50,,0.3,Python,lifelines_CoxPHFitter,CoxPH,0.2013705343053219,0.6162697350816163,0.1129868030548095,success,
setting2_smooth_nonlinear,nonlinear,31,500,50,,0.3,Python,sksurv_RandomSurvivalForest,RSF,0.1922005861502166,0.6569440727856569,0.3449742794036865,success,
setting2_smooth_nonlinear,nonlinear,31,500,50,,0.3,Python,sksurv_GradientBoostingSurvivalAnalysis,Boosting,0.2028627008927616,0.6786192132726786,1.7033812999725342,success,
setting2_smooth_nonlinear,nonlinear,32,500,50,,0.3,Python,lifelines_CoxPHFitter,CoxPH,0.2288628762166642,0.5523306948109059,0.1139013767242431,success,
setting2_smooth_nonlinear,nonlinear,32,500,50,,0.3,Python,sksurv_RandomSurvivalForest,RSF,0.1917144390989322,0.6311931984755204,0.3503792285919189,success,
setting2_smooth_nonlinear,nonlinear,32,500,50,,0.3,Python,sksurv_GradientBoostingSurvivalAnalysis,Boosting,0.1868169036383793,0.6807387862796834,1.7020387649536133,success,
setting2_smooth_nonlinear,nonlinear,33,500,50,,0.3,Python,lifelines_CoxPHFitter,CoxPH,0.2252783885622226,0.5396249243799153,0.1140596866607666,success,
setting2_smooth_nonlinear,nonlinear,33,500,50,,0.3,Python,sksurv_RandomSurvivalForest,RSF,0.1867480785229192,0.6497277676950998,0.3478164672851562,success,
setting2_smooth_nonlinear,nonlinear,33,500,50,,0.3,Python,sksurv_GradientBoostingSurvivalAnalysis,Boosting,0.2051196835706359,0.6264367816091954,1.692817449569702,success,
setting2_smooth_nonlinear,nonlinear,34,500,50,,0.3,Python,lifelines_CoxPHFitter,CoxPH,0.2137192633981602,0.5853729603729604,0.1135671138763427,success,
setting2_smooth_nonlinear,nonlinear,34,500,50,,0.3,Python,sksurv_RandomSurvivalForest,RSF,0.1816602351914386,0.6657925407925408,0.3311226367950439,success,
setting2_smooth_nonlinear,nonlinear,34,500,50,,0.3,Python,sksurv_GradientBoostingSurvivalAnalysis,Boosting,0.1812824943824881,0.7071678321678322,1.680729866027832,success,
setting2_smooth_nonlinear,nonlinear,35,500,50,,0.3,Python,lifelines_CoxPHFitter,CoxPH,0.1874554729229017,0.619520748100526,0.1147079467773437,success,
setting2_smooth_nonlinear,nonlinear,35,500,50,,0.3,Python,sksurv_RandomSurvivalForest,RSF,0.1765703972331727,0.6861484511981297,0.3353784084320068,success,
setting2_smooth_nonlinear,nonlinear,35,500,50,,0.3,Python,sksurv_GradientBoostingSurvivalAnalysis,Boosting,0.1737827501165609,0.673874926943308,1.6899659633636477,success,
setting2_smooth_nonlinear,nonlinear,36,500,50,,0.3,Python,lifelines_CoxPHFitter,CoxPH,0.2395503159016648,0.6015057113187954,0.1133115291595459,success,
setting2_smooth_nonlinear,nonlinear,36,500,50,,0.3,Python,sksurv_RandomSurvivalForest,RSF,0.2085176372818305,0.642263759086189,0.3455736637115478,success,
setting2_smooth_nonlinear,nonlinear,36,500,50,,0.3,Python,sksurv_GradientBoostingSurvivalAnalysis,Boosting,0.2091332293840149,0.6747144340602285,1.68898606300354,success,
setting2_smooth_nonlinear,nonlinear,37,500,50,,0.3,Python,lifelines_CoxPHFitter,CoxPH,0.2283045179623163,0.6019063638912251,0.1132395267486572,success,
setting2_smooth_nonlinear,nonlinear,37,500,50,,0.3,Python,sksurv_RandomSurvivalForest,RSF,0.1939306381823379,0.6355480796187272,0.3352158069610595,success,
setting2_smooth_nonlinear,nonlinear,37,500,50,,0.3,Python,sksurv_GradientBoostingSurvivalAnalysis,Boosting,0.2028981039584995,0.6498458088029156,1.6777064800262451,success,
setting2_smooth_nonlinear,nonlinear,38,500,50,,0.3,Python,lifelines_CoxPHFitter,CoxPH,0.234379037262872,0.572427863596619,0.113908052444458,success,
setting2_smooth_nonlinear,nonlinear,38,500,50,,0.3,Python,sksurv_RandomSurvivalForest,RSF,0.2061087685298025,0.6178956572427864,0.3326678276062011,success,
setting2_smooth_nonlinear,nonlinear,38,500,50,,0.3,Python,sksurv_GradientBoostingSurvivalAnalysis,Boosting,0.2128717053805135,0.6621976100262315,1.6981420516967771,success,
setting2_smooth_nonlinear,nonlinear,39,500,50,,0.3,Python,lifelines_CoxPHFitter,CoxPH,0.238296126013157,0.6177673874926943,0.1125779151916503,success,
setting2_smooth_nonlinear,nonlinear,39,500,50,,0.3,Python,sksurv_RandomSurvivalForest,RSF,0.1959578408738643,0.6893629456458211,0.334977388381958,success,
setting2_smooth_nonlinear,nonlinear,39,500,50,,0.3,Python,sksurv_GradientBoostingSurvivalAnalysis,Boosting,0.2052099675649637,0.6984219754529515,1.680983066558838,success,
setting2_smooth_nonlinear,nonlinear,40,500,50,,0.3,Python,lifelines_CoxPHFitter,CoxPH,0.2297028237769071,0.5299526330454165,0.1480476856231689,success,
setting2_smooth_nonlinear,nonlinear,40,500,50,,0.3,Python,sksurv_RandomSurvivalForest,RSF,0.186218148808263,0.60490387294511,0.3356869220733642,success,
setting2_smooth_nonlinear,nonlinear,40,500,50,,0.3,Python,sksurv_GradientBoostingSurvivalAnalysis,Boosting,0.1922572359911483,0.6260796879353581,1.6925272941589355,success,
setting2_smooth_nonlinear,nonlinear,41,500,50,,0.3,Python,lifelines_CoxPHFitter,CoxPH,0.2461492561794598,0.5417564655172413,0.1138393878936767,success,
setting2_smooth_nonlinear,nonlinear,41,500,50,,0.3,Python,sksurv_RandomSurvivalForest,RSF,0.2006706998952274,0.6174568965517241,0.3439624309539795,success,
setting2_smooth_nonlinear,nonlinear,41,500,50,,0.3,Python,sksurv_GradientBoostingSurvivalAnalysis,Boosting,0.1893285137373598,0.6721443965517241,1.6937263011932373,success,
setting2_smooth_nonlinear,nonlinear,42,500,50,,0.3,Python,lifelines_CoxPHFitter,CoxPH,0.2242832416119606,0.569920091324201,0.1132311820983886,success,
setting2_smooth_nonlinear,nonlinear,42,500,50,,0.3,Python,sksurv_RandomSurvivalForest,RSF,0.1878417594565017,0.6144406392694064,0.3370821475982666,success,
setting2_smooth_nonlinear,nonlinear,42,500,50,,0.3,Python,sksurv_GradientBoostingSurvivalAnalysis,Boosting,0.2033672340751949,0.6247146118721462,1.7096819877624512,success,
setting2_smooth_nonlinear,nonlinear,43,500,50,,0.3,Python,lifelines_CoxPHFitter,CoxPH,0.1947496113937768,0.6628161098969716,0.1131427288055419,success,
setting2_smooth_nonlinear,nonlinear,43,500,50,,0.3,Python,sksurv_RandomSurvivalForest,RSF,0.1684951758883758,0.6871682797377459,0.33538818359375,success,
setting2_smooth_nonlinear,nonlinear,43,500,50,,0.3,Python,sksurv_GradientBoostingSurvivalAnalysis,Boosting,0.1772245298280806,0.6734311582891039,1.6882665157318115,success,
setting2_smooth_nonlinear,nonlinear,44,500,50,,0.3,Python,lifelines_CoxPHFitter,CoxPH,0.245904059956397,0.5294590251740761,0.1122980117797851,success,
setting2_smooth_nonlinear,nonlinear,44,500,50,,0.3,Python,sksurv_RandomSurvivalForest,RSF,0.2000377366059926,0.5942688805570434,0.3403754234313965,success,
setting2_smooth_nonlinear,nonlinear,44,500,50,,0.3,Python,sksurv_GradientBoostingSurvivalAnalysis,Boosting,0.1973597715158712,0.6531869309051955,1.6899104118347168,success,
setting2_smooth_nonlinear,nonlinear,45,500,50,,0.3,Python,lifelines_CoxPHFitter,CoxPH,0.2150241120708481,0.6081596712650426,0.1160225868225097,success,
setting2_smooth_nonlinear,nonlinear,45,500,50,,0.3,Python,sksurv_RandomSurvivalForest,RSF,0.190584311542733,0.6850601702377458,0.3368532657623291,success,
setting2_smooth_nonlinear,nonlinear,45,500,50,,0.3,Python,sksurv_GradientBoostingSurvivalAnalysis,Boosting,0.2077388186109875,0.6536542412679777,1.6880569458007812,success,
setting2_smooth_nonlinear,nonlinear,46,500,50,,0.3,Python,lifelines_CoxPHFitter,CoxPH,0.229095735456585,0.5778975741239892,0.113551378250122,success,
setting2_smooth_nonlinear,nonlinear,46,500,50,,0.3,Python,sksurv_RandomSurvivalForest,RSF,0.2055605277704363,0.6161725067385445,0.3286347389221191,success,
setting2_smooth_nonlinear,nonlinear,46,500,50,,0.3,Python,sksurv_GradientBoostingSurvivalAnalysis,Boosting,0.2194857026010382,0.6474393530997304,1.6866939067840576,success,
setting2_smooth_nonlinear,nonlinear,47,500,50,,0.3,Python,lifelines_CoxPHFitter,CoxPH,0.2102372884093483,0.6008158508158508,0.1136493682861328,success,
setting2_smooth_nonlinear,nonlinear,47,500,50,,0.3,Python,sksurv_RandomSurvivalForest,RSF,0.1821782708947525,0.6349067599067599,0.3290538787841797,success,
setting2_smooth_nonlinear,nonlinear,47,500,50,,0.3,Python,sksurv_GradientBoostingSurvivalAnalysis,Boosting,0.1869272661751644,0.6165501165501166,1.688474178314209,success,
setting2_smooth_nonlinear,nonlinear,48,500,50,,0.3,Python,lifelines_CoxPHFitter,CoxPH,0.1914522696574442,0.634620886981402,0.1142010688781738,success,
setting2_smooth_nonlinear,nonlinear,48,500,50,,0.3,Python,sksurv_RandomSurvivalForest,RSF,0.1763933262957822,0.709585121602289,0.3341460227966308,success,
setting2_smooth_nonlinear,nonlinear,48,500,50,,0.3,Python,sksurv_GradientBoostingSurvivalAnalysis,Boosting,0.1636155764188402,0.7430615164520744,1.6833019256591797,success,
setting2_smooth_nonlinear,nonlinear,49,500,50,,0.3,Python,lifelines_CoxPHFitter,CoxPH,0.2305972696616565,0.5568934376881397,0.1144816875457763,success,
setting2_smooth_nonlinear,nonlinear,49,500,50,,0.3,Python,sksurv_RandomSurvivalForest,RSF,0.2085877552299859,0.609271523178808,0.3336262702941894,success,
setting2_smooth_nonlinear,nonlinear,49,500,50,,0.3,Python,sksurv_GradientBoostingSurvivalAnalysis,Boosting,0.2255388563591909,0.621312462372065,1.7075464725494385,success,
setting2_smooth_nonlinear,nonlinear,50,500,50,,0.3,Python,lifelines_CoxPHFitter,CoxPH,0.2503522593695745,0.5425696594427245,0.1115946769714355,success,
setting2_smooth_nonlinear,nonlinear,50,500,50,,0.3,Python,sksurv_RandomSurvivalForest,RSF,0.2152066040825549,0.5913312693498453,0.324582576751709,success,
setting2_smooth_nonlinear,nonlinear,50,500,50,,0.3,Python,sksurv_GradientBoostingSurvivalAnalysis,Boosting,0.2202538507696289,0.6150670794633643,1.7063241004943848,success,
setting1_highdim_s50,highdim,1,500,500,50.0,0.3,R,glmnet_validation_glmnet,Penalized Cox,0.2162801837089968,0.5,2.013,success,
setting1_highdim_s50,highdim,1,500,500,50.0,0.3,R,randomForestSRC_rfsrc,RSF,0.2137921661642136,0.5783563042368556,0.4439999999999999,success,
setting1_highdim_s50,highdim,1,500,500,50.0,0.3,R,gbm_coxph,Boosting,0.2403192544102939,0.5750382848392037,1.7249999999999996,success,
setting1_highdim_s50,highdim,2,500,500,50.0,0.3,R,glmnet_validation_glmnet,Penalized Cox,0.2441436170960892,0.5160170848905499,1.927999999999999,success,
setting1_highdim_s50,highdim,2,500,500,50.0,0.3,R,randomForestSRC_rfsrc,RSF,0.2394837694852407,0.4474105712760278,0.3390000000000004,success,
setting1_highdim_s50,highdim,2,500,500,50.0,0.3,R,gbm_coxph,Boosting,0.3053608424059474,0.4783769353977576,1.7339999999999982,success,
setting1_highdim_s50,highdim,3,500,500,50.0,0.3,R,glmnet_validation_glmnet,Penalized Cox,0.1980329887988803,0.5475987496447854,1.578999999999997,success,
setting1_highdim_s50,highdim,3,500,500,50.0,0.3,R,randomForestSRC_rfsrc,RSF,0.1924187150788969,0.5774367718101734,0.439,success,
setting1_highdim_s50,highdim,3,500,500,50.0,0.3,R,gbm_coxph,Boosting,0.216090192346453,0.5700483091787439,1.6950000000000005,success,
setting1_highdim_s50,highdim,4,500,500,50.0,0.3,R,glmnet_validation_glmnet,Penalized Cox,0.1946155333600773,0.6145326850351162,2.7669999999999995,success,
setting1_highdim_s50,highdim,4,500,500,50.0,0.3,R,randomForestSRC_rfsrc,RSF,0.2068295796580199,0.5607779578606159,0.6430000000000007,success,
setting1_highdim_s50,highdim,4,500,500,50.0,0.3,R,gbm_coxph,Boosting,0.2129161677821755,0.5618584548892491,1.7479999999999976,success,
setting1_highdim_s50,highdim,5,500,500,50.0,0.3,R,glmnet_validation_glmnet,Penalized Cox,0.1756621576368967,0.6368452030606239,2.317999999999998,success,
setting1_highdim_s50,highdim,5,500,500,50.0,0.3,R,randomForestSRC_rfsrc,RSF,0.1959133213350338,0.5173631547969394,0.6340000000000003,success,
setting1_highdim_s50,highdim,5,500,500,50.0,0.3,R,gbm_coxph,Boosting,0.2172462890735107,0.5697469099470276,1.7070000000000007,success,
setting1_highdim_s50,highdim,6,500,500,50.0,0.3,R,glmnet_validation_glmnet,Penalized Cox,0.1909691168788131,0.656121045392022,1.913000000000004,success,
setting1_highdim_s50,highdim,6,500,500,50.0,0.3,R,randomForestSRC_rfsrc,RSF,0.210350580724896,0.5425034387895461,0.3449999999999988,success,
setting1_highdim_s50,highdim,6,500,500,50.0,0.3,R,gbm_coxph,Boosting,0.2468484591245062,0.5653370013755158,1.7309999999999943,success,
setting1_highdim_s50,highdim,7,500,500,50.0,0.3,R,glmnet_validation_glmnet,Penalized Cox,0.1665555066099567,0.6409198113207547,2.192999999999998,success,
setting1_highdim_s50,highdim,7,500,500,50.0,0.3,R,randomForestSRC_rfsrc,RSF,0.1908609628015706,0.5061910377358491,0.3739999999999952,success,
setting1_highdim_s50,highdim,7,500,500,50.0,0.3,R,gbm_coxph,Boosting,0.1911379501626345,0.5760613207547169,1.7049999999999983,success,
setting1_highdim_s50,highdim,8,500,500,50.0,0.3,R,glmnet_validation_glmnet,Penalized Cox,0.2014373742668035,0.5808681227536633,2.080999999999996,success,
setting1_highdim_s50,highdim,8,500,500,50.0,0.3,R,randomForestSRC_rfsrc,RSF,0.2070604754631335,0.5747857340337297,0.6640000000000015,success,
setting1_highdim_s50,highdim,8,500,500,50.0,0.3,R,gbm_coxph,Boosting,0.2364394332828663,0.5631739010229472,1.7580000000000098,success,
setting1_highdim_s50,highdim,9,500,500,50.0,0.3,R,glmnet_validation_glmnet,Penalized Cox,0.2365822573442488,0.5650054171180932,2.128,success,
setting1_highdim_s50,highdim,9,500,500,50.0,0.3,R,randomForestSRC_rfsrc,RSF,0.241367440662955,0.5910075839653304,0.5789999999999935,success,
setting1_highdim_s50,highdim,9,500,500,50.0,0.3,R,gbm_coxph,Boosting,0.2570493089868378,0.5747562296858071,1.7280000000000086,success,
setting1_highdim_s50,highdim,10,500,500,50.0,0.3,R,glmnet_validation_glmnet,Penalized Cox,0.2207969718189645,0.586490939044481,1.7789999999999964,success,
setting1_highdim_s50,highdim,10,500,500,50.0,0.3,R,randomForestSRC_rfsrc,RSF,0.2265309499729915,0.587667686514474,0.3379999999999938,success,
setting1_highdim_s50,highdim,10,500,500,50.0,0.3,R,gbm_coxph,Boosting,0.2451679571286868,0.6295598964462227,1.7710000000000008,success,
setting1_highdim_s50,highdim,11,500,500,50.0,0.3,R,glmnet_validation_glmnet,Penalized Cox,0.1742897906366601,0.7069551777434312,2.4309999999999974,success,
setting1_highdim_s50,highdim,11,500,500,50.0,0.3,R,randomForestSRC_rfsrc,RSF,0.1932580824871887,0.5421947449768161,0.3419999999999987,success,
setting1_highdim_s50,highdim,11,500,500,50.0,0.3,R,gbm_coxph,Boosting,0.1990544347752802,0.61112828438949,1.747,success,
setting1_highdim_s50,highdim,12,500,500,50.0,0.3,R,glmnet_validation_glmnet,Penalized Cox,0.2130694869589179,0.6089489012443738,1.9140000000000013,success,
setting1_highdim_s50,highdim,12,500,500,50.0,0.3,R,randomForestSRC_rfsrc,RSF,0.2267206940481193,0.4884829229547259,0.3930000000000007,success,
setting1_highdim_s50,highdim,12,500,500,50.0,0.3,R,gbm_coxph,Boosting,0.2602453612750218,0.5011914217633042,1.6909999999999883,success,
setting1_highdim_s50,highdim,13,500,500,50.0,0.3,R,glmnet_validation_glmnet,Penalized Cox,0.199235635975402,0.5151162790697674,1.793999999999997,success,
setting1_highdim_s50,highdim,13,500,500,50.0,0.3,R,randomForestSRC_rfsrc,RSF,0.1974591417230151,0.5197674418604652,0.3179999999999978,success,
setting1_highdim_s50,highdim,13,500,500,50.0,0.3,R,gbm_coxph,Boosting,0.224024813795293,0.5787790697674419,1.731999999999999,success,
setting1_highdim_s50,highdim,14,500,500,50.0,0.3,R,glmnet_validation_glmnet,Penalized Cox,0.2111848910459283,0.5,2.4239999999999924,success,
setting1_highdim_s50,highdim,14,500,500,50.0,0.3,R,randomForestSRC_rfsrc,RSF,0.2053558103499634,0.5807495281747102,0.382000000000005,success,
setting1_highdim_s50,highdim,14,500,500,50.0,0.3,R,gbm_coxph,Boosting,0.2645667294266171,0.5365327581558372,1.7210000000000036,success,
setting1_highdim_s50,highdim,15,500,500,50.0,0.3,R,glmnet_validation_glmnet,Penalized Cox,0.1979862609007565,0.6260395755663895,2.0360000000000014,success,
setting1_highdim_s50,highdim,15,500,500,50.0,0.3,R,randomForestSRC_rfsrc,RSF,0.2095542385602448,0.5342701462575279,0.3730000000000046,success,
setting1_highdim_s50,highdim,15,500,500,50.0,0.3,R,gbm_coxph,Boosting,0.2619200615963029,0.4915400057355893,1.7380000000000138,success,
setting1_highdim_s50,highdim,16,500,500,50.0,0.3,R,glmnet_validation_glmnet,Penalized Cox,0.2064559626012914,0.5978638184245662,1.7590000000000146,success,
setting1_highdim_s50,highdim,16,500,500,50.0,0.3,R,randomForestSRC_rfsrc,RSF,0.2112320986442555,0.5404539385847797,0.3919999999999959,success,
setting1_highdim_s50,highdim,16,500,500,50.0,0.3,R,gbm_coxph,Boosting,0.2764089273384939,0.5831775700934579,1.73599999999999,success,
setting1_highdim_s50,highdim,17,500,500,50.0,0.3,R,glmnet_validation_glmnet,Penalized Cox,0.1838397961754208,0.5611127552530335,1.9840000000000089,success,
setting1_highdim_s50,highdim,17,500,500,50.0,0.3,R,randomForestSRC_rfsrc,RSF,0.189057390067944,0.50636282923942,0.38900000000001,success,
setting1_highdim_s50,highdim,17,500,500,50.0,0.3,R,gbm_coxph,Boosting,0.2270259197144238,0.5332938739271974,1.6929999999999836,success,
setting1_highdim_s50,highdim,18,500,500,50.0,0.3,R,glmnet_validation_glmnet,Penalized Cox,0.1977475848233645,0.5477001703577513,2.240999999999985,success,
setting1_highdim_s50,highdim,18,500,500,50.0,0.3,R,randomForestSRC_rfsrc,RSF,0.1984700696642254,0.5343554798409994,0.6080000000000041,success,
setting1_highdim_s50,highdim,18,500,500,50.0,0.3,R,gbm_coxph,Boosting,0.2359748850407471,0.5105053946621239,1.742999999999995,success,
setting1_highdim_s50,highdim,19,500,500,50.0,0.3,R,glmnet_validation_glmnet,Penalized Cox,0.1854374659958245,0.6423277518528685,2.162000000000006,success,
setting1_highdim_s50,highdim,19,500,500,50.0,0.3,R,randomForestSRC_rfsrc,RSF,0.2100492363584881,0.5100192149327477,0.5,success,
setting1_highdim_s50,highdim,19,500,500,50.0,0.3,R,gbm_coxph,Boosting,0.2081757001387318,0.6036233873181444,1.7079999999999984,success,
setting1_highdim_s50,highdim,20,500,500,50.0,0.3,R,glmnet_validation_glmnet,Penalized Cox,0.1994510573713953,0.6006916733173716,2.713999999999998,success,
setting1_highdim_s50,highdim,20,500,500,50.0,0.3,R,randomForestSRC_rfsrc,RSF,0.2092917311458782,0.5559989358872041,0.5099999999999909,success,
setting1_highdim_s50,highdim,20,500,500,50.0,0.3,R,gbm_coxph,Boosting,0.2595809861345048,0.5062516626762437,1.7530000000000143,success,
setting1_highdim_s50,highdim,21,500,500,50.0,0.3,R,glmnet_validation_glmnet,Penalized Cox,0.197596930589059,0.594916849701914,2.188999999999993,success,
setting1_highdim_s50,highdim,21,500,500,50.0,0.3,R,randomForestSRC_rfsrc,RSF,0.2038892002641364,0.5506746156259805,0.3950000000000102,success,
setting1_highdim_s50,highdim,21,500,500,50.0,0.3,R,gbm_coxph,Boosting,0.2444267819713353,0.5221211170379667,1.6810000000000116,success,
setting1_highdim_s50,highdim,22,500,500,50.0,0.3,R,glmnet_validation_glmnet,Penalized Cox,0.1847218454048976,0.6153144940747493,2.5670000000000077,success,
setting1_highdim_s50,highdim,22,500,500,50.0,0.3,R,randomForestSRC_rfsrc,RSF,0.1929638104363008,0.5284108173807354,0.3990000000000009,success,
setting1_highdim_s50,highdim,22,500,500,50.0,0.3,R,gbm_coxph,Boosting,0.2129697155361735,0.5986022485566698,1.7390000000000043,success,
setting1_highdim_s50,highdim,23,500,500,50.0,0.3,R,glmnet_validation_glmnet,Penalized Cox,0.1924241919343107,0.5877217685159111,2.2229999999999848,success,
setting1_highdim_s50,highdim,23,500,500,50.0,0.3,R,randomForestSRC_rfsrc,RSF,0.1959153660455948,0.5280202759785976,0.3689999999999998,success,
setting1_highdim_s50,highdim,23,500,500,50.0,0.3,R,gbm_coxph,Boosting,0.2185091650887775,0.5528020275978598,1.867999999999995,success,
setting1_highdim_s50,highdim,24,500,500,50.0,0.3,R,glmnet_validation_glmnet,Penalized Cox,0.1970082079688335,0.5947235475722705,2.326999999999998,success,
setting1_highdim_s50,highdim,24,500,500,50.0,0.3,R,randomForestSRC_rfsrc,RSF,0.2031585070946321,0.495649733370755,0.3739999999999952,success,
setting1_highdim_s50,highdim,24,500,500,50.0,0.3,R,gbm_coxph,Boosting,0.23349749373222,0.5430816727476846,1.7220000000000084,success,
setting1_highdim_s50,highdim,25,500,500,50.0,0.3,R,glmnet_validation_glmnet,Penalized Cox,0.1890014635222485,0.6689227298364354,2.5389999999999877,success,
setting1_highdim_s50,highdim,25,500,500,50.0,0.3,R,randomForestSRC_rfsrc,RSF,0.2124304170490521,0.5222786238014665,0.3799999999999954,success,
setting1_highdim_s50,highdim,25,500,500,50.0,0.3,R,gbm_coxph,Boosting,0.2432767649669361,0.5800902425267908,1.7469999999999857,success,
setting1_highdim_s50,highdim,26,500,500,50.0,0.3,R,glmnet_validation_glmnet,Penalized Cox,0.1811352211012038,0.7143239625167336,2.3640000000000043,success,
setting1_highdim_s50,highdim,26,500,500,50.0,0.3,R,randomForestSRC_rfsrc,RSF,0.2207840455364075,0.5761713520749665,0.4569999999999936,success,
setting1_highdim_s50,highdim,26,500,500,50.0,0.3,R,gbm_coxph,Boosting,0.2752785996083434,0.6120481927710844,1.925999999999988,success,
setting1_highdim_s50,highdim,27,500,500,50.0,0.3,R,glmnet_validation_glmnet,Penalized Cox,0.211353437862879,0.6366819283598169,1.6129999999999995,success,
setting1_highdim_s50,highdim,27,500,500,50.0,0.3,R,randomForestSRC_rfsrc,RSF,0.2303133923780222,0.5585779692970644,0.3549999999999897,success,
setting1_highdim_s50,highdim,27,500,500,50.0,0.3,R,gbm_coxph,Boosting,0.2276994780837317,0.6458389442499326,1.7079999999999984,success,
setting1_highdim_s50,highdim,28,500,500,50.0,0.3,R,glmnet_validation_glmnet,Penalized Cox,0.1833460771960879,0.655161393416427,1.994,success,
setting1_highdim_s50,highdim,28,500,500,50.0,0.3,R,randomForestSRC_rfsrc,RSF,0.1956134827696916,0.5698306168104825,0.3860000000000241,success,
setting1_highdim_s50,highdim,28,500,500,50.0,0.3,R,gbm_coxph,Boosting,0.2095653944784358,0.559603707254714,1.7180000000000175,success,
setting1_highdim_s50,highdim,29,500,500,50.0,0.3,R,glmnet_validation_glmnet,Penalized Cox,0.1743529172984657,0.6104617182933957,1.739999999999981,success,
setting1_highdim_s50,highdim,29,500,500,50.0,0.3,R,randomForestSRC_rfsrc,RSF,0.1872632796847739,0.5616598480420807,0.3449999999999988,success,
setting1_highdim_s50,highdim,29,500,500,50.0,0.3,R,gbm_coxph,Boosting,0.2308370390783904,0.5195791934541204,1.698999999999984,success,
setting1_highdim_s50,highdim,30,500,500,50.0,0.3,R,glmnet_validation_glmnet,Penalized Cox,0.1749390854418774,0.6284427966101696,1.8660000000000136,success,
setting1_highdim_s50,highdim,30,500,500,50.0,0.3,R,randomForestSRC_rfsrc,RSF,0.1967659536777251,0.6371822033898304,0.4209999999999922,success,
setting1_highdim_s50,highdim,30,500,500,50.0,0.3,R,gbm_coxph,Boosting,0.2281432787321463,0.5240995762711864,1.7139999999999986,success,
setting1_highdim_s50,highdim,31,500,500,50.0,0.3,R,glmnet_validation_glmnet,Penalized Cox,0.1732595464419124,0.6644772851669404,2.050999999999988,success,
setting1_highdim_s50,highdim,31,500,500,50.0,0.3,R,randomForestSRC_rfsrc,RSF,0.2098541525783571,0.4252873563218391,0.4970000000000141,success,
setting1_highdim_s50,highdim,31,500,500,50.0,0.3,R,gbm_coxph,Boosting,0.222364194514535,0.5216201423097975,1.73599999999999,success,
setting1_highdim_s50,highdim,32,500,500,50.0,0.3,R,glmnet_validation_glmnet,Penalized Cox,0.195963815654385,0.690515350877193,1.641999999999996,success,
setting1_highdim_s50,highdim,32,500,500,50.0,0.3,R,randomForestSRC_rfsrc,RSF,0.202807607240281,0.575109649122807,0.3790000000000191,success,
setting1_highdim_s50,highdim,32,500,500,50.0,0.3,R,gbm_coxph,Boosting,0.2066576504758447,0.6387061403508771,1.9039999999999964,success,
setting1_highdim_s50,highdim,33,500,500,50.0,0.3,R,glmnet_validation_glmnet,Penalized Cox,0.1677582244170463,0.7155680224403927,1.9010000000000105,success,
setting1_highdim_s50,highdim,33,500,500,50.0,0.3,R,randomForestSRC_rfsrc,RSF,0.2062961411327408,0.5840112201963534,0.4159999999999968,success,
setting1_highdim_s50,highdim,33,500,500,50.0,0.3,R,gbm_coxph,Boosting,0.2513281989325022,0.5197755960729313,1.742999999999995,success,
setting1_highdim_s50,highdim,34,500,500,50.0,0.3,R,glmnet_validation_glmnet,Penalized Cox,0.1759435882905355,0.6506768687463214,1.6970000000000027,success,
setting1_highdim_s50,highdim,34,500,500,50.0,0.3,R,randomForestSRC_rfsrc,RSF,0.1941079767048369,0.5988816951147734,0.3900000000000432,success,
setting1_highdim_s50,highdim,34,500,500,50.0,0.3,R,gbm_coxph,Boosting,0.2144819620435762,0.6121247792819305,1.7220000000000368,success,
setting1_highdim_s50,highdim,35,500,500,50.0,0.3,R,glmnet_validation_glmnet,Penalized Cox,0.1918859601214129,0.661980631052796,2.2410000000000423,success,
setting1_highdim_s50,highdim,35,500,500,50.0,0.3,R,randomForestSRC_rfsrc,RSF,0.2193556631693388,0.5245235863792566,0.3870000000000004,success,
setting1_highdim_s50,highdim,35,500,500,50.0,0.3,R,gbm_coxph,Boosting,0.3066876794738682,0.6044985941893158,1.6820000000000164,success,
setting1_highdim_s50,highdim,36,500,500,50.0,0.3,R,glmnet_validation_glmnet,Penalized Cox,0.188862471096632,0.6322544642857143,1.6779999999999973,success,
setting1_highdim_s50,highdim,36,500,500,50.0,0.3,R,randomForestSRC_rfsrc,RSF,0.202569945043502,0.57421875,0.3770000000000095,success,
setting1_highdim_s50,highdim,36,500,500,50.0,0.3,R,gbm_coxph,Boosting,0.269415272108773,0.5672433035714286,1.72199999999998,success,
setting1_highdim_s50,highdim,37,500,500,50.0,0.3,R,glmnet_validation_glmnet,Penalized Cox,0.1981471482452507,0.5366456217403239,1.8260000000000216,success,
setting1_highdim_s50,highdim,37,500,500,50.0,0.3,R,randomForestSRC_rfsrc,RSF,0.1978054792452537,0.5248421630524294,0.5039999999999623,success,
setting1_highdim_s50,highdim,37,500,500,50.0,0.3,R,gbm_coxph,Boosting,0.2241656441524293,0.5204501784243756,1.684000000000026,success,
setting1_highdim_s50,highdim,38,500,500,50.0,0.3,R,glmnet_validation_glmnet,Penalized Cox,0.1604898727980747,0.6474618498909996,1.7150000000000318,success,
setting1_highdim_s50,highdim,38,500,500,50.0,0.3,R,randomForestSRC_rfsrc,RSF,0.1771969657189643,0.5459358455309873,0.4249999999999545,success,
setting1_highdim_s50,highdim,38,500,500,50.0,0.3,R,gbm_coxph,Boosting,0.1829326704476722,0.5540330115228901,1.7110000000000127,success,
setting1_highdim_s50,highdim,39,500,500,50.0,0.3,R,glmnet_validation_glmnet,Penalized Cox,0.1990235451080395,0.633524206142634,1.6399999999999864,success,
setting1_highdim_s50,highdim,39,500,500,50.0,0.3,R,randomForestSRC_rfsrc,RSF,0.2111911129275341,0.5372201978136387,0.4710000000000036,success,
setting1_highdim_s50,highdim,39,500,500,50.0,0.3,R,gbm_coxph,Boosting,0.2970758806717487,0.5572618427902134,1.925999999999988,success,
setting1_highdim_s50,highdim,40,500,500,50.0,0.3,R,glmnet_validation_glmnet,Penalized Cox,0.2051024996534666,0.555584082156611,2.599999999999966,success,
setting1_highdim_s50,highdim,40,500,500,50.0,0.3,R,randomForestSRC_rfsrc,RSF,0.2014968942402554,0.5946084724005135,0.3460000000000036,success,
setting1_highdim_s50,highdim,40,500,500,50.0,0.3,R,gbm_coxph,Boosting,0.2538673376638123,0.5412066752246469,1.7080000000000268,success,
setting1_highdim_s50,highdim,41,500,500,50.0,0.3,R,glmnet_validation_glmnet,Penalized Cox,0.2066677849462437,0.5810040705563093,2.20799999999997,success,
setting1_highdim_s50,highdim,41,500,500,50.0,0.3,R,randomForestSRC_rfsrc,RSF,0.216408216715411,0.4998643147896879,0.3559999999999945,success,
setting1_highdim_s50,highdim,41,500,500,50.0,0.3,R,gbm_coxph,Boosting,0.24535988430641,0.5259158751696065,1.718999999999994,success,
setting1_highdim_s50,highdim,42,500,500,50.0,0.3,R,glmnet_validation_glmnet,Penalized Cox,0.2043582619448428,0.643595041322314,2.172000000000025,success,
setting1_highdim_s50,highdim,42,500,500,50.0,0.3,R,randomForestSRC_rfsrc,RSF,0.2095697715949411,0.5973657024793388,0.6190000000000282,success,
setting1_highdim_s50,highdim,42,500,500,50.0,0.3,R,gbm_coxph,Boosting,0.2684236185083258,0.6324896694214877,1.7439999999999714,success,
setting1_highdim_s50,highdim,43,500,500,50.0,0.3,R,glmnet_validation_glmnet,Penalized Cox,0.1801421983293592,0.6426434593418547,2.329000000000008,success,
setting1_highdim_s50,highdim,43,500,500,50.0,0.3,R,randomForestSRC_rfsrc,RSF,0.1962281665567049,0.5482730486809899,0.5380000000000109,success,
setting1_highdim_s50,highdim,43,500,500,50.0,0.3,R,gbm_coxph,Boosting,0.240261235756211,0.5860756051128637,1.7210000000000036,success,
setting1_highdim_s50,highdim,44,500,500,50.0,0.3,R,glmnet_validation_glmnet,Penalized Cox,0.2011042205956104,0.6549462083442665,2.1829999999999927,success,
setting1_highdim_s50,highdim,44,500,500,50.0,0.3,R,randomForestSRC_rfsrc,RSF,0.2163782651497849,0.5560220414589346,0.5099999999999909,success,
setting1_highdim_s50,highdim,44,500,500,50.0,0.3,R,gbm_coxph,Boosting,0.2703380905167691,0.6040409341380215,1.7410000000000423,success,
setting1_highdim_s50,highdim,45,500,500,50.0,0.3,R,glmnet_validation_glmnet,Penalized Cox,0.2088155745249687,0.6096410793817134,1.4800000000000182,success,
setting1_highdim_s50,highdim,45,500,500,50.0,0.3,R,randomForestSRC_rfsrc,RSF,0.2228886224417991,0.4938433324600472,0.3589999999999804,success,
setting1_highdim_s50,highdim,45,500,500,50.0,0.3,R,gbm_coxph,Boosting,0.2343516138341601,0.5640555410007859,1.7290000000000418,success,
setting1_highdim_s50,highdim,46,500,500,50.0,0.3,R,glmnet_validation_glmnet,Penalized Cox,0.1983765710036268,0.5901639344262295,2.0289999999999964,success,
setting1_highdim_s50,highdim,46,500,500,50.0,0.3,R,randomForestSRC_rfsrc,RSF,0.1937174759553781,0.5831381733021077,0.3769999999999527,success,
setting1_highdim_s50,highdim,46,500,500,50.0,0.3,R,gbm_coxph,Boosting,0.2422251042871579,0.48711943793911,1.72199999999998,success,
setting1_highdim_s50,highdim,47,500,500,50.0,0.3,R,glmnet_validation_glmnet,Penalized Cox,0.1876824694503241,0.5806772908366533,2.3080000000000496,success,
setting1_highdim_s50,highdim,47,500,500,50.0,0.3,R,randomForestSRC_rfsrc,RSF,0.1826346707236869,0.4760956175298805,0.3829999999999813,success,
setting1_highdim_s50,highdim,47,500,500,50.0,0.3,R,gbm_coxph,Boosting,0.1869761716810287,0.5627490039840637,1.8040000000000305,success,
setting1_highdim_s50,highdim,48,500,500,50.0,0.3,R,glmnet_validation_glmnet,Penalized Cox,0.185624878590789,0.6615293420272673,2.027000000000044,success,
setting1_highdim_s50,highdim,48,500,500,50.0,0.3,R,randomForestSRC_rfsrc,RSF,0.1943997305893277,0.5566093657379965,0.5260000000000105,success,
setting1_highdim_s50,highdim,48,500,500,50.0,0.3,R,gbm_coxph,Boosting,0.2241770402490499,0.5806164789567279,1.6899999999999975,success,
setting1_highdim_s50,highdim,49,500,500,50.0,0.3,R,glmnet_validation_glmnet,Penalized Cox,0.2130679052215543,0.5746445497630331,2.23599999999999,success,
setting1_highdim_s50,highdim,49,500,500,50.0,0.3,R,randomForestSRC_rfsrc,RSF,0.2282611257720039,0.4531990521327014,0.3650000000000091,success,
setting1_highdim_s50,highdim,49,500,500,50.0,0.3,R,gbm_coxph,Boosting,0.2712356129232992,0.5145142180094786,1.7460000000000375,success,
setting1_highdim_s50,highdim,50,500,500,50.0,0.3,R,glmnet_validation_glmnet,Penalized Cox,0.2106925856068208,0.5911528150134049,2.6289999999999623,success,
setting1_highdim_s50,highdim,50,500,500,50.0,0.3,R,randomForestSRC_rfsrc,RSF,0.2153160638154064,0.5587131367292225,0.4119999999999777,success,
setting1_highdim_s50,highdim,50,500,500,50.0,0.3,R,gbm_coxph,Boosting,0.3434710205924725,0.5187667560321716,1.7579999999999814,success,
setting2_smooth_nonlinear,nonlinear,1,500,50,,0.3,R,survival_coxph,CoxPH,0.2168982731607514,0.6009363811622143,0.0450000000000159,success,
setting2_smooth_nonlinear,nonlinear,1,500,50,,0.3,R,randomForestSRC_rfsrc,RSF,0.2060272015171926,0.6403194712200495,0.1750000000000113,success,
setting2_smooth_nonlinear,nonlinear,1,500,50,,0.3,R,gbm_coxph,Boosting,0.2088157709922098,0.6466538143762048,0.1820000000000163,success,
setting2_smooth_nonlinear,nonlinear,2,500,50,,0.3,R,survival_coxph,CoxPH,0.2257162744250901,0.5400593471810089,0.0150000000000432,success,
setting2_smooth_nonlinear,nonlinear,2,500,50,,0.3,R,randomForestSRC_rfsrc,RSF,0.1980355146280581,0.5945508497437281,0.1229999999999904,success,
setting2_smooth_nonlinear,nonlinear,2,500,50,,0.3,R,gbm_coxph,Boosting,0.2511525518693648,0.6452657135149716,0.1790000000000304,success,
setting2_smooth_nonlinear,nonlinear,3,500,50,,0.3,R,survival_coxph,CoxPH,0.2269889365709077,0.5839237057220709,0.0139999999999531,success,
setting2_smooth_nonlinear,nonlinear,3,500,50,,0.3,R,randomForestSRC_rfsrc,RSF,0.1997180302933332,0.6403269754768393,0.1469999999999913,success,
setting2_smooth_nonlinear,nonlinear,3,500,50,,0.3,R,gbm_coxph,Boosting,0.2114442334155623,0.6844686648501362,0.1730000000000018,success,
setting2_smooth_nonlinear,nonlinear,4,500,50,,0.3,R,survival_coxph,CoxPH,0.2477607288201949,0.5072770574225985,0.01400000000001,success,
setting2_smooth_nonlinear,nonlinear,4,500,50,,0.3,R,randomForestSRC_rfsrc,RSF,0.1966929557891948,0.6358825086001587,0.1279999999999859,success,
setting2_smooth_nonlinear,nonlinear,4,500,50,,0.3,R,gbm_coxph,Boosting,0.2649493722266857,0.661021434241863,0.1759999999999877,success,
setting2_smooth_nonlinear,nonlinear,5,500,50,,0.3,R,survival_coxph,CoxPH,0.2314581106885607,0.5455522708949208,0.01400000000001,success,
setting2_smooth_nonlinear,nonlinear,5,500,50,,0.3,R,randomForestSRC_rfsrc,RSF,0.1803930755757479,0.7065305025530771,0.1210000000000377,success,
setting2_smooth_nonlinear,nonlinear,5,500,50,,0.3,R,gbm_coxph,Boosting,0.1969025368686079,0.7027680730986294,0.1730000000000018,success,
setting2_smooth_nonlinear,nonlinear,6,500,50,,0.3,R,survival_coxph,CoxPH,0.2056511611443519,0.6074792243767313,0.01400000000001,success,
setting2_smooth_nonlinear,nonlinear,6,500,50,,0.3,R,randomForestSRC_rfsrc,RSF,0.1758131965078339,0.7105263157894737,0.1380000000000336,success,
setting2_smooth_nonlinear,nonlinear,6,500,50,,0.3,R,gbm_coxph,Boosting,0.1636626799014785,0.7019390581717452,0.1730000000000018,success,
setting2_smooth_nonlinear,nonlinear,7,500,50,,0.3,R,survival_coxph,CoxPH,0.1900855743580293,0.5776547907298513,0.01400000000001,success,
setting2_smooth_nonlinear,nonlinear,7,500,50,,0.3,R,randomForestSRC_rfsrc,RSF,0.1695594460197703,0.648910411622276,0.1389999999999531,success,
setting2_smooth_nonlinear,nonlinear,7,500,50,,0.3,R,gbm_coxph,Boosting,0.1896807569469773,0.6285022483569699,0.1730000000000018,success,
setting2_smooth_nonlinear,nonlinear,8,500,50,,0.3,R,survival_coxph,CoxPH,0.2433766539065548,0.5532039976484421,0.0139999999999531,success,
setting2_smooth_nonlinear,nonlinear,8,500,50,,0.3,R,randomForestSRC_rfsrc,RSF,0.1908314385011353,0.6193415637860082,0.1440000000000054,success,
setting2_smooth_nonlinear,nonlinear,8,500,50,,0.3,R,gbm_coxph,Boosting,0.2328182814052017,0.5761316872427984,0.1720000000000254,success,
setting2_smooth_nonlinear,nonlinear,9,500,50,,0.3,R,survival_coxph,CoxPH,0.2414438207722984,0.5433174854727945,0.01400000000001,success,
setting2_smooth_nonlinear,nonlinear,9,500,50,,0.3,R,randomForestSRC_rfsrc,RSF,0.2039017762021271,0.5900686740623349,0.1270000000000095,success,
setting2_smooth_nonlinear,nonlinear,9,500,50,,0.3,R,gbm_coxph,Boosting,0.2376520961413552,0.5713153724247226,0.1720000000000254,success,
setting2_smooth_nonlinear,nonlinear,10,500,50,,0.3,R,survival_coxph,CoxPH,0.2424067805768922,0.5374188082462581,0.01400000000001,success,
setting2_smooth_nonlinear,nonlinear,10,500,50,,0.3,R,randomForestSRC_rfsrc,RSF,0.2039162144683512,0.6023722112397628,0.1259999999999763,success,
setting2_smooth_nonlinear,nonlinear,10,500,50,,0.3,R,gbm_coxph,Boosting,0.2313841302832683,0.5840158147415984,0.1719999999999686,success,
setting2_smooth_nonlinear,nonlinear,11,500,50,,0.3,R,survival_coxph,CoxPH,0.1916013775428822,0.5963275135460566,0.0500000000000113,success,
setting2_smooth_nonlinear,nonlinear,11,500,50,,0.3,R,randomForestSRC_rfsrc,RSF,0.1755521535103851,0.6164960866947622,0.1259999999999763,success,
setting2_smooth_nonlinear,nonlinear,11,500,50,,0.3,R,gbm_coxph,Boosting,0.2316624140087196,0.6152919927754366,0.1719999999999686,success,
setting2_smooth_nonlinear,nonlinear,12,500,50,,0.3,R,survival_coxph,CoxPH,0.2216629338938062,0.518075639599555,0.01400000000001,success,
setting2_smooth_nonlinear,nonlinear,12,500,50,,0.3,R,randomForestSRC_rfsrc,RSF,0.1921658144257845,0.6156840934371524,0.1480000000000245,success,
setting2_smooth_nonlinear,nonlinear,12,500,50,,0.3,R,gbm_coxph,Boosting,0.233322109891098,0.6329254727474972,0.1689999999999827,success,
setting2_smooth_nonlinear,nonlinear,13,500,50,,0.3,R,survival_coxph,CoxPH,0.222665139062978,0.6024433698142021,0.01400000000001,success,
setting2_smooth_nonlinear,nonlinear,13,500,50,,0.3,R,randomForestSRC_rfsrc,RSF,0.2012542026253195,0.6841435479765844,0.1260000000000332,success,
setting2_smooth_nonlinear,nonlinear,13,500,50,,0.3,R,gbm_coxph,Boosting,0.204340632929872,0.7052685161618732,0.1739999999999781,success,
setting2_smooth_nonlinear,nonlinear,14,500,50,,0.3,R,survival_coxph,CoxPH,0.228235178531599,0.5687387155016765,0.0149999999999863,success,
setting2_smooth_nonlinear,nonlinear,14,500,50,,0.3,R,randomForestSRC_rfsrc,RSF,0.195675749538562,0.6471498581377354,0.125,success,
setting2_smooth_nonlinear,nonlinear,14,500,50,,0.3,R,gbm_coxph,Boosting,0.2500718227619488,0.6474077895279855,0.1899999999999977,success,
setting2_smooth_nonlinear,nonlinear,15,500,50,,0.3,R,survival_coxph,CoxPH,0.2221183663275422,0.6182956711135312,0.01400000000001,success,
setting2_smooth_nonlinear,nonlinear,15,500,50,,0.3,R,randomForestSRC_rfsrc,RSF,0.1834283214439412,0.7111353117342771,0.1150000000000091,success,
setting2_smooth_nonlinear,nonlinear,15,500,50,,0.3,R,gbm_coxph,Boosting,0.2429945603531105,0.7073237135856248,0.1730000000000018,success,
setting2_smooth_nonlinear,nonlinear,16,500,50,,0.3,R,survival_coxph,CoxPH,0.2486665134195676,0.5821437212678442,0.0149999999999863,success,
setting2_smooth_nonlinear,nonlinear,16,500,50,,0.3,R,randomForestSRC_rfsrc,RSF,0.1980693499842436,0.6912654246310186,0.1590000000000486,success,
setting2_smooth_nonlinear,nonlinear,16,500,50,,0.3,R,gbm_coxph,Boosting,0.1872720071112383,0.7140091942898621,0.1730000000000018,success,
setting2_smooth_nonlinear,nonlinear,17,500,50,,0.3,R,survival_coxph,CoxPH,0.2144371147444609,0.5927820403523728,0.0139999999999531,success,
setting2_smooth_nonlinear,nonlinear,17,500,50,,0.3,R,randomForestSRC_rfsrc,RSF,0.1824864254039073,0.6612674055129298,0.1690000000000395,success,
setting2_smooth_nonlinear,nonlinear,17,500,50,,0.3,R,gbm_coxph,Boosting,0.1719539927949662,0.6965046888320545,0.1720000000000254,success,
setting2_smooth_nonlinear,nonlinear,18,500,50,,0.3,R,survival_coxph,CoxPH,0.1993305400884513,0.6066323613493425,0.0150000000000432,success,
setting2_smooth_nonlinear,nonlinear,18,500,50,,0.3,R,randomForestSRC_rfsrc,RSF,0.1786868261524362,0.676672384219554,0.1469999999999913,success,
setting2_smooth_nonlinear,nonlinear,18,500,50,,0.3,R,gbm_coxph,Boosting,0.1998495144757215,0.6966838193253287,0.1709999999999922,success,
setting2_smooth_nonlinear,nonlinear,19,500,50,,0.3,R,survival_coxph,CoxPH,0.2378309448000662,0.5273282442748092,0.0139999999999531,success,
setting2_smooth_nonlinear,nonlinear,19,500,50,,0.3,R,randomForestSRC_rfsrc,RSF,0.1895991563700904,0.6134351145038168,0.1309999999999718,success,
setting2_smooth_nonlinear,nonlinear,19,500,50,,0.3,R,gbm_coxph,Boosting,0.2264840687502185,0.6784732824427481,0.1730000000000018,success,
setting2_smooth_nonlinear,nonlinear,20,500,50,,0.3,R,survival_coxph,CoxPH,0.198057548016481,0.5604128718882817,0.01400000000001,success,
setting2_smooth_nonlinear,nonlinear,20,500,50,,0.3,R,randomForestSRC_rfsrc,RSF,0.1796459399312333,0.6108075288403157,0.1490000000000009,success,
setting2_smooth_nonlinear,nonlinear,20,500,50,,0.3,R,gbm_coxph,Boosting,0.1814509252366226,0.623557984213722,0.1760000000000445,success,
setting2_smooth_nonlinear,nonlinear,21,500,50,,0.3,R,survival_coxph,CoxPH,0.237428829376397,0.5687873844480695,0.01400000000001,success,
setting2_smooth_nonlinear,nonlinear,21,500,50,,0.3,R,randomForestSRC_rfsrc,RSF,0.217093128989853,0.6288743882544862,0.1539999999999963,success,
setting2_smooth_nonlinear,nonlinear,21,500,50,,0.3,R,gbm_coxph,Boosting,0.2338616311818113,0.6141924959216966,0.1829999999999927,success,
setting2_smooth_nonlinear,nonlinear,22,500,50,,0.3,R,survival_coxph,CoxPH,0.2064977533123055,0.6025965801139962,0.0160000000000195,success,
setting2_smooth_nonlinear,nonlinear,22,500,50,,0.3,R,randomForestSRC_rfsrc,RSF,0.1693507660677627,0.6564281190626979,0.1349999999999909,success,
setting2_smooth_nonlinear,nonlinear,22,500,50,,0.3,R,gbm_coxph,Boosting,0.199976898253815,0.6516782773907537,0.1850000000000022,success,
setting2_smooth_nonlinear,nonlinear,23,500,50,,0.3,R,survival_coxph,CoxPH,0.201451647328641,0.6076335877862595,0.01400000000001,success,
setting2_smooth_nonlinear,nonlinear,23,500,50,,0.3,R,randomForestSRC_rfsrc,RSF,0.1788253031654912,0.6769465648854962,0.1260000000000332,success,
setting2_smooth_nonlinear,nonlinear,23,500,50,,0.3,R,gbm_coxph,Boosting,0.1898880305425841,0.633587786259542,0.1730000000000018,success,
setting2_smooth_nonlinear,nonlinear,24,500,50,,0.3,R,survival_coxph,CoxPH,0.2032867043418121,0.6078811369509044,0.01400000000001,success,
setting2_smooth_nonlinear,nonlinear,24,500,50,,0.3,R,randomForestSRC_rfsrc,RSF,0.1806097383087913,0.6786175710594315,0.1550000000000295,success,
setting2_smooth_nonlinear,nonlinear,24,500,50,,0.3,R,gbm_coxph,Boosting,0.1972621643624623,0.6585917312661499,0.174000000000035,success,
setting2_smooth_nonlinear,nonlinear,25,500,50,,0.3,R,survival_coxph,CoxPH,0.2279530711026101,0.6204552172627845,0.0149999999999863,success,
setting2_smooth_nonlinear,nonlinear,25,500,50,,0.3,R,randomForestSRC_rfsrc,RSF,0.1890038074350429,0.700561631687851,0.1220000000000141,success,
setting2_smooth_nonlinear,nonlinear,25,500,50,,0.3,R,gbm_coxph,Boosting,0.172094323876129,0.706473544191546,0.1750000000000113,success,
setting2_smooth_nonlinear,nonlinear,26,500,50,,0.3,R,survival_coxph,CoxPH,0.2283382548125362,0.6012542461458061,0.0150000000000432,success,
setting2_smooth_nonlinear,nonlinear,26,500,50,,0.3,R,randomForestSRC_rfsrc,RSF,0.2041081862927836,0.6893127776326105,0.1259999999999763,success,
setting2_smooth_nonlinear,nonlinear,26,500,50,,0.3,R,gbm_coxph,Boosting,0.2350746512146615,0.6934935981186308,0.1709999999999922,success,
setting2_smooth_nonlinear,nonlinear,27,500,50,,0.3,R,survival_coxph,CoxPH,0.2187256845015998,0.6087198000555402,0.01400000000001,success,
setting2_smooth_nonlinear,nonlinear,27,500,50,,0.3,R,randomForestSRC_rfsrc,RSF,0.2024633350146152,0.6595390169397389,0.1940000000000168,success,
setting2_smooth_nonlinear,nonlinear,27,500,50,,0.3,R,gbm_coxph,Boosting,0.1915105920096463,0.6687031380172175,0.174000000000035,success,
setting2_smooth_nonlinear,nonlinear,28,500,50,,0.3,R,survival_coxph,CoxPH,0.2456547379916036,0.5433558558558559,0.0139999999999531,success,
setting2_smooth_nonlinear,nonlinear,28,500,50,,0.3,R,randomForestSRC_rfsrc,RSF,0.2015251531639714,0.5914977477477478,0.1399999999999863,success,
setting2_smooth_nonlinear,nonlinear,28,500,50,,0.3,R,gbm_coxph,Boosting,0.2078722102720951,0.6317567567567568,0.1720000000000254,success,
setting2_smooth_nonlinear,nonlinear,29,500,50,,0.3,R,survival_coxph,CoxPH,0.2312691323012064,0.5549722951297754,0.0149999999999863,success,
setting2_smooth_nonlinear,nonlinear,29,500,50,,0.3,R,randomForestSRC_rfsrc,RSF,0.1839520965406996,0.6905803441236512,0.146000000000015,success,
setting2_smooth_nonlinear,nonlinear,29,500,50,,0.3,R,gbm_coxph,Boosting,0.2094415248145813,0.662875473899096,0.1700000000000159,success,
setting2_smooth_nonlinear,nonlinear,30,500,50,,0.3,R,survival_coxph,CoxPH,0.2114237464361615,0.6032411288069293,0.01400000000001,success,
setting2_smooth_nonlinear,nonlinear,30,500,50,,0.3,R,randomForestSRC_rfsrc,RSF,0.1761456639332317,0.6823134953897737,0.1449999999999818,success,
setting2_smooth_nonlinear,nonlinear,30,500,50,,0.3,R,gbm_coxph,Boosting,0.1832399900384896,0.6635931824531992,0.1730000000000018,success,
setting2_smooth_nonlinear,nonlinear,31,500,50,,0.3,R,survival_coxph,CoxPH,0.2019130604865016,0.6162697350816162,0.0149999999999863,success,
setting2_smooth_nonlinear,nonlinear,31,500,50,,0.3,R,randomForestSRC_rfsrc,RSF,0.1848130038909983,0.6928017126036928,0.1259999999999763,success,
setting2_smooth_nonlinear,nonlinear,31,500,50,,0.3,R,gbm_coxph,Boosting,0.2320127476052614,0.6700561948086701,0.1759999999999877,success,
setting2_smooth_nonlinear,nonlinear,32,500,50,,0.3,R,survival_coxph,CoxPH,0.2279731915791118,0.5523306948109059,0.01400000000001,success,
setting2_smooth_nonlinear,nonlinear,32,500,50,,0.3,R,randomForestSRC_rfsrc,RSF,0.1894419499483433,0.6429199648197009,0.1580000000000154,success,
setting2_smooth_nonlinear,nonlinear,32,500,50,,0.3,R,gbm_coxph,Boosting,0.1868963004417725,0.6804456171210789,0.1710000000000491,success,
setting2_smooth_nonlinear,nonlinear,33,500,50,,0.3,R,survival_coxph,CoxPH,0.2244512483997363,0.5396249243799154,0.0139999999999531,success,
setting2_smooth_nonlinear,nonlinear,33,500,50,,0.3,R,randomForestSRC_rfsrc,RSF,0.1850072993555556,0.6485178463399879,0.1220000000000141,success,
setting2_smooth_nonlinear,nonlinear,33,500,50,,0.3,R,gbm_coxph,Boosting,0.2419950416257257,0.6215970961887477,0.1719999999999686,success,
setting2_smooth_nonlinear,nonlinear,34,500,50,,0.3,R,survival_coxph,CoxPH,0.2138657256391713,0.5853729603729604,0.0139999999999531,success,
setting2_smooth_nonlinear,nonlinear,34,500,50,,0.3,R,randomForestSRC_rfsrc,RSF,0.1749957798060638,0.6783216783216783,0.3129999999999882,success,
setting2_smooth_nonlinear,nonlinear,34,500,50,,0.3,R,gbm_coxph,Boosting,0.1699553876305453,0.7246503496503497,0.1720000000000254,success,
setting2_smooth_nonlinear,nonlinear,35,500,50,,0.3,R,survival_coxph,CoxPH,0.1881390732045453,0.619520748100526,0.01400000000001,success,
setting2_smooth_nonlinear,nonlinear,35,500,50,,0.3,R,randomForestSRC_rfsrc,RSF,0.1721243527707873,0.6917007597895968,0.1209999999999809,success,
setting2_smooth_nonlinear,nonlinear,35,500,50,,0.3,R,gbm_coxph,Boosting,0.176469708110913,0.6896551724137931,0.1720000000000254,success,
setting2_smooth_nonlinear,nonlinear,36,500,50,,0.3,R,survival_coxph,CoxPH,0.2395489461173919,0.6015057113187954,0.01400000000001,success,
setting2_smooth_nonlinear,nonlinear,36,500,50,,0.3,R,randomForestSRC_rfsrc,RSF,0.2053553876393244,0.6580996884735202,0.1540000000000532,success,
setting2_smooth_nonlinear,nonlinear,36,500,50,,0.3,R,gbm_coxph,Boosting,0.1943821596836137,0.6897715472481828,0.1759999999999877,success,
setting2_smooth_nonlinear,nonlinear,37,500,50,,0.3,R,survival_coxph,CoxPH,0.2288725286874401,0.6019063638912251,0.01400000000001,success,
setting2_smooth_nonlinear,nonlinear,37,500,50,,0.3,R,randomForestSRC_rfsrc,RSF,0.1914163022092345,0.63919259882254,0.1539999999999963,success,
setting2_smooth_nonlinear,nonlinear,37,500,50,,0.3,R,gbm_coxph,Boosting,0.2024642661817303,0.6495654611718531,0.1720000000000254,success,
setting2_smooth_nonlinear,nonlinear,38,500,50,,0.3,R,survival_coxph,CoxPH,0.2343325568021926,0.5724278635966191,0.01400000000001,success,
setting2_smooth_nonlinear,nonlinear,38,500,50,,0.3,R,randomForestSRC_rfsrc,RSF,0.2014228470946644,0.6534538035558146,0.1260000000000332,success,
setting2_smooth_nonlinear,nonlinear,38,500,50,,0.3,R,gbm_coxph,Boosting,0.204945631211712,0.660448848732148,0.1709999999999922,success,
setting2_smooth_nonlinear,nonlinear,39,500,50,,0.3,R,survival_coxph,CoxPH,0.2377175642868666,0.6177673874926943,0.0149999999999863,success,
setting2_smooth_nonlinear,nonlinear,39,500,50,,0.3,R,randomForestSRC_rfsrc,RSF,0.1990635008108994,0.6756282875511397,0.1440000000000054,success,
setting2_smooth_nonlinear,nonlinear,39,500,50,,0.3,R,gbm_coxph,Boosting,0.1926155724038445,0.7039742840444185,0.1750000000000113,success,
setting2_smooth_nonlinear,nonlinear,40,500,50,,0.3,R,survival_coxph,CoxPH,0.2288873981065529,0.5299526330454165,0.0150000000000432,success,
setting2_smooth_nonlinear,nonlinear,40,500,50,,0.3,R,randomForestSRC_rfsrc,RSF,0.182939728925671,0.6074115352465868,0.1290000000000191,success,
setting2_smooth_nonlinear,nonlinear,40,500,50,,0.3,R,gbm_coxph,Boosting,0.2099712565507663,0.6570075229869045,0.1730000000000018,success,
setting2_smooth_nonlinear,nonlinear,41,500,50,,0.3,R,survival_coxph,CoxPH,0.2467273154106247,0.5417564655172413,0.0149999999999863,success,
setting2_smooth_nonlinear,nonlinear,41,500,50,,0.3,R,randomForestSRC_rfsrc,RSF,0.1976390046987503,0.6357758620689655,0.1289999999999622,success,
setting2_smooth_nonlinear,nonlinear,41,500,50,,0.3,R,gbm_coxph,Boosting,0.2154981185476016,0.6742995689655172,0.1749999999999545,success,
setting2_smooth_nonlinear,nonlinear,42,500,50,,0.3,R,survival_coxph,CoxPH,0.2247512321544573,0.5699200913242009,0.01400000000001,success,
setting2_smooth_nonlinear,nonlinear,42,500,50,,0.3,R,randomForestSRC_rfsrc,RSF,0.1878938503184935,0.6030251141552512,0.1299999999999954,success,
setting2_smooth_nonlinear,nonlinear,42,500,50,,0.3,R,gbm_coxph,Boosting,0.2129753566208163,0.6172945205479452,0.1739999999999781,success,
setting2_smooth_nonlinear,nonlinear,43,500,50,,0.3,R,survival_coxph,CoxPH,0.1949428990397273,0.6628161098969716,0.0149999999999863,success,
setting2_smooth_nonlinear,nonlinear,43,500,50,,0.3,R,randomForestSRC_rfsrc,RSF,0.1642455718185762,0.699656571963784,0.1580000000000154,success,
setting2_smooth_nonlinear,nonlinear,43,500,50,,0.3,R,gbm_coxph,Boosting,0.2395887876688999,0.6546987199500468,0.1739999999999781,success,
setting2_smooth_nonlinear,nonlinear,44,500,50,,0.3,R,survival_coxph,CoxPH,0.2459955532451143,0.5294590251740761,0.0150000000000432,success,
setting2_smooth_nonlinear,nonlinear,44,500,50,,0.3,R,randomForestSRC_rfsrc,RSF,0.196218328386692,0.6076593465452598,0.15300000000002,success,
setting2_smooth_nonlinear,nonlinear,44,500,50,,0.3,R,gbm_coxph,Boosting,0.1896562581656499,0.6676486341724692,0.2060000000000172,success,
setting2_smooth_nonlinear,nonlinear,45,500,50,,0.3,R,survival_coxph,CoxPH,0.2157792694114523,0.6081596712650426,0.01400000000001,success,
setting2_smooth_nonlinear,nonlinear,45,500,50,,0.3,R,randomForestSRC_rfsrc,RSF,0.19325832816898,0.6868212503668917,0.2019999999999981,success,
setting2_smooth_nonlinear,nonlinear,45,500,50,,0.3,R,gbm_coxph,Boosting,0.2106097622398615,0.6659818021719988,0.3729999999999904,success,
setting2_smooth_nonlinear,nonlinear,46,500,50,,0.3,R,survival_coxph,CoxPH,0.2291403933300574,0.5778975741239892,0.0149999999999863,success,
setting2_smooth_nonlinear,nonlinear,46,500,50,,0.3,R,randomForestSRC_rfsrc,RSF,0.203038040722937,0.6417789757412399,0.1260000000000332,success,
setting2_smooth_nonlinear,nonlinear,46,500,50,,0.3,R,gbm_coxph,Boosting,0.2125135554303443,0.6566037735849056,0.1750000000000113,success,
setting2_smooth_nonlinear,nonlinear,47,500,50,,0.3,R,survival_coxph,CoxPH,0.2105480029058337,0.6008158508158508,0.0469999999999686,success,
setting2_smooth_nonlinear,nonlinear,47,500,50,,0.3,R,randomForestSRC_rfsrc,RSF,0.1777197931546831,0.641025641025641,0.125,success,
setting2_smooth_nonlinear,nonlinear,47,500,50,,0.3,R,gbm_coxph,Boosting,0.231011853577231,0.5882867132867133,0.174000000000035,success,
setting2_smooth_nonlinear,nonlinear,48,500,50,,0.3,R,survival_coxph,CoxPH,0.1921371875892755,0.6346208869814021,0.0139999999999531,success,
setting2_smooth_nonlinear,nonlinear,48,500,50,,0.3,R,randomForestSRC_rfsrc,RSF,0.1754471056504618,0.6967095851216023,0.1340000000000145,success,
setting2_smooth_nonlinear,nonlinear,48,500,50,,0.3,R,gbm_coxph,Boosting,0.1640597680594497,0.7413447782546495,0.174000000000035,success,
setting2_smooth_nonlinear,nonlinear,49,500,50,,0.3,R,survival_coxph,CoxPH,0.2296650441407937,0.5568934376881397,0.037999999999954,success,
setting2_smooth_nonlinear,nonlinear,49,500,50,,0.3,R,randomForestSRC_rfsrc,RSF,0.2084470303096324,0.5978326309452138,0.1630000000000109,success,
setting2_smooth_nonlinear,nonlinear,49,500,50,,0.3,R,gbm_coxph,Boosting,0.2232561973093597,0.6083684527393136,0.1760000000000445,success,
setting2_smooth_nonlinear,nonlinear,50,500,50,,0.3,R,survival_coxph,CoxPH,0.2506287459524256,0.5425696594427245,0.0149999999999863,success,
setting2_smooth_nonlinear,nonlinear,50,500,50,,0.3,R,randomForestSRC_rfsrc,RSF,0.2130194759201437,0.6179050567595459,0.125,success,
setting2_smooth_nonlinear,nonlinear,50,500,50,,0.3,R,gbm_coxph,Boosting,0.2318392159297717,0.6199690402476781,0.1730000000000018,success,
setting1_highdim_s50,highdim,1,500,500,50.0,0.3,Python,pycox_CoxPH_DeepSurv,DeepSurv,0.2236392528716386,0.4971924451250638,0.2620322704315185,success,
setting1_highdim_s50,highdim,2,500,500,50.0,0.3,Python,pycox_CoxPH_DeepSurv,DeepSurv,0.2702335343131453,0.4612920448478377,0.2138113975524902,success,
setting1_highdim_s50,highdim,3,500,500,50.0,0.3,Python,pycox_CoxPH_DeepSurv,DeepSurv,0.1982044789972182,0.5879511224779767,0.1785306930541992,success,
setting1_highdim_s50,highdim,4,500,500,50.0,0.3,Python,pycox_CoxPH_DeepSurv,DeepSurv,0.2254805476080427,0.5445705024311183,0.1984555721282959,success,
setting1_highdim_s50,highdim,5,500,500,50.0,0.3,Python,pycox_CoxPH_DeepSurv,DeepSurv,0.2111790284844116,0.4949970570924073,0.2297823429107666,success,
setting1_highdim_s50,highdim,6,500,500,50.0,0.3,Python,pycox_CoxPH_DeepSurv,DeepSurv,0.2422634771187716,0.4660247592847317,0.1825358867645263,success,
setting1_highdim_s50,highdim,7,500,500,50.0,0.3,Python,pycox_CoxPH_DeepSurv,DeepSurv,0.2168604719873691,0.4879127358490566,0.1634659767150879,success,
setting1_highdim_s50,highdim,8,500,500,50.0,0.3,Python,pycox_CoxPH_DeepSurv,DeepSurv,0.2397586557920418,0.4545203207077689,0.1549937725067138,success,
setting1_highdim_s50,highdim,9,500,500,50.0,0.3,Python,pycox_CoxPH_DeepSurv,DeepSurv,0.2669226691874897,0.5113759479956663,0.1757590770721435,success,
setting1_highdim_s50,highdim,10,500,500,50.0,0.3,Python,pycox_CoxPH_DeepSurv,DeepSurv,0.2601399930641448,0.473993880913156,0.2098405361175537,success,
setting1_highdim_s50,highdim,11,500,500,50.0,0.3,Python,pycox_CoxPH_DeepSurv,DeepSurv,0.2080295165566456,0.5239567233384853,0.2338888645172119,success,
setting1_highdim_s50,highdim,12,500,500,50.0,0.3,Python,pycox_CoxPH_DeepSurv,DeepSurv,0.2437726557556679,0.5136351601800371,0.2042291164398193,success,
setting1_highdim_s50,highdim,13,500,500,50.0,0.3,Python,pycox_CoxPH_DeepSurv,DeepSurv,0.2112493863763122,0.4677325581395349,0.1546354293823242,success,
setting1_highdim_s50,highdim,14,500,500,50.0,0.3,Python,pycox_CoxPH_DeepSurv,DeepSurv,0.2572323421378329,0.4572661094634672,0.1408107280731201,success,
setting1_highdim_s50,highdim,15,500,500,50.0,0.3,Python,pycox_CoxPH_DeepSurv,DeepSurv,0.225420367732458,0.5431603097218239,0.2092103958129882,success,
setting1_highdim_s50,highdim,16,500,500,50.0,0.3,Python,pycox_CoxPH_DeepSurv,DeepSurv,0.236288508224444,0.4686248331108144,0.1968715190887451,success,
setting1_highdim_s50,highdim,17,500,500,50.0,0.3,Python,pycox_CoxPH_DeepSurv,DeepSurv,0.2073908735375352,0.5010358094110684,0.2243514060974121,success,
setting1_highdim_s50,highdim,18,500,500,50.0,0.3,Python,pycox_CoxPH_DeepSurv,DeepSurv,0.2051957862296212,0.501419647927314,0.2075221538543701,success,
setting1_highdim_s50,highdim,19,500,500,50.0,0.3,Python,pycox_CoxPH_DeepSurv,DeepSurv,0.2199096088073444,0.5566840516058194,0.1949090957641601,success,
setting1_highdim_s50,highdim,20,500,500,50.0,0.3,Python,pycox_CoxPH_DeepSurv,DeepSurv,0.2316538510161433,0.5057196062782655,0.1978318691253662,success,
setting1_highdim_s50,highdim,21,500,500,50.0,0.3,Python,pycox_CoxPH_DeepSurv,DeepSurv,0.2146717807589096,0.5293379353624098,0.152552843093872,success,
setting1_highdim_s50,highdim,22,500,500,50.0,0.3,Python,pycox_CoxPH_DeepSurv,DeepSurv,0.1994021135818513,0.5211182011546642,0.1641407012939453,success,
setting1_highdim_s50,highdim,23,500,500,50.0,0.3,Python,pycox_CoxPH_DeepSurv,DeepSurv,0.2191852587660676,0.4708532807659814,0.2659535408020019,success,
setting1_highdim_s50,highdim,24,500,500,50.0,0.3,Python,pycox_CoxPH_DeepSurv,DeepSurv,0.217105695887282,0.5282065674992984,0.15470552444458,success,
setting1_highdim_s50,highdim,25,500,500,50.0,0.3,Python,pycox_CoxPH_DeepSurv,DeepSurv,0.2181012190929582,0.5532994923857868,0.1466271877288818,success,
setting1_highdim_s50,highdim,26,500,500,50.0,0.3,Python,pycox_CoxPH_DeepSurv,DeepSurv,0.2365256724099612,0.5445783132530121,0.224327802658081,success,
setting1_highdim_s50,highdim,27,500,500,50.0,0.3,Python,pycox_CoxPH_DeepSurv,DeepSurv,0.274058503249559,0.4465391866415297,0.2056488990783691,success,
setting1_highdim_s50,highdim,28,500,500,50.0,0.3,Python,pycox_CoxPH_DeepSurv,DeepSurv,0.214879268741982,0.4809843400447427,0.3257675170898437,success,
setting1_highdim_s50,highdim,29,500,500,50.0,0.3,Python,pycox_CoxPH_DeepSurv,DeepSurv,0.1930517016121515,0.5683810637054354,0.3450872898101806,success,
setting1_highdim_s50,highdim,30,500,500,50.0,0.3,Python,pycox_CoxPH_DeepSurv,DeepSurv,0.1819851327990888,0.6220868644067796,0.2100861072540283,success,
setting1_highdim_s50,highdim,31,500,500,50.0,0.3,Python,pycox_CoxPH_DeepSurv,DeepSurv,0.1927025463892238,0.5796387520525451,0.1704609394073486,success,
setting1_highdim_s50,highdim,32,500,500,50.0,0.3,Python,pycox_CoxPH_DeepSurv,DeepSurv,0.2048913351750416,0.5054824561403509,0.4033849239349365,success,
setting1_highdim_s50,highdim,33,500,500,50.0,0.3,Python,pycox_CoxPH_DeepSurv,DeepSurv,0.2253772649644148,0.5063113604488079,0.1788287162780761,success,
setting1_highdim_s50,highdim,34,500,500,50.0,0.3,Python,pycox_CoxPH_DeepSurv,DeepSurv,0.2249759907144608,0.4932313125367863,0.1441943645477295,success,
setting1_highdim_s50,highdim,35,500,500,50.0,0.3,Python,pycox_CoxPH_DeepSurv,DeepSurv,0.2312604998628529,0.5810684161199625,0.2230532169342041,success,
setting1_highdim_s50,highdim,36,500,500,50.0,0.3,Python,pycox_CoxPH_DeepSurv,DeepSurv,0.2136927423295246,0.5446428571428571,0.2067224979400634,success,
setting1_highdim_s50,highdim,37,500,500,50.0,0.3,Python,pycox_CoxPH_DeepSurv,DeepSurv,0.2093896435958534,0.5056272303046939,0.1516115665435791,success,
setting1_highdim_s50,highdim,38,500,500,50.0,0.3,Python,pycox_CoxPH_DeepSurv,DeepSurv,0.1987744438411537,0.514481469947057,0.1775553226470947,success,
setting1_highdim_s50,highdim,39,500,500,50.0,0.3,Python,pycox_CoxPH_DeepSurv,DeepSurv,0.2499673999026577,0.4700676730869338,0.2337861061096191,success,
setting1_highdim_s50,highdim,40,500,500,50.0,0.3,Python,pycox_CoxPH_DeepSurv,DeepSurv,0.2368027285679898,0.4693196405648267,0.2113456726074218,success,
setting1_highdim_s50,highdim,41,500,500,50.0,0.3,Python,pycox_CoxPH_DeepSurv,DeepSurv,0.2416804406541403,0.4746268656716418,0.1868011951446533,success,
setting1_highdim_s50,highdim,42,500,500,50.0,0.3,Python,pycox_CoxPH_DeepSurv,DeepSurv,0.2358035607968651,0.4958677685950413,0.1966891288757324,success,
setting1_highdim_s50,highdim,43,500,500,50.0,0.3,Python,pycox_CoxPH_DeepSurv,DeepSurv,0.2169664233002405,0.5006799020940984,0.269374132156372,success,
setting1_highdim_s50,highdim,44,500,500,50.0,0.3,Python,pycox_CoxPH_DeepSurv,DeepSurv,0.2251500702157786,0.5615324061926004,0.262397289276123,success,
setting1_highdim_s50,highdim,45,500,500,50.0,0.3,Python,pycox_CoxPH_DeepSurv,DeepSurv,0.2107419208238612,0.6442232119465549,0.2421708106994629,success,
setting1_highdim_s50,highdim,46,500,500,50.0,0.3,Python,pycox_CoxPH_DeepSurv,DeepSurv,0.1955179711305971,0.5731850117096019,0.1994624137878418,success,
setting1_highdim_s50,highdim,47,500,500,50.0,0.3,Python,pycox_CoxPH_DeepSurv,DeepSurv,0.1910133845783493,0.4548472775564409,0.2047846317291259,success,
setting1_highdim_s50,highdim,48,500,500,50.0,0.3,Python,pycox_CoxPH_DeepSurv,DeepSurv,0.2269701778594608,0.4825133372851215,0.1602053642272949,success,
setting1_highdim_s50,highdim,49,500,500,50.0,0.3,Python,pycox_CoxPH_DeepSurv,DeepSurv,0.2194353115156589,0.5133293838862559,0.1817424297332763,success,
setting1_highdim_s50,highdim,50,500,500,50.0,0.3,Python,pycox_CoxPH_DeepSurv,DeepSurv,0.2380088164458385,0.471313672922252,0.1554086208343505,success,
setting2_smooth_nonlinear,nonlinear,1,500,50,,0.3,Python,pycox_CoxPH_DeepSurv,DeepSurv,0.2138733980081231,0.596254475351143,0.3972961902618408,success,
setting2_smooth_nonlinear,nonlinear,2,500,50,,0.3,Python,pycox_CoxPH_DeepSurv,DeepSurv,0.2067721519610143,0.5608308605341247,0.3442625999450683,success,
setting2_smooth_nonlinear,nonlinear,3,500,50,,0.3,Python,pycox_CoxPH_DeepSurv,DeepSurv,0.2321529135268368,0.5471389645776567,0.287137508392334,success,
setting2_smooth_nonlinear,nonlinear,4,500,50,,0.3,Python,pycox_CoxPH_DeepSurv,DeepSurv,0.229670511007238,0.4609685101878804,0.3901536464691162,success,
setting2_smooth_nonlinear,nonlinear,5,500,50,,0.3,Python,pycox_CoxPH_DeepSurv,DeepSurv,0.2126028856916249,0.528083848427842,0.2750942707061767,success,
setting2_smooth_nonlinear,nonlinear,6,500,50,,0.3,Python,pycox_CoxPH_DeepSurv,DeepSurv,0.2138421694894286,0.5880886426592797,0.4293313026428222,success,
setting2_smooth_nonlinear,nonlinear,7,500,50,,0.3,Python,pycox_CoxPH_DeepSurv,DeepSurv,0.2076505233657998,0.5288827395364926,0.6557283401489258,success,
setting2_smooth_nonlinear,nonlinear,8,500,50,,0.3,Python,pycox_CoxPH_DeepSurv,DeepSurv,0.1965008691822912,0.607583774250441,0.1846351623535156,success,
setting2_smooth_nonlinear,nonlinear,9,500,50,,0.3,Python,pycox_CoxPH_DeepSurv,DeepSurv,0.2126128885633289,0.5768621236133122,0.4738438129425049,success,
setting2_smooth_nonlinear,nonlinear,10,500,50,,0.3,Python,pycox_CoxPH_DeepSurv,DeepSurv,0.2217836214055471,0.5504094888449591,0.3763372898101806,success,
setting2_smooth_nonlinear,nonlinear,11,500,50,,0.3,Python,pycox_CoxPH_DeepSurv,DeepSurv,0.1722289905800022,0.6122817579771223,0.3459541797637939,success,
setting2_smooth_nonlinear,nonlinear,12,500,50,,0.3,Python,pycox_CoxPH_DeepSurv,DeepSurv,0.2082892848633758,0.5506117908787542,0.3714942932128906,success,
setting2_smooth_nonlinear,nonlinear,13,500,50,,0.3,Python,pycox_CoxPH_DeepSurv,DeepSurv,0.2329616972922421,0.5484856197505726,0.2517571449279785,success,
setting2_smooth_nonlinear,nonlinear,14,500,50,,0.3,Python,pycox_CoxPH_DeepSurv,DeepSurv,0.2130392996075846,0.5465566159401599,0.2419662475585937,success,
setting2_smooth_nonlinear,nonlinear,15,500,50,,0.3,Python,pycox_CoxPH_DeepSurv,DeepSurv,0.2235141545739356,0.5600326708412742,0.3065636157989502,success,
setting2_smooth_nonlinear,nonlinear,16,500,50,,0.3,Python,pycox_CoxPH_DeepSurv,DeepSurv,0.2300804997158698,0.5966610210500847,0.4892909526824951,success,
setting2_smooth_nonlinear,nonlinear,17,500,50,,0.3,Python,pycox_CoxPH_DeepSurv,DeepSurv,0.2020989170253014,0.5905086672350099,0.3389945030212402,success,
setting2_smooth_nonlinear,nonlinear,18,500,50,,0.3,Python,pycox_CoxPH_DeepSurv,DeepSurv,0.1892149301800593,0.5980560320182962,0.3932557106018066,success,
setting2_smooth_nonlinear,nonlinear,19,500,50,,0.3,Python,pycox_CoxPH_DeepSurv,DeepSurv,0.2294751410966911,0.4803053435114504,0.4117164611816406,success,
setting2_smooth_nonlinear,nonlinear,20,500,50,,0.3,Python,pycox_CoxPH_DeepSurv,DeepSurv,0.2040746871221991,0.4763205828779599,0.2844493389129638,success,
setting2_smooth_nonlinear,nonlinear,21,500,50,,0.3,Python,pycox_CoxPH_DeepSurv,DeepSurv,0.2241270859072434,0.5856443719412724,0.4133849143981933,success,
setting2_smooth_nonlinear,nonlinear,22,500,50,,0.3,Python,pycox_CoxPH_DeepSurv,DeepSurv,0.1864392976606554,0.5820139328689043,0.4190495014190674,success,
setting2_smooth_nonlinear,nonlinear,23,500,50,,0.3,Python,pycox_CoxPH_DeepSurv,DeepSurv,0.1940885804791879,0.6122137404580152,0.4117693901062011,success,
setting2_smooth_nonlinear,nonlinear,24,500,50,,0.3,Python,pycox_CoxPH_DeepSurv,DeepSurv,0.204827906156875,0.5355297157622739,0.3765609264373779,success,
setting2_smooth_nonlinear,nonlinear,25,500,50,,0.3,Python,pycox_CoxPH_DeepSurv,DeepSurv,0.1971832464506598,0.628140703517588,0.2651872634887695,success,
setting2_smooth_nonlinear,nonlinear,26,500,50,,0.3,Python,pycox_CoxPH_DeepSurv,DeepSurv,0.2128731362737375,0.6263391690619284,0.3439364433288574,success,
setting2_smooth_nonlinear,nonlinear,27,500,50,,0.3,Python,pycox_CoxPH_DeepSurv,DeepSurv,0.2098126773289183,0.5995556789780616,0.298292875289917,success,
setting2_smooth_nonlinear,nonlinear,28,500,50,,0.3,Python,pycox_CoxPH_DeepSurv,DeepSurv,0.2340351486132331,0.5109797297297297,0.4576990604400635,success,
setting2_smooth_nonlinear,nonlinear,29,500,50,,0.3,Python,pycox_CoxPH_DeepSurv,DeepSurv,0.2036297907619425,0.5727617381160688,0.3686370849609375,success,
setting2_smooth_nonlinear,nonlinear,30,500,50,,0.3,Python,pycox_CoxPH_DeepSurv,DeepSurv,0.1971522369518121,0.5937412685107571,0.4122374057769775,success,
setting2_smooth_nonlinear,nonlinear,31,500,50,,0.3,Python,pycox_CoxPH_DeepSurv,DeepSurv,0.1924646692021597,0.6237623762376238,0.4542076587677002,success,
setting2_smooth_nonlinear,nonlinear,32,500,50,,0.3,Python,pycox_CoxPH_DeepSurv,DeepSurv,0.2076260081750249,0.5584872471416007,0.3094925880432129,success,
setting2_smooth_nonlinear,nonlinear,33,500,50,,0.3,Python,pycox_CoxPH_DeepSurv,DeepSurv,0.2055847398325742,0.5604960677555959,0.507843017578125,success,
setting2_smooth_nonlinear,nonlinear,34,500,50,,0.3,Python,pycox_CoxPH_DeepSurv,DeepSurv,0.2141845087041783,0.4988344988344988,0.2061076164245605,success,
setting2_smooth_nonlinear,nonlinear,35,500,50,,0.3,Python,pycox_CoxPH_DeepSurv,DeepSurv,0.2054355208193765,0.5505552308591467,0.1205353736877441,success,
setting2_smooth_nonlinear,nonlinear,36,500,50,,0.3,Python,pycox_CoxPH_DeepSurv,DeepSurv,0.2091325046396142,0.643042575285566,0.4397954940795898,success,
setting2_smooth_nonlinear,nonlinear,37,500,50,,0.3,Python,pycox_CoxPH_DeepSurv,DeepSurv,0.2037123234572866,0.568825343425848,0.2376627922058105,success,
setting2_smooth_nonlinear,nonlinear,38,500,50,,0.3,Python,pycox_CoxPH_DeepSurv,DeepSurv,0.2182267770704057,0.567181579714369,0.2591569423675537,success,
setting2_smooth_nonlinear,nonlinear,39,500,50,,0.3,Python,pycox_CoxPH_DeepSurv,DeepSurv,0.2131478156363578,0.603156049094097,0.2685375213623047,success,
setting2_smooth_nonlinear,nonlinear,40,500,50,,0.3,Python,pycox_CoxPH_DeepSurv,DeepSurv,0.1961381898577457,0.5923655614377263,0.2135026454925537,success,
setting2_smooth_nonlinear,nonlinear,41,500,50,,0.3,Python,pycox_CoxPH_DeepSurv,DeepSurv,0.2086581782900264,0.595635775862069,0.3528249263763428,success,
setting2_smooth_nonlinear,nonlinear,42,500,50,,0.3,Python,pycox_CoxPH_DeepSurv,DeepSurv,0.1982958574349496,0.5702054794520548,0.3520076274871826,success,
setting2_smooth_nonlinear,nonlinear,43,500,50,,0.3,Python,pycox_CoxPH_DeepSurv,DeepSurv,0.1818552577444143,0.5991258195441773,0.2974231243133545,success,
setting2_smooth_nonlinear,nonlinear,44,500,50,,0.3,Python,pycox_CoxPH_DeepSurv,DeepSurv,0.2134210993793206,0.5546331012319229,0.3869564533233642,success,
setting2_smooth_nonlinear,nonlinear,45,500,50,,0.3,Python,pycox_CoxPH_DeepSurv,DeepSurv,0.2128457279339232,0.5629586146169651,0.3605351448059082,success,
setting2_smooth_nonlinear,nonlinear,46,500,50,,0.3,Python,pycox_CoxPH_DeepSurv,DeepSurv,0.2425739341228231,0.5142857142857142,0.2352499961853027,success,
setting2_smooth_nonlinear,nonlinear,47,500,50,,0.3,Python,pycox_CoxPH_DeepSurv,DeepSurv,0.2027739540985369,0.5492424242424242,0.2498471736907959,success,
setting2_smooth_nonlinear,nonlinear,48,500,50,,0.3,Python,pycox_CoxPH_DeepSurv,DeepSurv,0.2000312207526022,0.5851216022889842,0.3801906108856201,success,
setting2_smooth_nonlinear,nonlinear,49,500,50,,0.3,Python,pycox_CoxPH_DeepSurv,DeepSurv,0.218243068381656,0.535219747140277,0.4694986343383789,success,
setting2_smooth_nonlinear,nonlinear,50,500,50,,0.3,Python,pycox_CoxPH_DeepSurv,DeepSurv,0.2388473679600923,0.532765737874097,0.3046743869781494,success,
setting1_highdim_s50,highdim,1,500,500,50.0,0.3,R,survivalmodels_deepsurv,DeepSurv,0.2357471787875926,0.552833078101072,7.122999999999999,success,
setting1_highdim_s50,highdim,2,500,500,50.0,0.3,R,survivalmodels_deepsurv,DeepSurv,0.2443516092448628,0.5197544046983449,0.309000000000001,success,
setting1_highdim_s50,highdim,3,500,500,50.0,0.3,R,survivalmodels_deepsurv,DeepSurv,0.2211975516762672,0.5416311452117079,0.3130000000000024,success,
setting1_highdim_s50,highdim,4,500,500,50.0,0.3,R,survivalmodels_deepsurv,DeepSurv,0.2195990354779461,0.4875742841707186,0.232999999999997,success,
setting1_highdim_s50,highdim,5,500,500,50.0,0.3,R,survivalmodels_deepsurv,DeepSurv,0.2100105417606581,0.5753384343731607,0.3939999999999983,success,
setting1_highdim_s50,highdim,6,500,500,50.0,0.3,R,survivalmodels_deepsurv,DeepSurv,0.23220965455086,0.4836313617606602,0.4429999999999978,success,
setting1_highdim_s50,highdim,7,500,500,50.0,0.3,R,survivalmodels_deepsurv,DeepSurv,0.1993419631870452,0.4920400943396226,0.2510000000000012,success,
setting1_highdim_s50,highdim,8,500,500,50.0,0.3,R,survivalmodels_deepsurv,DeepSurv,0.2381427598763992,0.4365496267625104,0.5389999999999979,success,
setting1_highdim_s50,highdim,9,500,500,50.0,0.3,R,survivalmodels_deepsurv,DeepSurv,0.2368481339772414,0.6107800650054171,0.2609999999999992,success,
setting1_highdim_s50,highdim,10,500,500,50.0,0.3,R,survivalmodels_deepsurv,DeepSurv,0.2302820791032911,0.574017415862556,0.2330000000000005,success,
setting1_highdim_s50,highdim,11,500,500,50.0,0.3,R,survivalmodels_deepsurv,DeepSurv,0.2055324281504796,0.5431221020092736,0.2319999999999993,success,
setting1_highdim_s50,highdim,12,500,500,50.0,0.3,R,survivalmodels_deepsurv,DeepSurv,0.2548083593902682,0.4857029388403494,0.3230000000000004,success,
setting1_highdim_s50,highdim,13,500,500,50.0,0.3,R,survivalmodels_deepsurv,DeepSurv,0.2057628486387676,0.5093023255813953,0.2460000000000022,success,
setting1_highdim_s50,highdim,14,500,500,50.0,0.3,R,survivalmodels_deepsurv,DeepSurv,0.2276250392099321,0.4931248314909678,0.3850000000000051,success,
setting1_highdim_s50,highdim,15,500,500,50.0,0.3,R,survivalmodels_deepsurv,DeepSurv,0.2175806848224755,0.549182678520218,0.2849999999999966,success,
setting1_highdim_s50,highdim,16,500,500,50.0,0.3,R,survivalmodels_deepsurv,DeepSurv,0.2243398255792871,0.5375166889185581,0.2420000000000044,success,
setting1_highdim_s50,highdim,17,500,500,50.0,0.3,R,survivalmodels_deepsurv,DeepSurv,0.2188783986346615,0.4693696359869783,0.2180000000000035,success,
setting1_highdim_s50,highdim,18,500,500,50.0,0.3,R,survivalmodels_deepsurv,DeepSurv,0.2037220737790272,0.5093696763202726,0.4459999999999979,success,
setting1_highdim_s50,highdim,19,500,500,50.0,0.3,R,survivalmodels_deepsurv,DeepSurv,0.2099716462492635,0.5382926159758441,0.2659999999999982,success,
setting1_highdim_s50,highdim,20,500,500,50.0,0.3,R,survivalmodels_deepsurv,DeepSurv,0.231639497559704,0.5107741420590582,0.3100000000000023,success,
setting1_highdim_s50,highdim,21,500,500,50.0,0.3,R,survivalmodels_deepsurv,DeepSurv,0.2435634508059382,0.449011609664261,0.2439999999999997,success,
setting1_highdim_s50,highdim,22,500,500,50.0,0.3,R,survivalmodels_deepsurv,DeepSurv,0.214520622640521,0.498328775448192,0.4310000000000045,success,
setting1_highdim_s50,highdim,23,500,500,50.0,0.3,R,survivalmodels_deepsurv,DeepSurv,0.2301827483370435,0.4731061672768234,0.2040000000000006,success,
setting1_highdim_s50,highdim,24,500,500,50.0,0.3,R,survivalmodels_deepsurv,DeepSurv,0.2152615758853955,0.4934044344653382,0.4960000000000022,success,
setting1_highdim_s50,highdim,25,500,500,50.0,0.3,R,survivalmodels_deepsurv,DeepSurv,0.2364752880714503,0.4954878736604625,0.2489999999999952,success,
setting1_highdim_s50,highdim,26,500,500,50.0,0.3,R,survivalmodels_deepsurv,DeepSurv,0.2320915341009117,0.4963855421686747,0.3100000000000023,success,
setting1_highdim_s50,highdim,27,500,500,50.0,0.3,R,survivalmodels_deepsurv,DeepSurv,0.2484156250394416,0.4812819822246161,0.3020000000000067,success,
setting1_highdim_s50,highdim,28,500,500,50.0,0.3,R,survivalmodels_deepsurv,DeepSurv,0.2033636280816174,0.481943112815596,0.2189999999999941,success,
setting1_highdim_s50,highdim,29,500,500,50.0,0.3,R,survivalmodels_deepsurv,DeepSurv,0.2035196899736127,0.5113968439509059,0.2169999999999987,success,
setting1_highdim_s50,highdim,30,500,500,50.0,0.3,R,survivalmodels_deepsurv,DeepSurv,0.2076406955699253,0.5677966101694916,0.323999999999998,success,
setting1_highdim_s50,highdim,31,500,500,50.0,0.3,R,survivalmodels_deepsurv,DeepSurv,0.2138535445479107,0.4931581828133552,0.2280000000000086,success,
setting1_highdim_s50,highdim,32,500,500,50.0,0.3,R,survivalmodels_deepsurv,DeepSurv,0.2195891808342462,0.5315241228070176,0.2399999999999948,success,
setting1_highdim_s50,highdim,33,500,500,50.0,0.3,R,survivalmodels_deepsurv,DeepSurv,0.2275907921758068,0.4712482468443197,0.2540000000000049,success,
setting1_highdim_s50,highdim,34,500,500,50.0,0.3,R,survivalmodels_deepsurv,DeepSurv,0.2247175665874178,0.4617422012948793,0.2439999999999997,success,
setting1_highdim_s50,highdim,35,500,500,50.0,0.3,R,survivalmodels_deepsurv,DeepSurv,0.2070062378716957,0.5954389253358325,0.4239999999999924,success,
setting1_highdim_s50,highdim,36,500,500,50.0,0.3,R,survivalmodels_deepsurv,DeepSurv,0.2272752444155373,0.5259486607142857,0.2669999999999959,success,
setting1_highdim_s50,highdim,37,500,500,50.0,0.3,R,survivalmodels_deepsurv,DeepSurv,0.2147967040650943,0.5105682130112544,0.4459999999999979,success,
setting1_highdim_s50,highdim,38,500,500,50.0,0.3,R,survivalmodels_deepsurv,DeepSurv,0.2070838037033937,0.4964185611958891,0.242999999999995,success,
setting1_highdim_s50,highdim,39,500,500,50.0,0.3,R,survivalmodels_deepsurv,DeepSurv,0.2331353685550314,0.4755335762623633,0.2569999999999908,success,
setting1_highdim_s50,highdim,40,500,500,50.0,0.3,R,survivalmodels_deepsurv,DeepSurv,0.2250132574841924,0.5260590500641849,0.4010000000000104,success,
setting1_highdim_s50,highdim,41,500,500,50.0,0.3,R,survivalmodels_deepsurv,DeepSurv,0.2360632917750126,0.501763907734057,0.2270000000000038,success,
setting1_highdim_s50,highdim,42,500,500,50.0,0.3,R,survivalmodels_deepsurv,DeepSurv,0.2266833312085631,0.5508780991735538,0.2650000000000005,success,
setting1_highdim_s50,highdim,43,500,500,50.0,0.3,R,survivalmodels_deepsurv,DeepSurv,0.2082613702882296,0.5518085395703018,0.296999999999997,success,
setting1_highdim_s50,highdim,44,500,500,50.0,0.3,R,survivalmodels_deepsurv,DeepSurv,0.2472783287949098,0.479664130149567,0.2469999999999999,success,
setting1_highdim_s50,highdim,45,500,500,50.0,0.3,R,survivalmodels_deepsurv,DeepSurv,0.2180156553031618,0.5451925596017815,0.5240000000000009,success,
setting1_highdim_s50,highdim,46,500,500,50.0,0.3,R,survivalmodels_deepsurv,DeepSurv,0.1999103881075117,0.5728922716627635,0.2669999999999959,success,
setting1_highdim_s50,highdim,47,500,500,50.0,0.3,R,survivalmodels_deepsurv,DeepSurv,0.2241328149295384,0.4073705179282868,0.4710000000000036,success,
setting1_highdim_s50,highdim,48,500,500,50.0,0.3,R,survivalmodels_deepsurv,DeepSurv,0.2076849629515114,0.546828689982217,0.2430000000000092,success,
setting1_highdim_s50,highdim,49,500,500,50.0,0.3,R,survivalmodels_deepsurv,DeepSurv,0.2300232605177252,0.5,0.4710000000000036,success,
setting1_highdim_s50,highdim,50,500,500,50.0,0.3,R,survivalmodels_deepsurv,DeepSurv,0.2391154661961835,0.5072386058981233,0.3050000000000068,success,
setting2_smooth_nonlinear,nonlinear,1,500,50,,0.3,R,survivalmodels_deepsurv,DeepSurv,0.2293409867369878,0.5221702010465437,0.2459999999999951,success,
setting2_smooth_nonlinear,nonlinear,2,500,50,,0.3,R,survivalmodels_deepsurv,DeepSurv,0.2178316384454869,0.527380631238198,0.3589999999999946,success,
setting2_smooth_nonlinear,nonlinear,3,500,50,,0.3,R,survivalmodels_deepsurv,DeepSurv,0.215747474040442,0.5607629427792915,0.1809999999999973,success,
setting2_smooth_nonlinear,nonlinear,4,500,50,,0.3,R,survivalmodels_deepsurv,DeepSurv,0.2057938748173114,0.5710505424715533,0.2319999999999993,success,
setting2_smooth_nonlinear,nonlinear,5,500,50,,0.3,R,survivalmodels_deepsurv,DeepSurv,0.2205406394391967,0.5374899220639613,0.242999999999995,success,
setting2_smooth_nonlinear,nonlinear,6,500,50,,0.3,R,survivalmodels_deepsurv,DeepSurv,0.2061101507582274,0.6060941828254848,0.3389999999999986,success,
setting2_smooth_nonlinear,nonlinear,7,500,50,,0.3,R,survivalmodels_deepsurv,DeepSurv,0.1885173191485558,0.5492909028017987,0.2660000000000053,success,
setting2_smooth_nonlinear,nonlinear,8,500,50,,0.3,R,survivalmodels_deepsurv,DeepSurv,0.1992055605003617,0.5455614344503233,0.2660000000000053,success,
setting2_smooth_nonlinear,nonlinear,9,500,50,,0.3,R,survivalmodels_deepsurv,DeepSurv,0.2101317777071325,0.5998415213946118,0.3010000000000019,success,
setting2_smooth_nonlinear,nonlinear,10,500,50,,0.3,R,survivalmodels_deepsurv,DeepSurv,0.2192566585779164,0.5433493363456651,0.2850000000000108,success,
setting2_smooth_nonlinear,nonlinear,11,500,50,,0.3,R,survivalmodels_deepsurv,DeepSurv,0.1796377823025256,0.5602046959662854,0.3369999999999891,success,
setting2_smooth_nonlinear,nonlinear,12,500,50,,0.3,R,survivalmodels_deepsurv,DeepSurv,0.1953134145406033,0.5600667408231368,0.2009999999999934,success,
setting2_smooth_nonlinear,nonlinear,13,500,50,,0.3,R,survivalmodels_deepsurv,DeepSurv,0.2034739821399456,0.6418936116060066,0.4399999999999977,success,
setting2_smooth_nonlinear,nonlinear,14,500,50,,0.3,R,survivalmodels_deepsurv,DeepSurv,0.2088045005720851,0.5855042558679391,0.4469999999999885,success,
setting2_smooth_nonlinear,nonlinear,15,500,50,,0.3,R,survivalmodels_deepsurv,DeepSurv,0.2072674419959459,0.5739177783827933,0.4099999999999966,success,
setting2_smooth_nonlinear,nonlinear,16,500,50,,0.3,R,survivalmodels_deepsurv,DeepSurv,0.2227040427755075,0.5560125816598113,0.2939999999999969,success,
setting2_smooth_nonlinear,nonlinear,17,500,50,,0.3,R,survivalmodels_deepsurv,DeepSurv,0.1990586690717229,0.5862460926399545,0.3639999999999901,success,
setting2_smooth_nonlinear,nonlinear,18,500,50,,0.3,R,survivalmodels_deepsurv,DeepSurv,0.1857760213265524,0.5734705546026301,0.2160000000000081,success,
setting2_smooth_nonlinear,nonlinear,19,500,50,,0.3,R,survivalmodels_deepsurv,DeepSurv,0.2110754379211152,0.5410687022900763,0.2890000000000015,success,
setting2_smooth_nonlinear,nonlinear,20,500,50,,0.3,R,survivalmodels_deepsurv,DeepSurv,0.2020348538866431,0.47632058287796,0.2129999999999938,success,
setting2_smooth_nonlinear,nonlinear,21,500,50,,0.3,R,survivalmodels_deepsurv,DeepSurv,0.2313657402202255,0.564437194127243,0.5,success,
setting2_smooth_nonlinear,nonlinear,22,500,50,,0.3,R,survivalmodels_deepsurv,DeepSurv,0.1924662137072931,0.5227992400253325,0.2529999999999859,success,
setting2_smooth_nonlinear,nonlinear,23,500,50,,0.3,R,survivalmodels_deepsurv,DeepSurv,0.2104854401706876,0.5099236641221374,0.2610000000000241,success,
setting2_smooth_nonlinear,nonlinear,24,500,50,,0.3,R,survivalmodels_deepsurv,DeepSurv,0.1949209562505039,0.58171834625323,0.2520000000000095,success,
setting2_smooth_nonlinear,nonlinear,25,500,50,,0.3,R,survivalmodels_deepsurv,DeepSurv,0.2041434352747145,0.5959207803724504,0.3419999999999845,success,
setting2_smooth_nonlinear,nonlinear,26,500,50,,0.3,R,survivalmodels_deepsurv,DeepSurv,0.2343611757815948,0.578259733472694,0.3100000000000023,success,
setting2_smooth_nonlinear,nonlinear,27,500,50,,0.3,R,survivalmodels_deepsurv,DeepSurv,0.2157741070967155,0.6006664815329075,0.2980000000000018,success,
setting2_smooth_nonlinear,nonlinear,28,500,50,,0.3,R,survivalmodels_deepsurv,DeepSurv,0.2298040310082416,0.4828265765765765,0.2800000000000011,success,
setting2_smooth_nonlinear,nonlinear,29,500,50,,0.3,R,survivalmodels_deepsurv,DeepSurv,0.2435707900606452,0.5042286380869059,0.3779999999999859,success,
setting2_smooth_nonlinear,nonlinear,30,500,50,,0.3,R,survivalmodels_deepsurv,DeepSurv,0.195429117002327,0.5737636211232188,0.3430000000000177,success,
setting2_smooth_nonlinear,nonlinear,31,500,50,,0.3,R,survivalmodels_deepsurv,DeepSurv,0.2093471295299486,0.6323253947016323,0.3290000000000077,success,
setting2_smooth_nonlinear,nonlinear,32,500,50,,0.3,R,survivalmodels_deepsurv,DeepSurv,0.2016251202484038,0.5710935209615948,0.2660000000000195,success,
setting2_smooth_nonlinear,nonlinear,33,500,50,,0.3,R,survivalmodels_deepsurv,DeepSurv,0.1944703164252286,0.6515426497277677,0.5529999999999973,success,
setting2_smooth_nonlinear,nonlinear,34,500,50,,0.3,R,survivalmodels_deepsurv,DeepSurv,0.1980664552680559,0.5684731934731935,0.3880000000000052,success,
setting2_smooth_nonlinear,nonlinear,35,500,50,,0.3,R,survivalmodels_deepsurv,DeepSurv,0.1803399805194613,0.657510227936879,0.3640000000000043,success,
setting2_smooth_nonlinear,nonlinear,36,500,50,,0.3,R,survivalmodels_deepsurv,DeepSurv,0.2304675192834194,0.6046209761163033,0.4389999999999929,success,
setting2_smooth_nonlinear,nonlinear,37,500,50,,0.3,R,survivalmodels_deepsurv,DeepSurv,0.2086129095741657,0.5766750770955985,0.3439999999999941,success,
setting2_smooth_nonlinear,nonlinear,38,500,50,,0.3,R,survivalmodels_deepsurv,DeepSurv,0.2373617359324718,0.532789274264063,0.4399999999999977,success,
setting2_smooth_nonlinear,nonlinear,39,500,50,,0.3,R,survivalmodels_deepsurv,DeepSurv,0.2215069181509679,0.5499707773232028,0.3589999999999804,success,
setting2_smooth_nonlinear,nonlinear,40,500,50,,0.3,R,survivalmodels_deepsurv,DeepSurv,0.2045233787408501,0.5580941766508777,0.2199999999999988,success,
setting2_smooth_nonlinear,nonlinear,41,500,50,,0.3,R,survivalmodels_deepsurv,DeepSurv,0.2319455768563307,0.5061961206896552,0.3049999999999784,success,
setting2_smooth_nonlinear,nonlinear,42,500,50,,0.3,R,survivalmodels_deepsurv,DeepSurv,0.2083619312870102,0.5839041095890412,0.51400000000001,success,
setting2_smooth_nonlinear,nonlinear,43,500,50,,0.3,R,survivalmodels_deepsurv,DeepSurv,0.1826599658200487,0.6261317514829847,0.3209999999999979,success,
setting2_smooth_nonlinear,nonlinear,44,500,50,,0.3,R,survivalmodels_deepsurv,DeepSurv,0.2241254153374288,0.514729512587038,0.2519999999999811,success,
setting2_smooth_nonlinear,nonlinear,45,500,50,,0.3,R,survivalmodels_deepsurv,DeepSurv,0.2142181565657934,0.5735250953918403,0.3540000000000134,success,
setting2_smooth_nonlinear,nonlinear,46,500,50,,0.3,R,survivalmodels_deepsurv,DeepSurv,0.2167411289349243,0.5571428571428572,0.4790000000000134,success,
setting2_smooth_nonlinear,nonlinear,47,500,50,,0.3,R,survivalmodels_deepsurv,DeepSurv,0.1894657109745531,0.5958624708624709,0.2620000000000004,success,
setting2_smooth_nonlinear,nonlinear,48,500,50,,0.3,R,survivalmodels_deepsurv,DeepSurv,0.19968516275708,0.5608011444921316,0.3270000000000266,success,
setting2_smooth_nonlinear,nonlinear,49,500,50,,0.3,R,survivalmodels_deepsurv,DeepSurv,0.2288240933966545,0.5484647802528597,0.3670000000000186,success,
setting2_smooth_nonlinear,nonlinear,50,500,50,,0.3,R,survivalmodels_deepsurv,DeepSurv,0.2284430004303408,0.532765737874097,0.3199999999999932,success,
