setting,setting_type,rep,n,p,s,rho,language,method,model_class,ibs,cindex_td,runtime_sec,status,error_message
setting1_highdim_s50_n1000,highdim,1,1000,500,50.0,0.3,Python,sksurv_CoxnetSurvivalAnalysis,Penalized Cox,0.1695263987507002,0.6885810940192761,1.0712661743164062,success,
setting1_highdim_s50_n1000,highdim,1,1000,500,50.0,0.3,Python,sksurv_RandomSurvivalForest,RSF,0.2117548019658694,0.6176038807684943,4.396811723709106,success,
setting1_highdim_s50_n1000,highdim,1,1000,500,50.0,0.3,Python,sksurv_GradientBoostingSurvivalAnalysis,Boosting,0.2201083074403077,0.6151145720303823,28.881755352020264,success,
setting1_highdim_s50_n1000,highdim,2,1000,500,50.0,0.3,Python,sksurv_CoxnetSurvivalAnalysis,Penalized Cox,0.1795046242602207,0.6658880210234324,0.7807223796844482,success,
setting1_highdim_s50_n1000,highdim,2,1000,500,50.0,0.3,Python,sksurv_RandomSurvivalForest,RSF,0.1958265514941451,0.5889480984013432,4.288422346115112,success,
setting1_highdim_s50_n1000,highdim,2,1000,500,50.0,0.3,Python,sksurv_GradientBoostingSurvivalAnalysis,Boosting,0.216756366153897,0.5961019052485583,28.710038423538208,success,
setting1_highdim_s50_n1000,highdim,3,1000,500,50.0,0.3,Python,sksurv_CoxnetSurvivalAnalysis,Penalized Cox,0.1572811752614834,0.673105387803434,1.1177661418914795,success,
setting1_highdim_s50_n1000,highdim,3,1000,500,50.0,0.3,Python,sksurv_RandomSurvivalForest,RSF,0.1789287969468019,0.6227797513321492,4.280925750732422,success,
setting1_highdim_s50_n1000,highdim,3,1000,500,50.0,0.3,Python,sksurv_GradientBoostingSurvivalAnalysis,Boosting,0.1631695544558385,0.6625962107756068,28.69356203079224,success,
setting1_highdim_s50_n1000,highdim,4,1000,500,50.0,0.3,Python,sksurv_CoxnetSurvivalAnalysis,Penalized Cox,0.2073511886335775,0.6329000138293459,1.2615289688110352,success,
setting1_highdim_s50_n1000,highdim,4,1000,500,50.0,0.3,Python,sksurv_RandomSurvivalForest,RSF,0.2196882370930624,0.5535887152537685,4.549105644226074,success,
setting1_highdim_s50_n1000,highdim,4,1000,500,50.0,0.3,Python,sksurv_GradientBoostingSurvivalAnalysis,Boosting,0.2521375576643975,0.5531738348776103,28.664334297180176,success,
setting1_highdim_s50_n1000,highdim,5,1000,500,50.0,0.3,Python,sksurv_CoxnetSurvivalAnalysis,Penalized Cox,0.1796221049920171,0.6346452249964734,1.1514475345611572,success,
setting1_highdim_s50_n1000,highdim,5,1000,500,50.0,0.3,Python,sksurv_RandomSurvivalForest,RSF,0.1886369525563853,0.5835096628579489,4.307065486907959,success,
setting1_highdim_s50_n1000,highdim,5,1000,500,50.0,0.3,Python,sksurv_GradientBoostingSurvivalAnalysis,Boosting,0.1928808208655399,0.5839328537170264,28.64350652694702,success,
setting1_highdim_s50_n1000,highdim,6,1000,500,50.0,0.3,Python,sksurv_CoxnetSurvivalAnalysis,Penalized Cox,0.1984422671938512,0.643462346641361,0.9618756771087646,success,
setting1_highdim_s50_n1000,highdim,6,1000,500,50.0,0.3,Python,sksurv_RandomSurvivalForest,RSF,0.2176545989780133,0.5344675659187962,4.451746463775635,success,
setting1_highdim_s50_n1000,highdim,6,1000,500,50.0,0.3,Python,sksurv_GradientBoostingSurvivalAnalysis,Boosting,0.2451222314914259,0.553650105063377,28.716578483581543,success,
setting1_highdim_s50_n1000,highdim,7,1000,500,50.0,0.3,Python,sksurv_CoxnetSurvivalAnalysis,Penalized Cox,0.1741453862763377,0.6868805425143454,1.3592543601989746,success,
setting1_highdim_s50_n1000,highdim,7,1000,500,50.0,0.3,Python,sksurv_RandomSurvivalForest,RSF,0.2095252066545215,0.5973526343244653,4.486713409423828,success,
setting1_highdim_s50_n1000,highdim,7,1000,500,50.0,0.3,Python,sksurv_GradientBoostingSurvivalAnalysis,Boosting,0.1989777898812041,0.6298252477829943,29.239992141723636,success,
setting1_highdim_s50_n1000,highdim,8,1000,500,50.0,0.3,Python,sksurv_CoxnetSurvivalAnalysis,Penalized Cox,0.1617958606437907,0.7016494709863967,0.9398112297058104,success,
setting1_highdim_s50_n1000,highdim,8,1000,500,50.0,0.3,Python,sksurv_RandomSurvivalForest,RSF,0.1994097184425061,0.5694289281724387,4.217502117156982,success,
setting1_highdim_s50_n1000,highdim,8,1000,500,50.0,0.3,Python,sksurv_GradientBoostingSurvivalAnalysis,Boosting,0.2005407357895892,0.6362620753105079,28.67773056030273,success,
setting1_highdim_s50_n1000,highdim,9,1000,500,50.0,0.3,Python,sksurv_CoxnetSurvivalAnalysis,Penalized Cox,0.1861349823813732,0.6424189891985598,1.290188550949097,success,
setting1_highdim_s50_n1000,highdim,9,1000,500,50.0,0.3,Python,sksurv_RandomSurvivalForest,RSF,0.2095480277652505,0.590945459394586,4.420179605484009,success,
setting1_highdim_s50_n1000,highdim,9,1000,500,50.0,0.3,Python,sksurv_GradientBoostingSurvivalAnalysis,Boosting,0.2333766972457718,0.5621416188825177,29.212605714797974,success,
setting1_highdim_s50_n1000,highdim,10,1000,500,50.0,0.3,Python,sksurv_CoxnetSurvivalAnalysis,Penalized Cox,0.1637642165559474,0.6505767394019543,0.9910523891448976,success,
setting1_highdim_s50_n1000,highdim,10,1000,500,50.0,0.3,Python,sksurv_RandomSurvivalForest,RSF,0.1892886608898469,0.5463962971126295,4.370995283126831,success,
setting1_highdim_s50_n1000,highdim,10,1000,500,50.0,0.3,Python,sksurv_GradientBoostingSurvivalAnalysis,Boosting,0.2012314720466066,0.561824994489751,28.861865043640137,success,
setting1_highdim_s50_n1000,highdim,11,1000,500,50.0,0.3,Python,sksurv_CoxnetSurvivalAnalysis,Penalized Cox,0.1732135598981464,0.7222632391435667,1.0693156719207764,success,
setting1_highdim_s50_n1000,highdim,11,1000,500,50.0,0.3,Python,sksurv_RandomSurvivalForest,RSF,0.2046652158371578,0.6356131283978791,4.259238243103027,success,
setting1_highdim_s50_n1000,highdim,11,1000,500,50.0,0.3,Python,sksurv_GradientBoostingSurvivalAnalysis,Boosting,0.2120150881121239,0.6174911067856903,28.702985048294067,success,
setting1_highdim_s50_n1000,highdim,12,1000,500,50.0,0.3,Python,sksurv_CoxnetSurvivalAnalysis,Penalized Cox,0.1754992356552796,0.6750450030002,1.0332903861999512,success,
setting1_highdim_s50_n1000,highdim,12,1000,500,50.0,0.3,Python,sksurv_RandomSurvivalForest,RSF,0.2050118489344531,0.5653043536235749,4.231656789779663,success,
setting1_highdim_s50_n1000,highdim,12,1000,500,50.0,0.3,Python,sksurv_GradientBoostingSurvivalAnalysis,Boosting,0.2160357628329728,0.5715047669844656,29.227095127105716,success,
setting1_highdim_s50_n1000,highdim,13,1000,500,50.0,0.3,Python,sksurv_CoxnetSurvivalAnalysis,Penalized Cox,0.1925539602779638,0.6322344322344322,0.9649269580841064,success,
setting1_highdim_s50_n1000,highdim,13,1000,500,50.0,0.3,Python,sksurv_RandomSurvivalForest,RSF,0.215555112799014,0.5200799200799201,4.27849817276001,success,
setting1_highdim_s50_n1000,highdim,13,1000,500,50.0,0.3,Python,sksurv_GradientBoostingSurvivalAnalysis,Boosting,0.2439315821663809,0.5177489177489177,28.70003914833069,success,
setting1_highdim_s50_n1000,highdim,14,1000,500,50.0,0.3,Python,sksurv_CoxnetSurvivalAnalysis,Penalized Cox,0.1852135580169728,0.6607239330091842,1.1745991706848145,success,
setting1_highdim_s50_n1000,highdim,14,1000,500,50.0,0.3,Python,sksurv_RandomSurvivalForest,RSF,0.2130280149708076,0.5901539708265803,4.306115388870239,success,
setting1_highdim_s50_n1000,highdim,14,1000,500,50.0,0.3,Python,sksurv_GradientBoostingSurvivalAnalysis,Boosting,0.2174680617963013,0.5979875742841707,28.79829406738281,success,
setting1_highdim_s50_n1000,highdim,15,1000,500,50.0,0.3,Python,sksurv_CoxnetSurvivalAnalysis,Penalized Cox,0.1701294758364108,0.684825179804885,1.5234956741333008,success,
setting1_highdim_s50_n1000,highdim,15,1000,500,50.0,0.3,Python,sksurv_RandomSurvivalForest,RSF,0.1988678184284814,0.5602079327778965,4.286914348602295,success,
setting1_highdim_s50_n1000,highdim,15,1000,500,50.0,0.3,Python,sksurv_GradientBoostingSurvivalAnalysis,Boosting,0.2149240563295694,0.5793633838923307,28.659098625183105,success,
setting1_highdim_s50_n1000,highdim,16,1000,500,50.0,0.3,Python,sksurv_CoxnetSurvivalAnalysis,Penalized Cox,0.1985182094528651,0.6577060931899642,1.0652413368225098,success,
setting1_highdim_s50_n1000,highdim,16,1000,500,50.0,0.3,Python,sksurv_RandomSurvivalForest,RSF,0.2196255246390605,0.5670762928827445,4.326887369155884,success,
setting1_highdim_s50_n1000,highdim,16,1000,500,50.0,0.3,Python,sksurv_GradientBoostingSurvivalAnalysis,Boosting,0.2339948444260413,0.5842293906810035,28.616257667541504,success,
setting1_highdim_s50_n1000,highdim,17,1000,500,50.0,0.3,Python,sksurv_CoxnetSurvivalAnalysis,Penalized Cox,0.1783194362071015,0.6422413793103449,1.175485134124756,success,
setting1_highdim_s50_n1000,highdim,17,1000,500,50.0,0.3,Python,sksurv_RandomSurvivalForest,RSF,0.1981668978539909,0.5815598060344828,4.226342678070068,success,
setting1_highdim_s50_n1000,highdim,17,1000,500,50.0,0.3,Python,sksurv_GradientBoostingSurvivalAnalysis,Boosting,0.2125642056172185,0.5602774784482759,28.661645889282227,success,
setting1_highdim_s50_n1000,highdim,18,1000,500,50.0,0.3,Python,sksurv_CoxnetSurvivalAnalysis,Penalized Cox,0.1779532779778482,0.653592997217887,0.9363927841186525,success,
setting1_highdim_s50_n1000,highdim,18,1000,500,50.0,0.3,Python,sksurv_RandomSurvivalForest,RSF,0.1974379878006367,0.571893872565651,4.227680206298828,success,
setting1_highdim_s50_n1000,highdim,18,1000,500,50.0,0.3,Python,sksurv_GradientBoostingSurvivalAnalysis,Boosting,0.2008226827744123,0.6046006649928751,29.08705973625183,success,
setting1_highdim_s50_n1000,highdim,19,1000,500,50.0,0.3,Python,sksurv_CoxnetSurvivalAnalysis,Penalized Cox,0.1593294509780861,0.6627872932220759,1.1760191917419434,success,
setting1_highdim_s50_n1000,highdim,19,1000,500,50.0,0.3,Python,sksurv_RandomSurvivalForest,RSF,0.1868730328602777,0.5401844532279315,4.266827821731567,success,
setting1_highdim_s50_n1000,highdim,19,1000,500,50.0,0.3,Python,sksurv_GradientBoostingSurvivalAnalysis,Boosting,0.1896001091226111,0.6119894598155468,28.567291736602783,success,
setting1_highdim_s50_n1000,highdim,20,1000,500,50.0,0.3,Python,sksurv_CoxnetSurvivalAnalysis,Penalized Cox,0.2124137410587122,0.6233757444504602,1.125782489776611,success,
setting1_highdim_s50_n1000,highdim,20,1000,500,50.0,0.3,Python,sksurv_RandomSurvivalForest,RSF,0.2172547479500547,0.5360720086626962,4.297375440597534,success,
setting1_highdim_s50_n1000,highdim,20,1000,500,50.0,0.3,Python,sksurv_GradientBoostingSurvivalAnalysis,Boosting,0.2371464698017996,0.5704520844612886,28.71715259552002,success,
setting1_highdim_s50_n1000,highdim,21,1000,500,50.0,0.3,Python,sksurv_CoxnetSurvivalAnalysis,Penalized Cox,0.1908683804271532,0.6835669549657024,0.8894214630126953,success,
setting1_highdim_s50_n1000,highdim,21,1000,500,50.0,0.3,Python,sksurv_RandomSurvivalForest,RSF,0.2086656520267891,0.5835073068893528,4.411575078964233,success,
setting1_highdim_s50_n1000,highdim,21,1000,500,50.0,0.3,Python,sksurv_GradientBoostingSurvivalAnalysis,Boosting,0.2272948139798171,0.6345809722636445,28.63543009757996,success,
setting1_highdim_s50_n1000,highdim,22,1000,500,50.0,0.3,Python,sksurv_CoxnetSurvivalAnalysis,Penalized Cox,0.1753376050732873,0.6964949548592672,1.1004557609558103,success,
setting1_highdim_s50_n1000,highdim,22,1000,500,50.0,0.3,Python,sksurv_RandomSurvivalForest,RSF,0.2133870245115132,0.5673127987254382,4.366111516952515,success,
setting1_highdim_s50_n1000,highdim,22,1000,500,50.0,0.3,Python,sksurv_GradientBoostingSurvivalAnalysis,Boosting,0.22574540887823,0.620817843866171,29.08702516555786,success,
setting1_highdim_s50_n1000,highdim,23,1000,500,50.0,0.3,Python,sksurv_CoxnetSurvivalAnalysis,Penalized Cox,0.1786943184483106,0.6942409050006427,1.5788753032684326,success,
setting1_highdim_s50_n1000,highdim,23,1000,500,50.0,0.3,Python,sksurv_RandomSurvivalForest,RSF,0.213275799960143,0.5927497107597377,4.403511047363281,success,
setting1_highdim_s50_n1000,highdim,23,1000,500,50.0,0.3,Python,sksurv_GradientBoostingSurvivalAnalysis,Boosting,0.2181917039375559,0.5913356472554313,28.623676538467407,success,
setting1_highdim_s50_n1000,highdim,24,1000,500,50.0,0.3,Python,sksurv_CoxnetSurvivalAnalysis,Penalized Cox,0.1592920402051246,0.6877956480605487,1.089442253112793,success,
setting1_highdim_s50_n1000,highdim,24,1000,500,50.0,0.3,Python,sksurv_RandomSurvivalForest,RSF,0.1922988307083874,0.5613128593261043,4.3964684009552,success,
setting1_highdim_s50_n1000,highdim,24,1000,500,50.0,0.3,Python,sksurv_GradientBoostingSurvivalAnalysis,Boosting,0.1960407327950695,0.5560002910996289,28.622965812683105,success,
setting1_highdim_s50_n1000,highdim,25,1000,500,50.0,0.3,Python,sksurv_CoxnetSurvivalAnalysis,Penalized Cox,0.1680590403513645,0.6825867695045981,0.8519840240478516,success,
setting1_highdim_s50_n1000,highdim,25,1000,500,50.0,0.3,Python,sksurv_RandomSurvivalForest,RSF,0.1931782455255752,0.5702313853455948,4.243581771850586,success,
setting1_highdim_s50_n1000,highdim,25,1000,500,50.0,0.3,Python,sksurv_GradientBoostingSurvivalAnalysis,Boosting,0.1871686256409431,0.6448383269059627,28.626745462417603,success,
setting1_highdim_s50_n1000,highdim,26,1000,500,50.0,0.3,Python,sksurv_CoxnetSurvivalAnalysis,Penalized Cox,0.1862824967732339,0.6791656002047607,1.5537006855010986,success,
setting1_highdim_s50_n1000,highdim,26,1000,500,50.0,0.3,Python,sksurv_RandomSurvivalForest,RSF,0.219201309050642,0.5650755055029434,4.49819278717041,success,
setting1_highdim_s50_n1000,highdim,26,1000,500,50.0,0.3,Python,sksurv_GradientBoostingSurvivalAnalysis,Boosting,0.2227083941864503,0.6148579472741234,29.03774690628052,success,
setting1_highdim_s50_n1000,highdim,27,1000,500,50.0,0.3,Python,sksurv_CoxnetSurvivalAnalysis,Penalized Cox,0.1784177198029652,0.6812474956591426,1.666001319885254,success,
setting1_highdim_s50_n1000,highdim,27,1000,500,50.0,0.3,Python,sksurv_RandomSurvivalForest,RSF,0.2087504015441035,0.5487511686924001,4.457258224487305,success,
setting1_highdim_s50_n1000,highdim,27,1000,500,50.0,0.3,Python,sksurv_GradientBoostingSurvivalAnalysis,Boosting,0.218779390731802,0.5510217710698544,28.775872468948364,success,
setting1_highdim_s50_n1000,highdim,28,1000,500,50.0,0.3,Python,sksurv_CoxnetSurvivalAnalysis,Penalized Cox,0.1889118988298652,0.6702039117769455,1.3321728706359863,success,
setting1_highdim_s50_n1000,highdim,28,1000,500,50.0,0.3,Python,sksurv_RandomSurvivalForest,RSF,0.2134393594558195,0.568039950062422,4.283567667007446,success,
setting1_highdim_s50_n1000,highdim,28,1000,500,50.0,0.3,Python,sksurv_GradientBoostingSurvivalAnalysis,Boosting,0.2449000472602407,0.5671382993480372,28.853790760040283,success,
setting1_highdim_s50_n1000,highdim,29,1000,500,50.0,0.3,Python,sksurv_CoxnetSurvivalAnalysis,Penalized Cox,0.1767222749704929,0.6735784072538131,1.2560091018676758,success,
setting1_highdim_s50_n1000,highdim,29,1000,500,50.0,0.3,Python,sksurv_RandomSurvivalForest,RSF,0.1937207301001769,0.5921838757292472,4.398085117340088,success,
setting1_highdim_s50_n1000,highdim,29,1000,500,50.0,0.3,Python,sksurv_GradientBoostingSurvivalAnalysis,Boosting,0.2025943704788415,0.6187530751388206,28.90792489051819,success,
setting1_highdim_s50_n1000,highdim,30,1000,500,50.0,0.3,Python,sksurv_CoxnetSurvivalAnalysis,Penalized Cox,0.1657377344109374,0.6883366562232982,1.1461515426635742,success,
setting1_highdim_s50_n1000,highdim,30,1000,500,50.0,0.3,Python,sksurv_RandomSurvivalForest,RSF,0.2019805443605601,0.528766733124466,4.218785047531128,success,
setting1_highdim_s50_n1000,highdim,30,1000,500,50.0,0.3,Python,sksurv_GradientBoostingSurvivalAnalysis,Boosting,0.2062445044392169,0.6122899458843635,28.7020525932312,success,
setting1_highdim_s50_n1000,highdim,31,1000,500,50.0,0.3,Python,sksurv_CoxnetSurvivalAnalysis,Penalized Cox,0.1728410288214988,0.6827521342786862,1.530841588973999,success,
setting1_highdim_s50_n1000,highdim,31,1000,500,50.0,0.3,Python,sksurv_RandomSurvivalForest,RSF,0.1994529394742515,0.5696715381276226,4.247519254684448,success,
setting1_highdim_s50_n1000,highdim,31,1000,500,50.0,0.3,Python,sksurv_GradientBoostingSurvivalAnalysis,Boosting,0.2144463553432774,0.598683258573289,28.69035243988037,success,
setting1_highdim_s50_n1000,highdim,32,1000,500,50.0,0.3,Python,sksurv_CoxnetSurvivalAnalysis,Penalized Cox,0.1738127882668821,0.6863364473418913,1.009923219680786,success,
setting1_highdim_s50_n1000,highdim,32,1000,500,50.0,0.3,Python,sksurv_RandomSurvivalForest,RSF,0.2074729826621543,0.5605887492439008,4.354963302612305,success,
setting1_highdim_s50_n1000,highdim,32,1000,500,50.0,0.3,Python,sksurv_GradientBoostingSurvivalAnalysis,Boosting,0.2152191149987582,0.6300154580280933,28.62850260734558,success,
setting1_highdim_s50_n1000,highdim,33,1000,500,50.0,0.3,Python,sksurv_CoxnetSurvivalAnalysis,Penalized Cox,0.172194212500486,0.6459135938359934,0.984355926513672,success,
setting1_highdim_s50_n1000,highdim,33,1000,500,50.0,0.3,Python,sksurv_RandomSurvivalForest,RSF,0.1954388495051682,0.5767749036873968,4.305374622344971,success,
setting1_highdim_s50_n1000,highdim,33,1000,500,50.0,0.3,Python,sksurv_GradientBoostingSurvivalAnalysis,Boosting,0.1920488310998723,0.5951430930104568,28.59817337989807,success,
setting1_highdim_s50_n1000,highdim,34,1000,500,50.0,0.3,Python,sksurv_CoxnetSurvivalAnalysis,Penalized Cox,0.1733551628216486,0.6903553299492385,0.9354100227355956,success,
setting1_highdim_s50_n1000,highdim,34,1000,500,50.0,0.3,Python,sksurv_RandomSurvivalForest,RSF,0.1988780095715628,0.6183004812446437,4.340216398239136,success,
setting1_highdim_s50_n1000,highdim,34,1000,500,50.0,0.3,Python,sksurv_GradientBoostingSurvivalAnalysis,Boosting,0.2027749389599904,0.6185641769398115,28.628249883651733,success,
setting1_highdim_s50_n1000,highdim,35,1000,500,50.0,0.3,Python,sksurv_CoxnetSurvivalAnalysis,Penalized Cox,0.162691308999557,0.67132972322503,1.2314844131469729,success,
setting1_highdim_s50_n1000,highdim,35,1000,500,50.0,0.3,Python,sksurv_RandomSurvivalForest,RSF,0.1887871593473148,0.5519705174488568,4.317146301269531,success,
setting1_highdim_s50_n1000,highdim,35,1000,500,50.0,0.3,Python,sksurv_GradientBoostingSurvivalAnalysis,Boosting,0.1829199577790042,0.5969464500601684,28.746368885040283,success,
setting1_highdim_s50_n1000,highdim,36,1000,500,50.0,0.3,Python,sksurv_CoxnetSurvivalAnalysis,Penalized Cox,0.1664505504042523,0.6727350917431193,1.1241750717163086,success,
setting1_highdim_s50_n1000,highdim,36,1000,500,50.0,0.3,Python,sksurv_RandomSurvivalForest,RSF,0.195858469745466,0.5265911697247706,4.659534215927124,success,
setting1_highdim_s50_n1000,highdim,36,1000,500,50.0,0.3,Python,sksurv_GradientBoostingSurvivalAnalysis,Boosting,0.204101615078911,0.5753297018348624,28.594475030899048,success,
setting1_highdim_s50_n1000,highdim,37,1000,500,50.0,0.3,Python,sksurv_CoxnetSurvivalAnalysis,Penalized Cox,0.1631797172607897,0.7131612537228762,1.6567950248718262,success,
setting1_highdim_s50_n1000,highdim,37,1000,500,50.0,0.3,Python,sksurv_RandomSurvivalForest,RSF,0.2003626634207647,0.5718337824422067,4.345209360122681,success,
setting1_highdim_s50_n1000,highdim,37,1000,500,50.0,0.3,Python,sksurv_GradientBoostingSurvivalAnalysis,Boosting,0.2064447400622559,0.627854205077294,29.011058568954468,success,
setting1_highdim_s50_n1000,highdim,38,1000,500,50.0,0.3,Python,sksurv_CoxnetSurvivalAnalysis,Penalized Cox,0.1702838250085721,0.6786102062975027,1.0093307495117188,success,
setting1_highdim_s50_n1000,highdim,38,1000,500,50.0,0.3,Python,sksurv_RandomSurvivalForest,RSF,0.1971460413966016,0.6009093376764386,4.207390308380127,success,
setting1_highdim_s50_n1000,highdim,38,1000,500,50.0,0.3,Python,sksurv_GradientBoostingSurvivalAnalysis,Boosting,0.1865299056687194,0.6140743756786102,28.798763036727905,success,
setting1_highdim_s50_n1000,highdim,39,1000,500,50.0,0.3,Python,sksurv_CoxnetSurvivalAnalysis,Penalized Cox,0.1746391872503317,0.6853849762112176,1.2562317848205566,success,
setting1_highdim_s50_n1000,highdim,39,1000,500,50.0,0.3,Python,sksurv_RandomSurvivalForest,RSF,0.2055299685171771,0.5638946592508208,4.26352858543396,success,
setting1_highdim_s50_n1000,highdim,39,1000,500,50.0,0.3,Python,sksurv_GradientBoostingSurvivalAnalysis,Boosting,0.2131202730465491,0.60919386182403,29.15339016914368,success,
setting1_highdim_s50_n1000,highdim,40,1000,500,50.0,0.3,Python,sksurv_CoxnetSurvivalAnalysis,Penalized Cox,0.1947193969384077,0.6395509977827051,0.958367109298706,success,
setting1_highdim_s50_n1000,highdim,40,1000,500,50.0,0.3,Python,sksurv_RandomSurvivalForest,RSF,0.2087989778200398,0.575110864745011,4.33556604385376,success,
setting1_highdim_s50_n1000,highdim,40,1000,500,50.0,0.3,Python,sksurv_GradientBoostingSurvivalAnalysis,Boosting,0.2307632308602164,0.5889689578713969,28.65361785888672,success,
setting1_highdim_s50_n1000,highdim,41,1000,500,50.0,0.3,Python,sksurv_CoxnetSurvivalAnalysis,Penalized Cox,0.1818457161475004,0.6885026737967914,1.1188104152679443,success,
setting1_highdim_s50_n1000,highdim,41,1000,500,50.0,0.3,Python,sksurv_RandomSurvivalForest,RSF,0.2008257229524457,0.6131907308377896,4.270631551742554,success,
setting1_highdim_s50_n1000,highdim,41,1000,500,50.0,0.3,Python,sksurv_GradientBoostingSurvivalAnalysis,Boosting,0.2200289201226557,0.5814765300059418,29.063173294067383,success,
setting1_highdim_s50_n1000,highdim,42,1000,500,50.0,0.3,Python,sksurv_CoxnetSurvivalAnalysis,Penalized Cox,0.2106767745729956,0.6117102120576102,1.013594150543213,success,
setting1_highdim_s50_n1000,highdim,42,1000,500,50.0,0.3,Python,sksurv_RandomSurvivalForest,RSF,0.2172381130190079,0.482449156835782,4.314213037490845,success,
setting1_highdim_s50_n1000,highdim,42,1000,500,50.0,0.3,Python,sksurv_GradientBoostingSurvivalAnalysis,Boosting,0.2622501729470229,0.5036549178548165,28.66429829597473,success,
setting1_highdim_s50_n1000,highdim,43,1000,500,50.0,0.3,Python,sksurv_CoxnetSurvivalAnalysis,Penalized Cox,0.1838599232688538,0.6566936768474271,0.8675017356872559,success,
setting1_highdim_s50_n1000,highdim,43,1000,500,50.0,0.3,Python,sksurv_RandomSurvivalForest,RSF,0.2079084836442135,0.5353556340466792,4.225021600723267,success,
setting1_highdim_s50_n1000,highdim,43,1000,500,50.0,0.3,Python,sksurv_GradientBoostingSurvivalAnalysis,Boosting,0.2165750790281082,0.6231040930812383,28.69429087638855,success,
setting1_highdim_s50_n1000,highdim,44,1000,500,50.0,0.3,Python,sksurv_CoxnetSurvivalAnalysis,Penalized Cox,0.170270671625889,0.6713615023474179,1.1537277698516846,success,
setting1_highdim_s50_n1000,highdim,44,1000,500,50.0,0.3,Python,sksurv_RandomSurvivalForest,RSF,0.2054942784596552,0.5766599597585513,4.338935136795044,success,
setting1_highdim_s50_n1000,highdim,44,1000,500,50.0,0.3,Python,sksurv_GradientBoostingSurvivalAnalysis,Boosting,0.2037349387802864,0.6035546613011402,28.64564538002014,success,
setting1_highdim_s50_n1000,highdim,45,1000,500,50.0,0.3,Python,sksurv_CoxnetSurvivalAnalysis,Penalized Cox,0.1618715719666511,0.6863866763215062,1.2012436389923096,success,
setting1_highdim_s50_n1000,highdim,45,1000,500,50.0,0.3,Python,sksurv_RandomSurvivalForest,RSF,0.1941260256401411,0.6328023171614772,4.307151317596436,success,
setting1_highdim_s50_n1000,highdim,45,1000,500,50.0,0.3,Python,sksurv_GradientBoostingSurvivalAnalysis,Boosting,0.1997515918931115,0.633816075307748,29.087973833084103,success,
setting1_highdim_s50_n1000,highdim,46,1000,500,50.0,0.3,Python,sksurv_CoxnetSurvivalAnalysis,Penalized Cox,0.178067938837362,0.6598349381017882,1.2650139331817627,success,
setting1_highdim_s50_n1000,highdim,46,1000,500,50.0,0.3,Python,sksurv_RandomSurvivalForest,RSF,0.2095515376370694,0.5205639614855571,4.374654293060303,success,
setting1_highdim_s50_n1000,highdim,46,1000,500,50.0,0.3,Python,sksurv_GradientBoostingSurvivalAnalysis,Boosting,0.2050766185610425,0.6055020632737277,28.695889711380005,success,
setting1_highdim_s50_n1000,highdim,47,1000,500,50.0,0.3,Python,sksurv_CoxnetSurvivalAnalysis,Penalized Cox,0.1748717979532693,0.6754510583889757,1.0811889171600342,success,
setting1_highdim_s50_n1000,highdim,47,1000,500,50.0,0.3,Python,sksurv_RandomSurvivalForest,RSF,0.1978290497448717,0.5801250177582042,4.468862771987915,success,
setting1_highdim_s50_n1000,highdim,47,1000,500,50.0,0.3,Python,sksurv_GradientBoostingSurvivalAnalysis,Boosting,0.2109835004120337,0.584386986787896,29.12906217575073,success,
setting1_highdim_s50_n1000,highdim,48,1000,500,50.0,0.3,Python,sksurv_CoxnetSurvivalAnalysis,Penalized Cox,0.1792502331818607,0.6716270494501877,1.5508592128753662,success,
setting1_highdim_s50_n1000,highdim,48,1000,500,50.0,0.3,Python,sksurv_RandomSurvivalForest,RSF,0.2039367540866482,0.5596233620859946,4.406973838806152,success,
setting1_highdim_s50_n1000,highdim,48,1000,500,50.0,0.3,Python,sksurv_GradientBoostingSurvivalAnalysis,Boosting,0.2164765607409255,0.5687100809903207,29.01307463645935,success,
setting1_highdim_s50_n1000,highdim,49,1000,500,50.0,0.3,Python,sksurv_CoxnetSurvivalAnalysis,Penalized Cox,0.1774202409567119,0.6767902614744425,1.2558109760284424,success,
setting1_highdim_s50_n1000,highdim,49,1000,500,50.0,0.3,Python,sksurv_RandomSurvivalForest,RSF,0.2108243081694012,0.5184771132227812,4.436245441436768,success,
setting1_highdim_s50_n1000,highdim,49,1000,500,50.0,0.3,Python,sksurv_GradientBoostingSurvivalAnalysis,Boosting,0.2031735344811607,0.6226942425936277,28.879261016845703,success,
setting1_highdim_s50_n1000,highdim,50,1000,500,50.0,0.3,Python,sksurv_CoxnetSurvivalAnalysis,Penalized Cox,0.1864140279866413,0.6910424380518371,1.1602003574371338,success,
setting1_highdim_s50_n1000,highdim,50,1000,500,50.0,0.3,Python,sksurv_RandomSurvivalForest,RSF,0.2082040663036355,0.5661492452292795,4.165936708450317,success,
setting1_highdim_s50_n1000,highdim,50,1000,500,50.0,0.3,Python,sksurv_GradientBoostingSurvivalAnalysis,Boosting,0.2379546561637039,0.5639418968954714,29.13374328613281,success,
setting1_highdim_s50_n1500,highdim,1,1500,500,50.0,0.3,Python,sksurv_CoxnetSurvivalAnalysis,Penalized Cox,0.1687356523112381,0.6915447404897582,0.5638859272003174,success,
setting1_highdim_s50_n1500,highdim,1,1500,500,50.0,0.3,Python,sksurv_RandomSurvivalForest,RSF,0.2006286847946508,0.6125673802556599,11.489551067352297,success,
setting1_highdim_s50_n1500,highdim,1,1500,500,50.0,0.3,Python,sksurv_GradientBoostingSurvivalAnalysis,Boosting,0.1924362386115049,0.6430309564146003,46.27925634384155,success,
setting1_highdim_s50_n1500,highdim,2,1500,500,50.0,0.3,Python,sksurv_CoxnetSurvivalAnalysis,Penalized Cox,0.1704443940295623,0.6850733670951824,0.4671337604522705,success,
setting1_highdim_s50_n1500,highdim,2,1500,500,50.0,0.3,Python,sksurv_RandomSurvivalForest,RSF,0.1968487119263522,0.6120958317101675,11.565596342086792,success,
setting1_highdim_s50_n1500,highdim,2,1500,500,50.0,0.3,Python,sksurv_GradientBoostingSurvivalAnalysis,Boosting,0.1905932973369916,0.6571549149461109,46.66397213935852,success,
setting1_highdim_s50_n1500,highdim,3,1500,500,50.0,0.3,Python,sksurv_CoxnetSurvivalAnalysis,Penalized Cox,0.160757338420947,0.6889241074098439,0.4312107563018799,success,
setting1_highdim_s50_n1500,highdim,3,1500,500,50.0,0.3,Python,sksurv_RandomSurvivalForest,RSF,0.194474260032651,0.6218826625201842,11.408883333206177,success,
setting1_highdim_s50_n1500,highdim,3,1500,500,50.0,0.3,Python,sksurv_GradientBoostingSurvivalAnalysis,Boosting,0.1823996337151913,0.655463190000598,46.7685489654541,success,
setting1_highdim_s50_n1500,highdim,4,1500,500,50.0,0.3,Python,sksurv_CoxnetSurvivalAnalysis,Penalized Cox,0.1742155219822763,0.6891326578042205,0.5231544971466064,success,
setting1_highdim_s50_n1500,highdim,4,1500,500,50.0,0.3,Python,sksurv_RandomSurvivalForest,RSF,0.2042494150461325,0.5806141737163397,11.312714576721191,success,
setting1_highdim_s50_n1500,highdim,4,1500,500,50.0,0.3,Python,sksurv_GradientBoostingSurvivalAnalysis,Boosting,0.2163060048701232,0.6143906293576276,46.75696802139282,success,
setting1_highdim_s50_n1500,highdim,5,1500,500,50.0,0.3,Python,sksurv_CoxnetSurvivalAnalysis,Penalized Cox,0.1678535715438004,0.6918056562726613,0.4675030708312988,success,
setting1_highdim_s50_n1500,highdim,5,1500,500,50.0,0.3,Python,sksurv_RandomSurvivalForest,RSF,0.2041947475031503,0.54728668116993,12.2505304813385,success,
setting1_highdim_s50_n1500,highdim,5,1500,500,50.0,0.3,Python,sksurv_GradientBoostingSurvivalAnalysis,Boosting,0.1974752546517784,0.6140016920473773,46.320526361465454,success,
setting1_highdim_s50_n1500,highdim,6,1500,500,50.0,0.3,Python,sksurv_CoxnetSurvivalAnalysis,Penalized Cox,0.1671713454152269,0.7072674048619065,0.4158933162689209,success,
setting1_highdim_s50_n1500,highdim,6,1500,500,50.0,0.3,Python,sksurv_RandomSurvivalForest,RSF,0.1995819054056953,0.5774786814305715,11.316115617752075,success,
setting1_highdim_s50_n1500,highdim,6,1500,500,50.0,0.3,Python,sksurv_GradientBoostingSurvivalAnalysis,Boosting,0.1999917769087389,0.6288659793814433,46.03821277618408,success,
setting1_highdim_s50_n1500,highdim,7,1500,500,50.0,0.3,Python,sksurv_CoxnetSurvivalAnalysis,Penalized Cox,0.1626868418437911,0.7388963660834454,0.432276964187622,success,
setting1_highdim_s50_n1500,highdim,7,1500,500,50.0,0.3,Python,sksurv_RandomSurvivalForest,RSF,0.2157529335142679,0.5928667563930013,11.759609937667848,success,
setting1_highdim_s50_n1500,highdim,7,1500,500,50.0,0.3,Python,sksurv_GradientBoostingSurvivalAnalysis,Boosting,0.2048166128437498,0.6689390836210428,46.01137614250183,success,
setting1_highdim_s50_n1500,highdim,8,1500,500,50.0,0.3,Python,sksurv_CoxnetSurvivalAnalysis,Penalized Cox,0.1725348763863246,0.7054036755965987,0.4551970958709717,success,
setting1_highdim_s50_n1500,highdim,8,1500,500,50.0,0.3,Python,sksurv_RandomSurvivalForest,RSF,0.2048187157956891,0.6131785072079485,11.41703486442566,success,
setting1_highdim_s50_n1500,highdim,8,1500,500,50.0,0.3,Python,sksurv_GradientBoostingSurvivalAnalysis,Boosting,0.2041399147144102,0.650665935204657,45.91249966621399,success,
setting1_highdim_s50_n1500,highdim,9,1500,500,50.0,0.3,Python,sksurv_CoxnetSurvivalAnalysis,Penalized Cox,0.1668999853809105,0.6929126899964652,0.4045908451080322,success,
setting1_highdim_s50_n1500,highdim,9,1500,500,50.0,0.3,Python,sksurv_RandomSurvivalForest,RSF,0.200448906663241,0.5939967008365736,11.60240650177002,success,
setting1_highdim_s50_n1500,highdim,9,1500,500,50.0,0.3,Python,sksurv_GradientBoostingSurvivalAnalysis,Boosting,0.1950772582914176,0.6263697419582891,46.72865653038025,success,
setting1_highdim_s50_n1500,highdim,10,1500,500,50.0,0.3,Python,sksurv_CoxnetSurvivalAnalysis,Penalized Cox,0.1636920077129329,0.6685424525384949,0.5058600902557373,success,
setting1_highdim_s50_n1500,highdim,10,1500,500,50.0,0.3,Python,sksurv_RandomSurvivalForest,RSF,0.191894558500589,0.6126708304990415,11.268027305603027,success,
setting1_highdim_s50_n1500,highdim,10,1500,500,50.0,0.3,Python,sksurv_GradientBoostingSurvivalAnalysis,Boosting,0.1900554371168809,0.5767732360398243,47.37204933166504,success,
setting1_highdim_s50_n1500,highdim,11,1500,500,50.0,0.3,Python,sksurv_CoxnetSurvivalAnalysis,Penalized Cox,0.1635633102387335,0.6900257953568357,0.4428267478942871,success,
setting1_highdim_s50_n1500,highdim,11,1500,500,50.0,0.3,Python,sksurv_RandomSurvivalForest,RSF,0.1931387837102123,0.6034885149244564,11.571280241012571,success,
setting1_highdim_s50_n1500,highdim,11,1500,500,50.0,0.3,Python,sksurv_GradientBoostingSurvivalAnalysis,Boosting,0.19011635381295,0.6113192482496008,46.82588481903076,success,
setting1_highdim_s50_n1500,highdim,12,1500,500,50.0,0.3,Python,sksurv_CoxnetSurvivalAnalysis,Penalized Cox,0.1712124262213887,0.7017226581657675,0.4727842807769775,success,
setting1_highdim_s50_n1500,highdim,12,1500,500,50.0,0.3,Python,sksurv_RandomSurvivalForest,RSF,0.198515306295638,0.6004168710152036,11.223276376724243,success,
setting1_highdim_s50_n1500,highdim,12,1500,500,50.0,0.3,Python,sksurv_GradientBoostingSurvivalAnalysis,Boosting,0.1934461831935611,0.6389161353604709,46.05657982826233,success,
setting1_highdim_s50_n1500,highdim,13,1500,500,50.0,0.3,Python,sksurv_CoxnetSurvivalAnalysis,Penalized Cox,0.1699895300632018,0.6873438142536298,0.4941112995147705,success,
setting1_highdim_s50_n1500,highdim,13,1500,500,50.0,0.3,Python,sksurv_RandomSurvivalForest,RSF,0.203936415129935,0.5683737702843766,11.378191947937012,success,
setting1_highdim_s50_n1500,highdim,13,1500,500,50.0,0.3,Python,sksurv_GradientBoostingSurvivalAnalysis,Boosting,0.2106763112554793,0.632145003637744,46.03613328933716,success,
setting1_highdim_s50_n1500,highdim,14,1500,500,50.0,0.3,Python,sksurv_CoxnetSurvivalAnalysis,Penalized Cox,0.1566424784194491,0.7017594369801663,0.4996752738952636,success,
setting1_highdim_s50_n1500,highdim,14,1500,500,50.0,0.3,Python,sksurv_RandomSurvivalForest,RSF,0.1902463607006722,0.6102047344849648,12.081737995147703,success,
setting1_highdim_s50_n1500,highdim,14,1500,500,50.0,0.3,Python,sksurv_GradientBoostingSurvivalAnalysis,Boosting,0.1823233438702703,0.6317658349328215,46.14742732048035,success,
setting1_highdim_s50_n1500,highdim,15,1500,500,50.0,0.3,Python,sksurv_CoxnetSurvivalAnalysis,Penalized Cox,0.1586786841605629,0.6867367138723922,0.497572660446167,success,
setting1_highdim_s50_n1500,highdim,15,1500,500,50.0,0.3,Python,sksurv_RandomSurvivalForest,RSF,0.1943901880396764,0.582549109182275,11.353889226913452,success,
setting1_highdim_s50_n1500,highdim,15,1500,500,50.0,0.3,Python,sksurv_GradientBoostingSurvivalAnalysis,Boosting,0.1870897603720289,0.6235724074920055,45.85976123809815,success,
setting1_highdim_s50_n1500,highdim,16,1500,500,50.0,0.3,Python,sksurv_CoxnetSurvivalAnalysis,Penalized Cox,0.1603239841898907,0.6860570530641847,0.4648833274841308,success,
setting1_highdim_s50_n1500,highdim,16,1500,500,50.0,0.3,Python,sksurv_RandomSurvivalForest,RSF,0.193332460429997,0.6207240420645473,11.958258390426636,success,
setting1_highdim_s50_n1500,highdim,16,1500,500,50.0,0.3,Python,sksurv_GradientBoostingSurvivalAnalysis,Boosting,0.1928262910534236,0.6131391272815182,46.22042536735535,success,
setting1_highdim_s50_n1500,highdim,17,1500,500,50.0,0.3,Python,sksurv_CoxnetSurvivalAnalysis,Penalized Cox,0.1738630937204786,0.6724293961616477,0.5271267890930176,success,
setting1_highdim_s50_n1500,highdim,17,1500,500,50.0,0.3,Python,sksurv_RandomSurvivalForest,RSF,0.2062111147275469,0.5424871274769855,11.531655550003052,success,
setting1_highdim_s50_n1500,highdim,17,1500,500,50.0,0.3,Python,sksurv_GradientBoostingSurvivalAnalysis,Boosting,0.2120923326725773,0.5966609455453269,46.67158937454224,success,
setting1_highdim_s50_n1500,highdim,18,1500,500,50.0,0.3,Python,sksurv_CoxnetSurvivalAnalysis,Penalized Cox,0.1565888202603661,0.7076077847099358,0.4606893062591553,success,
setting1_highdim_s50_n1500,highdim,18,1500,500,50.0,0.3,Python,sksurv_RandomSurvivalForest,RSF,0.1998665125129326,0.5677747772914921,11.420902729034424,success,
setting1_highdim_s50_n1500,highdim,18,1500,500,50.0,0.3,Python,sksurv_GradientBoostingSurvivalAnalysis,Boosting,0.1950563321794457,0.6137132569761307,46.875813007354736,success,
setting1_highdim_s50_n1500,highdim,19,1500,500,50.0,0.3,Python,sksurv_CoxnetSurvivalAnalysis,Penalized Cox,0.165508809840582,0.6806117998878575,0.4661865234375,success,
setting1_highdim_s50_n1500,highdim,19,1500,500,50.0,0.3,Python,sksurv_RandomSurvivalForest,RSF,0.1945227082857966,0.579590056694287,11.148993253707886,success,
setting1_highdim_s50_n1500,highdim,19,1500,500,50.0,0.3,Python,sksurv_GradientBoostingSurvivalAnalysis,Boosting,0.2022719052967616,0.6003987290511494,46.43907952308655,success,
setting1_highdim_s50_n1500,highdim,20,1500,500,50.0,0.3,Python,sksurv_CoxnetSurvivalAnalysis,Penalized Cox,0.1555946951310453,0.7027991559086395,0.4045188426971435,success,
setting1_highdim_s50_n1500,highdim,20,1500,500,50.0,0.3,Python,sksurv_RandomSurvivalForest,RSF,0.1933704716365151,0.6158142999006951,11.39982795715332,success,
setting1_highdim_s50_n1500,highdim,20,1500,500,50.0,0.3,Python,sksurv_GradientBoostingSurvivalAnalysis,Boosting,0.1894443690411709,0.6281963753723933,46.63893961906433,success,
setting1_highdim_s50_n1500,highdim,21,1500,500,50.0,0.3,Python,sksurv_CoxnetSurvivalAnalysis,Penalized Cox,0.169128757295205,0.6888377302140368,0.4693596363067627,success,
setting1_highdim_s50_n1500,highdim,21,1500,500,50.0,0.3,Python,sksurv_RandomSurvivalForest,RSF,0.2040076633011116,0.5613178198108512,11.890896081924438,success,
setting1_highdim_s50_n1500,highdim,21,1500,500,50.0,0.3,Python,sksurv_GradientBoostingSurvivalAnalysis,Boosting,0.2034896080827698,0.585334743653559,46.88933300971985,success,
setting1_highdim_s50_n1500,highdim,22,1500,500,50.0,0.3,Python,sksurv_CoxnetSurvivalAnalysis,Penalized Cox,0.1666267352477708,0.682497617913292,0.4910998344421386,success,
setting1_highdim_s50_n1500,highdim,22,1500,500,50.0,0.3,Python,sksurv_RandomSurvivalForest,RSF,0.2008152343569631,0.6155907575035732,11.68412470817566,success,
setting1_highdim_s50_n1500,highdim,22,1500,500,50.0,0.3,Python,sksurv_GradientBoostingSurvivalAnalysis,Boosting,0.1934804484563757,0.6286624583134827,45.92493557929993,success,
setting1_highdim_s50_n1500,highdim,23,1500,500,50.0,0.3,Python,sksurv_CoxnetSurvivalAnalysis,Penalized Cox,0.1599203128223231,0.6990085200570025,0.4611392021179199,success,
setting1_highdim_s50_n1500,highdim,23,1500,500,50.0,0.3,Python,sksurv_RandomSurvivalForest,RSF,0.2063117088354141,0.6093205178739274,11.399593353271484,success,
setting1_highdim_s50_n1500,highdim,23,1500,500,50.0,0.3,Python,sksurv_GradientBoostingSurvivalAnalysis,Boosting,0.2092439248197444,0.6219944816712653,45.94653129577637,success,
setting1_highdim_s50_n1500,highdim,24,1500,500,50.0,0.3,Python,sksurv_CoxnetSurvivalAnalysis,Penalized Cox,0.1733858737202346,0.6837689675015901,0.5323836803436279,success,
setting1_highdim_s50_n1500,highdim,24,1500,500,50.0,0.3,Python,sksurv_RandomSurvivalForest,RSF,0.2025398527986475,0.6138655843959172,12.040899991989136,success,
setting1_highdim_s50_n1500,highdim,24,1500,500,50.0,0.3,Python,sksurv_GradientBoostingSurvivalAnalysis,Boosting,0.2070908510678582,0.6210437047581548,46.60916209220886,success,
setting1_highdim_s50_n1500,highdim,25,1500,500,50.0,0.3,Python,sksurv_CoxnetSurvivalAnalysis,Penalized Cox,0.1620238669274127,0.6979231438875761,0.4534571170806885,success,
setting1_highdim_s50_n1500,highdim,25,1500,500,50.0,0.3,Python,sksurv_RandomSurvivalForest,RSF,0.1945276665145714,0.5920905360029847,11.492639780044556,success,
setting1_highdim_s50_n1500,highdim,25,1500,500,50.0,0.3,Python,sksurv_GradientBoostingSurvivalAnalysis,Boosting,0.1829513382308007,0.6298656883472205,45.87371230125427,success,
setting1_highdim_s50_n1500,highdim,26,1500,500,50.0,0.3,Python,sksurv_CoxnetSurvivalAnalysis,Penalized Cox,0.180276637749891,0.661207778915046,0.4437966346740722,success,
setting1_highdim_s50_n1500,highdim,26,1500,500,50.0,0.3,Python,sksurv_RandomSurvivalForest,RSF,0.2102346282130304,0.5483257786226057,11.303250074386597,success,
setting1_highdim_s50_n1500,highdim,26,1500,500,50.0,0.3,Python,sksurv_GradientBoostingSurvivalAnalysis,Boosting,0.2120282533669571,0.5756104693668666,45.93621444702149,success,
setting1_highdim_s50_n1500,highdim,27,1500,500,50.0,0.3,Python,sksurv_CoxnetSurvivalAnalysis,Penalized Cox,0.176899291967784,0.6795483645675707,0.4788432121276855,success,
setting1_highdim_s50_n1500,highdim,27,1500,500,50.0,0.3,Python,sksurv_RandomSurvivalForest,RSF,0.2082575734838575,0.5888138749854499,11.63686490058899,success,
setting1_highdim_s50_n1500,highdim,27,1500,500,50.0,0.3,Python,sksurv_GradientBoostingSurvivalAnalysis,Boosting,0.2143059932745526,0.58898847631242,46.34305477142334,success,
setting1_highdim_s50_n1500,highdim,28,1500,500,50.0,0.3,Python,sksurv_CoxnetSurvivalAnalysis,Penalized Cox,0.1665612072331655,0.6767608239792772,0.4766294956207275,success,
setting1_highdim_s50_n1500,highdim,28,1500,500,50.0,0.3,Python,sksurv_RandomSurvivalForest,RSF,0.2021904701314675,0.5675033921302578,11.243754148483276,success,
setting1_highdim_s50_n1500,highdim,28,1500,500,50.0,0.3,Python,sksurv_GradientBoostingSurvivalAnalysis,Boosting,0.2049462652633259,0.6273590724065622,46.53573274612427,success,
setting1_highdim_s50_n1500,highdim,29,1500,500,50.0,0.3,Python,sksurv_CoxnetSurvivalAnalysis,Penalized Cox,0.1679063372356259,0.6821522309711286,0.4796128273010254,success,
setting1_highdim_s50_n1500,highdim,29,1500,500,50.0,0.3,Python,sksurv_RandomSurvivalForest,RSF,0.2033369674596499,0.5831437736949548,11.357107162475586,success,
setting1_highdim_s50_n1500,highdim,29,1500,500,50.0,0.3,Python,sksurv_GradientBoostingSurvivalAnalysis,Boosting,0.1993536431583698,0.621201516477107,45.99261999130249,success,
setting1_highdim_s50_n1500,highdim,30,1500,500,50.0,0.3,Python,sksurv_CoxnetSurvivalAnalysis,Penalized Cox,0.1794541452864448,0.7124132613723978,0.5271875858306885,success,
setting1_highdim_s50_n1500,highdim,30,1500,500,50.0,0.3,Python,sksurv_RandomSurvivalForest,RSF,0.2152838367737706,0.6247850068204733,11.560104846954346,success,
setting1_highdim_s50_n1500,highdim,30,1500,500,50.0,0.3,Python,sksurv_GradientBoostingSurvivalAnalysis,Boosting,0.2134358030269721,0.6420437696459285,46.45786595344544,success,
setting1_highdim_s50_n1500,highdim,31,1500,500,50.0,0.3,Python,sksurv_CoxnetSurvivalAnalysis,Penalized Cox,0.1596406296634492,0.7101780415430267,0.4020311832427978,success,
setting1_highdim_s50_n1500,highdim,31,1500,500,50.0,0.3,Python,sksurv_RandomSurvivalForest,RSF,0.1949990407661093,0.5802373887240356,10.987271070480348,success,
setting1_highdim_s50_n1500,highdim,31,1500,500,50.0,0.3,Python,sksurv_GradientBoostingSurvivalAnalysis,Boosting,0.1889783382966937,0.6422848664688428,46.57097744941712,success,
setting1_highdim_s50_n1500,highdim,32,1500,500,50.0,0.3,Python,sksurv_CoxnetSurvivalAnalysis,Penalized Cox,0.1699382415959098,0.7082559463183752,0.4200515747070312,success,
setting1_highdim_s50_n1500,highdim,32,1500,500,50.0,0.3,Python,sksurv_RandomSurvivalForest,RSF,0.2030405913893102,0.5930441555329219,11.77914571762085,success,
setting1_highdim_s50_n1500,highdim,32,1500,500,50.0,0.3,Python,sksurv_GradientBoostingSurvivalAnalysis,Boosting,0.2047534551979664,0.6169192978251753,46.73208260536194,success,
setting1_highdim_s50_n1500,highdim,33,1500,500,50.0,0.3,Python,sksurv_CoxnetSurvivalAnalysis,Penalized Cox,0.1655661458732192,0.7186095202906583,0.5132284164428711,success,
setting1_highdim_s50_n1500,highdim,33,1500,500,50.0,0.3,Python,sksurv_RandomSurvivalForest,RSF,0.2050359388599754,0.6091815998522077,11.711500883102415,success,
setting1_highdim_s50_n1500,highdim,33,1500,500,50.0,0.3,Python,sksurv_GradientBoostingSurvivalAnalysis,Boosting,0.1955497392451884,0.6586920376870496,46.024794578552246,success,
setting1_highdim_s50_n1500,highdim,34,1500,500,50.0,0.3,Python,sksurv_CoxnetSurvivalAnalysis,Penalized Cox,0.1731642117471118,0.6995043749617573,0.4997360706329345,success,
setting1_highdim_s50_n1500,highdim,34,1500,500,50.0,0.3,Python,sksurv_RandomSurvivalForest,RSF,0.2034592008438446,0.623845071284342,11.408811807632446,success,
setting1_highdim_s50_n1500,highdim,34,1500,500,50.0,0.3,Python,sksurv_GradientBoostingSurvivalAnalysis,Boosting,0.2198971186358543,0.6149115829407086,45.96278858184815,success,
setting1_highdim_s50_n1500,highdim,35,1500,500,50.0,0.3,Python,sksurv_CoxnetSurvivalAnalysis,Penalized Cox,0.167352757739145,0.7001637951953409,0.4119095802307129,success,
setting1_highdim_s50_n1500,highdim,35,1500,500,50.0,0.3,Python,sksurv_RandomSurvivalForest,RSF,0.2009344535014,0.5609682115991265,11.768857717514038,success,
setting1_highdim_s50_n1500,highdim,35,1500,500,50.0,0.3,Python,sksurv_GradientBoostingSurvivalAnalysis,Boosting,0.2010925941897593,0.6236653724824072,46.0294349193573,success,
setting1_highdim_s50_n1500,highdim,36,1500,500,50.0,0.3,Python,sksurv_CoxnetSurvivalAnalysis,Penalized Cox,0.1521641039532939,0.699146385760988,0.5664768218994141,success,
setting1_highdim_s50_n1500,highdim,36,1500,500,50.0,0.3,Python,sksurv_RandomSurvivalForest,RSF,0.1922846178576706,0.5629616176292529,11.316537380218506,success,
setting1_highdim_s50_n1500,highdim,36,1500,500,50.0,0.3,Python,sksurv_GradientBoostingSurvivalAnalysis,Boosting,0.1739975657969392,0.6327339871655164,46.50694370269776,success,
setting1_highdim_s50_n1500,highdim,37,1500,500,50.0,0.3,Python,sksurv_CoxnetSurvivalAnalysis,Penalized Cox,0.1541889999232461,0.7314586526287732,0.4749388694763183,success,
setting1_highdim_s50_n1500,highdim,37,1500,500,50.0,0.3,Python,sksurv_RandomSurvivalForest,RSF,0.1880075837689187,0.5948557339908043,11.586261510849,success,
setting1_highdim_s50_n1500,highdim,37,1500,500,50.0,0.3,Python,sksurv_GradientBoostingSurvivalAnalysis,Boosting,0.1807399614906554,0.6324048777237289,46.11190867424011,success,
setting1_highdim_s50_n1500,highdim,38,1500,500,50.0,0.3,Python,sksurv_CoxnetSurvivalAnalysis,Penalized Cox,0.1400868013091025,0.7164169052028961,0.5167129039764404,success,
setting1_highdim_s50_n1500,highdim,38,1500,500,50.0,0.3,Python,sksurv_RandomSurvivalForest,RSF,0.1817856868228441,0.6008755682774878,11.026405572891235,success,
setting1_highdim_s50_n1500,highdim,38,1500,500,50.0,0.3,Python,sksurv_GradientBoostingSurvivalAnalysis,Boosting,0.1769665550737146,0.6298703485435259,46.28118371963501,success,
setting1_highdim_s50_n1500,highdim,39,1500,500,50.0,0.3,Python,sksurv_CoxnetSurvivalAnalysis,Penalized Cox,0.1644955490904146,0.6993774368004024,0.4501445293426513,success,
setting1_highdim_s50_n1500,highdim,39,1500,500,50.0,0.3,Python,sksurv_RandomSurvivalForest,RSF,0.2002699157667281,0.5994528990064143,11.651810884475708,success,
setting1_highdim_s50_n1500,highdim,39,1500,500,50.0,0.3,Python,sksurv_GradientBoostingSurvivalAnalysis,Boosting,0.2023964669325599,0.6203307760030184,46.08054566383362,success,
setting1_highdim_s50_n1500,highdim,40,1500,500,50.0,0.3,Python,sksurv_CoxnetSurvivalAnalysis,Penalized Cox,0.1689863005798432,0.6847356573583987,0.491940975189209,success,
setting1_highdim_s50_n1500,highdim,40,1500,500,50.0,0.3,Python,sksurv_RandomSurvivalForest,RSF,0.2031324614636571,0.5746790776905761,11.77007246017456,success,
setting1_highdim_s50_n1500,highdim,40,1500,500,50.0,0.3,Python,sksurv_GradientBoostingSurvivalAnalysis,Boosting,0.1987413024169879,0.6084443633266411,46.654382944107056,success,
setting1_highdim_s50_n1500,highdim,41,1500,500,50.0,0.3,Python,sksurv_CoxnetSurvivalAnalysis,Penalized Cox,0.163115083696327,0.6809304438100182,0.5190622806549072,success,
setting1_highdim_s50_n1500,highdim,41,1500,500,50.0,0.3,Python,sksurv_RandomSurvivalForest,RSF,0.1934795965778075,0.5613158577731637,11.118321180343628,success,
setting1_highdim_s50_n1500,highdim,41,1500,500,50.0,0.3,Python,sksurv_GradientBoostingSurvivalAnalysis,Boosting,0.1953552821154404,0.5915195951206852,45.99518346786499,success,
setting1_highdim_s50_n1500,highdim,42,1500,500,50.0,0.3,Python,sksurv_CoxnetSurvivalAnalysis,Penalized Cox,0.149277520157742,0.7279279836663985,0.4793605804443359,success,
setting1_highdim_s50_n1500,highdim,42,1500,500,50.0,0.3,Python,sksurv_RandomSurvivalForest,RSF,0.1927326282673772,0.6138711872795892,11.318291664123535,success,
setting1_highdim_s50_n1500,highdim,42,1500,500,50.0,0.3,Python,sksurv_GradientBoostingSurvivalAnalysis,Boosting,0.192621384735339,0.6262760626121389,45.8446056842804,success,
setting1_highdim_s50_n1500,highdim,43,1500,500,50.0,0.3,Python,sksurv_CoxnetSurvivalAnalysis,Penalized Cox,0.1551047614878066,0.7204865997435657,0.4935896396636963,success,
setting1_highdim_s50_n1500,highdim,43,1500,500,50.0,0.3,Python,sksurv_RandomSurvivalForest,RSF,0.1946405741351492,0.634737467554805,11.12086534500122,success,
setting1_highdim_s50_n1500,highdim,43,1500,500,50.0,0.3,Python,sksurv_GradientBoostingSurvivalAnalysis,Boosting,0.1881905173180412,0.6670419363917816,46.14689159393311,success,
setting1_highdim_s50_n1500,highdim,44,1500,500,50.0,0.3,Python,sksurv_CoxnetSurvivalAnalysis,Penalized Cox,0.1907484449056447,0.6551441260501825,0.5545377731323242,success,
setting1_highdim_s50_n1500,highdim,44,1500,500,50.0,0.3,Python,sksurv_RandomSurvivalForest,RSF,0.2199646814643855,0.5842833300330966,11.180419206619264,success,
setting1_highdim_s50_n1500,highdim,44,1500,500,50.0,0.3,Python,sksurv_GradientBoostingSurvivalAnalysis,Boosting,0.2280635487662927,0.5960227433453085,46.364537477493286,success,
setting1_highdim_s50_n1500,highdim,45,1500,500,50.0,0.3,Python,sksurv_CoxnetSurvivalAnalysis,Penalized Cox,0.1641747778511194,0.6723372781065089,0.3588705062866211,success,
setting1_highdim_s50_n1500,highdim,45,1500,500,50.0,0.3,Python,sksurv_RandomSurvivalForest,RSF,0.1902640342054037,0.5932288864981172,11.656624555587769,success,
setting1_highdim_s50_n1500,highdim,45,1500,500,50.0,0.3,Python,sksurv_GradientBoostingSurvivalAnalysis,Boosting,0.1978253136737671,0.6004572350726197,46.71971082687378,success,
setting1_highdim_s50_n1500,highdim,46,1500,500,50.0,0.3,Python,sksurv_CoxnetSurvivalAnalysis,Penalized Cox,0.1767815163870846,0.7058391803423069,0.4755239486694336,success,
setting1_highdim_s50_n1500,highdim,46,1500,500,50.0,0.3,Python,sksurv_RandomSurvivalForest,RSF,0.2141323115295102,0.5842703226374659,11.694697856903076,success,
setting1_highdim_s50_n1500,highdim,46,1500,500,50.0,0.3,Python,sksurv_GradientBoostingSurvivalAnalysis,Boosting,0.220321149333387,0.6158882071455832,46.59542655944824,success,
setting1_highdim_s50_n1500,highdim,47,1500,500,50.0,0.3,Python,sksurv_CoxnetSurvivalAnalysis,Penalized Cox,0.1587781745323817,0.7248925599683014,0.4216699600219726,success,
setting1_highdim_s50_n1500,highdim,47,1500,500,50.0,0.3,Python,sksurv_RandomSurvivalForest,RSF,0.20442789416343,0.5937700021335609,11.617558002471924,success,
setting1_highdim_s50_n1500,highdim,47,1500,500,50.0,0.3,Python,sksurv_GradientBoostingSurvivalAnalysis,Boosting,0.2052212271694362,0.6497607363833094,45.93437504768372,success,
setting1_highdim_s50_n1500,highdim,48,1500,500,50.0,0.3,Python,sksurv_CoxnetSurvivalAnalysis,Penalized Cox,0.1586571677864207,0.6956465572923395,0.5190823078155518,success,
setting1_highdim_s50_n1500,highdim,48,1500,500,50.0,0.3,Python,sksurv_RandomSurvivalForest,RSF,0.1945845956444895,0.5756685182792921,11.681163549423218,success,
setting1_highdim_s50_n1500,highdim,48,1500,500,50.0,0.3,Python,sksurv_GradientBoostingSurvivalAnalysis,Boosting,0.1881083548200476,0.623659733884511,46.11279296875,success,
setting1_highdim_s50_n1500,highdim,49,1500,500,50.0,0.3,Python,sksurv_CoxnetSurvivalAnalysis,Penalized Cox,0.158496251360308,0.7227626162524775,0.5246288776397705,success,
setting1_highdim_s50_n1500,highdim,49,1500,500,50.0,0.3,Python,sksurv_RandomSurvivalForest,RSF,0.2062559939384781,0.6018905320933069,11.797988891601562,success,
setting1_highdim_s50_n1500,highdim,49,1500,500,50.0,0.3,Python,sksurv_GradientBoostingSurvivalAnalysis,Boosting,0.2049688091241918,0.6161305076993444,46.873570680618286,success,
setting1_highdim_s50_n1500,highdim,50,1500,500,50.0,0.3,Python,sksurv_CoxnetSurvivalAnalysis,Penalized Cox,0.169141349494683,0.695589630581826,0.5358579158782959,success,
setting1_highdim_s50_n1500,highdim,50,1500,500,50.0,0.3,Python,sksurv_RandomSurvivalForest,RSF,0.2001161240525252,0.6223487283077771,11.419188737869264,success,
setting1_highdim_s50_n1500,highdim,50,1500,500,50.0,0.3,Python,sksurv_GradientBoostingSurvivalAnalysis,Boosting,0.2000075684598729,0.6142992685091666,46.618003368377686,success,
setting2_smooth_nonlinear_n1000,nonlinear,1,1000,50,,0.3,Python,lifelines_CoxPHFitter,CoxPH,0.1804798115355332,0.6057823645469722,0.1821820735931396,success,
setting2_smooth_nonlinear_n1000,nonlinear,1,1000,50,,0.3,Python,sksurv_RandomSurvivalForest,RSF,0.172345093550824,0.6914554560631355,1.4326703548431396,success,
setting2_smooth_nonlinear_n1000,nonlinear,1,1000,50,,0.3,Python,sksurv_GradientBoostingSurvivalAnalysis,Boosting,0.17148202778005,0.685612384276825,4.140536546707153,success,
setting2_smooth_nonlinear_n1000,nonlinear,2,1000,50,,0.3,Python,lifelines_CoxPHFitter,CoxPH,0.1947189202418892,0.6216197944835046,0.1469209194183349,success,
setting2_smooth_nonlinear_n1000,nonlinear,2,1000,50,,0.3,Python,sksurv_RandomSurvivalForest,RSF,0.185066068572106,0.6646160086533262,1.3769214153289795,success,
setting2_smooth_nonlinear_n1000,nonlinear,2,1000,50,,0.3,Python,sksurv_GradientBoostingSurvivalAnalysis,Boosting,0.1913895880930344,0.6760411032990806,4.154222249984741,success,
setting2_smooth_nonlinear_n1000,nonlinear,3,1000,50,,0.3,Python,lifelines_CoxPHFitter,CoxPH,0.1946515973314495,0.5953540651929562,0.1487047672271728,success,
setting2_smooth_nonlinear_n1000,nonlinear,3,1000,50,,0.3,Python,sksurv_RandomSurvivalForest,RSF,0.185912811719836,0.6517796927688273,1.3770501613616943,success,
setting2_smooth_nonlinear_n1000,nonlinear,3,1000,50,,0.3,Python,sksurv_GradientBoostingSurvivalAnalysis,Boosting,0.1804993758166285,0.6787560884226302,4.177347183227539,success,
setting2_smooth_nonlinear_n1000,nonlinear,4,1000,50,,0.3,Python,lifelines_CoxPHFitter,CoxPH,0.195903566637536,0.6053074055120988,0.1451056003570556,success,
setting2_smooth_nonlinear_n1000,nonlinear,4,1000,50,,0.3,Python,sksurv_RandomSurvivalForest,RSF,0.1783551363484002,0.69354484976972,1.4642279148101809,success,
setting2_smooth_nonlinear_n1000,nonlinear,4,1000,50,,0.3,Python,sksurv_GradientBoostingSurvivalAnalysis,Boosting,0.1633131256104998,0.706045763579209,4.152548789978027,success,
setting2_smooth_nonlinear_n1000,nonlinear,5,1000,50,,0.3,Python,lifelines_CoxPHFitter,CoxPH,0.2074859421355468,0.6305358295674629,0.1447653770446777,success,
setting2_smooth_nonlinear_n1000,nonlinear,5,1000,50,,0.3,Python,sksurv_RandomSurvivalForest,RSF,0.2004333489780292,0.6779857972885732,1.457585096359253,success,
setting2_smooth_nonlinear_n1000,nonlinear,5,1000,50,,0.3,Python,sksurv_GradientBoostingSurvivalAnalysis,Boosting,0.2018741980753872,0.672046481601033,4.1734912395477295,success,
setting2_smooth_nonlinear_n1000,nonlinear,6,1000,50,,0.3,Python,lifelines_CoxPHFitter,CoxPH,0.1811339922877192,0.609441749330244,0.1493775844573974,success,
setting2_smooth_nonlinear_n1000,nonlinear,6,1000,50,,0.3,Python,sksurv_RandomSurvivalForest,RSF,0.1631407788246751,0.7040764607921223,1.33579683303833,success,
setting2_smooth_nonlinear_n1000,nonlinear,6,1000,50,,0.3,Python,sksurv_GradientBoostingSurvivalAnalysis,Boosting,0.1524834713968058,0.7074795452899862,4.145704030990601,success,
setting2_smooth_nonlinear_n1000,nonlinear,7,1000,50,,0.3,Python,lifelines_CoxPHFitter,CoxPH,0.1745812021788551,0.6460283902144367,0.1479034423828125,success,
setting2_smooth_nonlinear_n1000,nonlinear,7,1000,50,,0.3,Python,sksurv_RandomSurvivalForest,RSF,0.1695220612259238,0.6721534279673814,1.3562543392181396,success,
setting2_smooth_nonlinear_n1000,nonlinear,7,1000,50,,0.3,Python,sksurv_GradientBoostingSurvivalAnalysis,Boosting,0.1697595457356796,0.6725309574146784,4.150306224822998,success,
setting2_smooth_nonlinear_n1000,nonlinear,8,1000,50,,0.3,Python,lifelines_CoxPHFitter,CoxPH,0.1852538864553684,0.6236794171220401,0.1473028659820556,success,
setting2_smooth_nonlinear_n1000,nonlinear,8,1000,50,,0.3,Python,sksurv_RandomSurvivalForest,RSF,0.1745560175892754,0.6930418943533697,1.4578843116760254,success,
setting2_smooth_nonlinear_n1000,nonlinear,8,1000,50,,0.3,Python,sksurv_GradientBoostingSurvivalAnalysis,Boosting,0.1593088987188992,0.7049908925318762,4.17054009437561,success,
setting2_smooth_nonlinear_n1000,nonlinear,9,1000,50,,0.3,Python,lifelines_CoxPHFitter,CoxPH,0.2134163746326881,0.5600859766820817,0.1452763080596923,success,
setting2_smooth_nonlinear_n1000,nonlinear,9,1000,50,,0.3,Python,sksurv_RandomSurvivalForest,RSF,0.1866177155522879,0.615058946134306,1.468092918395996,success,
setting2_smooth_nonlinear_n1000,nonlinear,9,1000,50,,0.3,Python,sksurv_GradientBoostingSurvivalAnalysis,Boosting,0.1829783426086536,0.6551162639223604,4.16800332069397,success,
setting2_smooth_nonlinear_n1000,nonlinear,10,1000,50,,0.3,Python,lifelines_CoxPHFitter,CoxPH,0.2074310510795195,0.6011537429568017,0.1480350494384765,success,
setting2_smooth_nonlinear_n1000,nonlinear,10,1000,50,,0.3,Python,sksurv_RandomSurvivalForest,RSF,0.1863196727572003,0.7031795009390931,1.429250955581665,success,
setting2_smooth_nonlinear_n1000,nonlinear,10,1000,50,,0.3,Python,sksurv_GradientBoostingSurvivalAnalysis,Boosting,0.1668344636353543,0.7298765763348538,4.169803857803345,success,
setting2_smooth_nonlinear_n1000,nonlinear,11,1000,50,,0.3,Python,lifelines_CoxPHFitter,CoxPH,0.2003888803603807,0.5976923076923077,0.2148458957672119,success,
setting2_smooth_nonlinear_n1000,nonlinear,11,1000,50,,0.3,Python,sksurv_RandomSurvivalForest,RSF,0.1877387189661981,0.6758041958041958,1.4186744689941406,success,
setting2_smooth_nonlinear_n1000,nonlinear,11,1000,50,,0.3,Python,sksurv_GradientBoostingSurvivalAnalysis,Boosting,0.1790050806076974,0.6674825174825175,4.157459735870361,success,
setting2_smooth_nonlinear_n1000,nonlinear,12,1000,50,,0.3,Python,lifelines_CoxPHFitter,CoxPH,0.2187684492091344,0.6008853065539113,0.1515440940856933,success,
setting2_smooth_nonlinear_n1000,nonlinear,12,1000,50,,0.3,Python,sksurv_RandomSurvivalForest,RSF,0.2054046744119966,0.625066067653277,1.4055943489074707,success,
setting2_smooth_nonlinear_n1000,nonlinear,12,1000,50,,0.3,Python,sksurv_GradientBoostingSurvivalAnalysis,Boosting,0.205286665927319,0.6491146934460887,4.138665437698364,success,
setting2_smooth_nonlinear_n1000,nonlinear,13,1000,50,,0.3,Python,lifelines_CoxPHFitter,CoxPH,0.2056442048953073,0.6327976717702138,0.1451473236083984,success,
setting2_smooth_nonlinear_n1000,nonlinear,13,1000,50,,0.3,Python,sksurv_RandomSurvivalForest,RSF,0.191766245170566,0.6915728204479311,1.388312816619873,success,
setting2_smooth_nonlinear_n1000,nonlinear,13,1000,50,,0.3,Python,sksurv_GradientBoostingSurvivalAnalysis,Boosting,0.172529654316625,0.7197266860685816,4.170281410217285,success,
setting2_smooth_nonlinear_n1000,nonlinear,14,1000,50,,0.3,Python,lifelines_CoxPHFitter,CoxPH,0.1949970650012652,0.6014492753623188,0.1453597545623779,success,
setting2_smooth_nonlinear_n1000,nonlinear,14,1000,50,,0.3,Python,sksurv_RandomSurvivalForest,RSF,0.1804697516880668,0.6827697262479872,1.429291009902954,success,
setting2_smooth_nonlinear_n1000,nonlinear,14,1000,50,,0.3,Python,sksurv_GradientBoostingSurvivalAnalysis,Boosting,0.1719207597491907,0.7034353193773484,4.163828611373901,success,
setting2_smooth_nonlinear_n1000,nonlinear,15,1000,50,,0.3,Python,lifelines_CoxPHFitter,CoxPH,0.1931100277797682,0.5951492537313433,0.1485235691070556,success,
setting2_smooth_nonlinear_n1000,nonlinear,15,1000,50,,0.3,Python,sksurv_RandomSurvivalForest,RSF,0.1709688798091183,0.6702985074626866,1.4170429706573486,success,
setting2_smooth_nonlinear_n1000,nonlinear,15,1000,50,,0.3,Python,sksurv_GradientBoostingSurvivalAnalysis,Boosting,0.1770600504399948,0.6676865671641791,4.164118051528931,success,
setting2_smooth_nonlinear_n1000,nonlinear,16,1000,50,,0.3,Python,lifelines_CoxPHFitter,CoxPH,0.2182376635893015,0.5577501635055592,0.1445767879486084,success,
setting2_smooth_nonlinear_n1000,nonlinear,16,1000,50,,0.3,Python,sksurv_RandomSurvivalForest,RSF,0.1875987989472278,0.6712884238064094,1.4536731243133545,success,
setting2_smooth_nonlinear_n1000,nonlinear,16,1000,50,,0.3,Python,sksurv_GradientBoostingSurvivalAnalysis,Boosting,0.1798152647645529,0.6705689993459778,4.196930170059204,success,
setting2_smooth_nonlinear_n1000,nonlinear,17,1000,50,,0.3,Python,lifelines_CoxPHFitter,CoxPH,0.2116477527956342,0.5985890898931341,0.1638033390045166,success,
setting2_smooth_nonlinear_n1000,nonlinear,17,1000,50,,0.3,Python,sksurv_RandomSurvivalForest,RSF,0.1909104788762683,0.6289725501152476,1.4458205699920654,success,
setting2_smooth_nonlinear_n1000,nonlinear,17,1000,50,,0.3,Python,sksurv_GradientBoostingSurvivalAnalysis,Boosting,0.1856316280564053,0.6606132569672417,4.164212942123413,success,
setting2_smooth_nonlinear_n1000,nonlinear,18,1000,50,,0.3,Python,lifelines_CoxPHFitter,CoxPH,0.2081896912977421,0.592201240711705,0.1495954990386963,success,
setting2_smooth_nonlinear_n1000,nonlinear,18,1000,50,,0.3,Python,sksurv_RandomSurvivalForest,RSF,0.1842326541137167,0.6547821937419047,1.450118064880371,success,
setting2_smooth_nonlinear_n1000,nonlinear,18,1000,50,,0.3,Python,sksurv_GradientBoostingSurvivalAnalysis,Boosting,0.1964140273015908,0.6543049969323063,4.187957763671875,success,
setting2_smooth_nonlinear_n1000,nonlinear,19,1000,50,,0.3,Python,lifelines_CoxPHFitter,CoxPH,0.1921851245840966,0.6373514431239389,0.1645822525024414,success,
setting2_smooth_nonlinear_n1000,nonlinear,19,1000,50,,0.3,Python,sksurv_RandomSurvivalForest,RSF,0.1828496178396459,0.6647877758913413,1.47790789604187,success,
setting2_smooth_nonlinear_n1000,nonlinear,19,1000,50,,0.3,Python,sksurv_GradientBoostingSurvivalAnalysis,Boosting,0.1700119510709609,0.6930390492359932,4.187159776687622,success,
setting2_smooth_nonlinear_n1000,nonlinear,20,1000,50,,0.3,Python,lifelines_CoxPHFitter,CoxPH,0.2023527016741155,0.5928576205443724,0.1655404567718505,success,
setting2_smooth_nonlinear_n1000,nonlinear,20,1000,50,,0.3,Python,sksurv_RandomSurvivalForest,RSF,0.1851524519413051,0.6416772554002541,1.3671646118164062,success,
setting2_smooth_nonlinear_n1000,nonlinear,20,1000,50,,0.3,Python,sksurv_GradientBoostingSurvivalAnalysis,Boosting,0.187663214269731,0.6513074299471678,4.178634643554688,success,
setting2_smooth_nonlinear_n1000,nonlinear,21,1000,50,,0.3,Python,lifelines_CoxPHFitter,CoxPH,0.2076544200905535,0.5789581624282198,0.1487030982971191,success,
setting2_smooth_nonlinear_n1000,nonlinear,21,1000,50,,0.3,Python,sksurv_RandomSurvivalForest,RSF,0.1895665472598859,0.6439704675963905,1.5092151165008545,success,
setting2_smooth_nonlinear_n1000,nonlinear,21,1000,50,,0.3,Python,sksurv_GradientBoostingSurvivalAnalysis,Boosting,0.1826691526844794,0.6808859721082855,4.139623641967773,success,
setting2_smooth_nonlinear_n1000,nonlinear,22,1000,50,,0.3,Python,lifelines_CoxPHFitter,CoxPH,0.197152078255138,0.6152617439918682,0.1467561721801757,success,
setting2_smooth_nonlinear_n1000,nonlinear,22,1000,50,,0.3,Python,sksurv_RandomSurvivalForest,RSF,0.1807072330468563,0.694184273578741,1.4568121433258057,success,
setting2_smooth_nonlinear_n1000,nonlinear,22,1000,50,,0.3,Python,sksurv_GradientBoostingSurvivalAnalysis,Boosting,0.1721477123482709,0.6915704639512089,4.162539482116699,success,
setting2_smooth_nonlinear_n1000,nonlinear,23,1000,50,,0.3,Python,lifelines_CoxPHFitter,CoxPH,0.1799384058945934,0.6743510005408329,0.1622335910797119,success,
setting2_smooth_nonlinear_n1000,nonlinear,23,1000,50,,0.3,Python,sksurv_RandomSurvivalForest,RSF,0.1776978992469172,0.725797728501893,1.3674025535583496,success,
setting2_smooth_nonlinear_n1000,nonlinear,23,1000,50,,0.3,Python,sksurv_GradientBoostingSurvivalAnalysis,Boosting,0.1585367476958077,0.7568280151433208,4.163038730621338,success,
setting2_smooth_nonlinear_n1000,nonlinear,24,1000,50,,0.3,Python,lifelines_CoxPHFitter,CoxPH,0.2130313569411878,0.6014992303058697,0.1637403964996338,success,
setting2_smooth_nonlinear_n1000,nonlinear,24,1000,50,,0.3,Python,sksurv_RandomSurvivalForest,RSF,0.1881456933897829,0.6672913459607791,1.3670475482940674,success,
setting2_smooth_nonlinear_n1000,nonlinear,24,1000,50,,0.3,Python,sksurv_GradientBoostingSurvivalAnalysis,Boosting,0.1864010195769851,0.6685630145237936,4.150604248046875,success,
setting2_smooth_nonlinear_n1000,nonlinear,25,1000,50,,0.3,Python,lifelines_CoxPHFitter,CoxPH,0.1913273822512282,0.630259623992838,0.1422648429870605,success,
setting2_smooth_nonlinear_n1000,nonlinear,25,1000,50,,0.3,Python,sksurv_RandomSurvivalForest,RSF,0.1826843767579383,0.6833551408305213,1.423729658126831,success,
setting2_smooth_nonlinear_n1000,nonlinear,25,1000,50,,0.3,Python,sksurv_GradientBoostingSurvivalAnalysis,Boosting,0.1665095757669635,0.7042903381309827,4.166332006454468,success,
setting2_smooth_nonlinear_n1000,nonlinear,26,1000,50,,0.3,Python,lifelines_CoxPHFitter,CoxPH,0.194080264461904,0.6358641689283113,0.1437351703643798,success,
setting2_smooth_nonlinear_n1000,nonlinear,26,1000,50,,0.3,Python,sksurv_RandomSurvivalForest,RSF,0.179233016001247,0.7061627060303171,1.3798141479492188,success,
setting2_smooth_nonlinear_n1000,nonlinear,26,1000,50,,0.3,Python,sksurv_GradientBoostingSurvivalAnalysis,Boosting,0.1672594028564389,0.71609187793738,4.164210796356201,success,
setting2_smooth_nonlinear_n1000,nonlinear,27,1000,50,,0.3,Python,lifelines_CoxPHFitter,CoxPH,0.2055364649098623,0.610249177244946,0.143867015838623,success,
setting2_smooth_nonlinear_n1000,nonlinear,27,1000,50,,0.3,Python,sksurv_RandomSurvivalForest,RSF,0.1828088816364376,0.7132110954395863,1.4186208248138428,success,
setting2_smooth_nonlinear_n1000,nonlinear,27,1000,50,,0.3,Python,sksurv_GradientBoostingSurvivalAnalysis,Boosting,0.1648854132009906,0.7234871381556854,4.162198066711426,success,
setting2_smooth_nonlinear_n1000,nonlinear,28,1000,50,,0.3,Python,lifelines_CoxPHFitter,CoxPH,0.1925815168547248,0.6075202215259055,0.1457376480102539,success,
setting2_smooth_nonlinear_n1000,nonlinear,28,1000,50,,0.3,Python,sksurv_RandomSurvivalForest,RSF,0.1825102305169769,0.6453399402463018,1.458263635635376,success,
setting2_smooth_nonlinear_n1000,nonlinear,28,1000,50,,0.3,Python,sksurv_GradientBoostingSurvivalAnalysis,Boosting,0.1868342518370016,0.6390002186110909,4.136506080627441,success,
setting2_smooth_nonlinear_n1000,nonlinear,29,1000,50,,0.3,Python,lifelines_CoxPHFitter,CoxPH,0.2152208770563282,0.585481818790598,0.1417944431304931,success,
setting2_smooth_nonlinear_n1000,nonlinear,29,1000,50,,0.3,Python,sksurv_RandomSurvivalForest,RSF,0.1961449557697892,0.6270006026920244,1.4071531295776367,success,
setting2_smooth_nonlinear_n1000,nonlinear,29,1000,50,,0.3,Python,sksurv_GradientBoostingSurvivalAnalysis,Boosting,0.1954160736022181,0.6465546105939864,4.178943872451782,success,
setting2_smooth_nonlinear_n1000,nonlinear,30,1000,50,,0.3,Python,lifelines_CoxPHFitter,CoxPH,0.2112530344997946,0.613249951143248,0.1620352268218994,success,
setting2_smooth_nonlinear_n1000,nonlinear,30,1000,50,,0.3,Python,sksurv_RandomSurvivalForest,RSF,0.1991931186653567,0.6521399257377369,1.3779189586639404,success,
setting2_smooth_nonlinear_n1000,nonlinear,30,1000,50,,0.3,Python,sksurv_GradientBoostingSurvivalAnalysis,Boosting,0.2009877465309498,0.6559181812259788,4.185635566711426,success,
setting2_smooth_nonlinear_n1000,nonlinear,31,1000,50,,0.3,Python,lifelines_CoxPHFitter,CoxPH,0.2082941600579565,0.5844914831444659,0.1448297500610351,success,
setting2_smooth_nonlinear_n1000,nonlinear,31,1000,50,,0.3,Python,sksurv_RandomSurvivalForest,RSF,0.185567486263674,0.6368754899864586,1.3692011833190918,success,
setting2_smooth_nonlinear_n1000,nonlinear,31,1000,50,,0.3,Python,sksurv_GradientBoostingSurvivalAnalysis,Boosting,0.1860625336377596,0.6606086522699737,4.1421191692352295,success,
setting2_smooth_nonlinear_n1000,nonlinear,32,1000,50,,0.3,Python,lifelines_CoxPHFitter,CoxPH,0.1970064754210966,0.6331032616050887,0.144474983215332,success,
setting2_smooth_nonlinear_n1000,nonlinear,32,1000,50,,0.3,Python,sksurv_RandomSurvivalForest,RSF,0.1868366866767337,0.6828393557991609,1.4668056964874268,success,
setting2_smooth_nonlinear_n1000,nonlinear,32,1000,50,,0.3,Python,sksurv_GradientBoostingSurvivalAnalysis,Boosting,0.1846093592120794,0.6686967113276492,4.171034097671509,success,
setting2_smooth_nonlinear_n1000,nonlinear,33,1000,50,,0.3,Python,lifelines_CoxPHFitter,CoxPH,0.1818110927787666,0.6422203649533361,0.1452276706695556,success,
setting2_smooth_nonlinear_n1000,nonlinear,33,1000,50,,0.3,Python,sksurv_RandomSurvivalForest,RSF,0.1743116813614851,0.7170915169243627,1.4479684829711914,success,
setting2_smooth_nonlinear_n1000,nonlinear,33,1000,50,,0.3,Python,sksurv_GradientBoostingSurvivalAnalysis,Boosting,0.1677931289671321,0.7083159214375261,4.211308002471924,success,
setting2_smooth_nonlinear_n1000,nonlinear,34,1000,50,,0.3,Python,lifelines_CoxPHFitter,CoxPH,0.193119226282953,0.6104493971501644,0.1472821235656738,success,
setting2_smooth_nonlinear_n1000,nonlinear,34,1000,50,,0.3,Python,sksurv_RandomSurvivalForest,RSF,0.1692941231138726,0.7088783339422725,1.439784288406372,success,
setting2_smooth_nonlinear_n1000,nonlinear,34,1000,50,,0.3,Python,sksurv_GradientBoostingSurvivalAnalysis,Boosting,0.1544545022850856,0.7134819145049324,4.1829447746276855,success,
setting2_smooth_nonlinear_n1000,nonlinear,35,1000,50,,0.3,Python,lifelines_CoxPHFitter,CoxPH,0.223081961474921,0.5799134653205716,0.1457042694091797,success,
setting2_smooth_nonlinear_n1000,nonlinear,35,1000,50,,0.3,Python,sksurv_RandomSurvivalForest,RSF,0.203215857165398,0.6907696341943097,1.427265167236328,success,
setting2_smooth_nonlinear_n1000,nonlinear,35,1000,50,,0.3,Python,sksurv_GradientBoostingSurvivalAnalysis,Boosting,0.2063933168025875,0.6825095057034221,4.16552472114563,success,
setting2_smooth_nonlinear_n1000,nonlinear,36,1000,50,,0.3,Python,lifelines_CoxPHFitter,CoxPH,0.196495298635271,0.6099658800113733,0.2111194133758545,success,
setting2_smooth_nonlinear_n1000,nonlinear,36,1000,50,,0.3,Python,sksurv_RandomSurvivalForest,RSF,0.1782104080734206,0.6734432755189081,1.4087109565734863,success,
setting2_smooth_nonlinear_n1000,nonlinear,36,1000,50,,0.3,Python,sksurv_GradientBoostingSurvivalAnalysis,Boosting,0.1702190363335508,0.7067102644299118,4.231714487075806,success,
setting2_smooth_nonlinear_n1000,nonlinear,37,1000,50,,0.3,Python,lifelines_CoxPHFitter,CoxPH,0.1911318308614206,0.6235448195576252,0.1450002193450927,success,
setting2_smooth_nonlinear_n1000,nonlinear,37,1000,50,,0.3,Python,sksurv_RandomSurvivalForest,RSF,0.1869169093815857,0.6706926658905704,1.3968114852905271,success,
setting2_smooth_nonlinear_n1000,nonlinear,37,1000,50,,0.3,Python,sksurv_GradientBoostingSurvivalAnalysis,Boosting,0.1896101018440424,0.6762951105937136,4.178371429443359,success,
setting2_smooth_nonlinear_n1000,nonlinear,38,1000,50,,0.3,Python,lifelines_CoxPHFitter,CoxPH,0.1856572660355361,0.6275958909171532,0.1606156826019287,success,
setting2_smooth_nonlinear_n1000,nonlinear,38,1000,50,,0.3,Python,sksurv_RandomSurvivalForest,RSF,0.1791876353636534,0.6562707856034291,1.4646382331848145,success,
setting2_smooth_nonlinear_n1000,nonlinear,38,1000,50,,0.3,Python,sksurv_GradientBoostingSurvivalAnalysis,Boosting,0.1829938230808204,0.6592269603133545,4.162246942520142,success,
setting2_smooth_nonlinear_n1000,nonlinear,39,1000,50,,0.3,Python,lifelines_CoxPHFitter,CoxPH,0.2001441178752797,0.6196835147225747,0.143923282623291,success,
setting2_smooth_nonlinear_n1000,nonlinear,39,1000,50,,0.3,Python,sksurv_RandomSurvivalForest,RSF,0.1851365070842697,0.6917940842625359,1.3770506381988523,success,
setting2_smooth_nonlinear_n1000,nonlinear,39,1000,50,,0.3,Python,sksurv_GradientBoostingSurvivalAnalysis,Boosting,0.1873953157414991,0.6791079655471723,4.174900531768799,success,
setting2_smooth_nonlinear_n1000,nonlinear,40,1000,50,,0.3,Python,lifelines_CoxPHFitter,CoxPH,0.1987618277244515,0.6148158385736991,0.1453244686126709,success,
setting2_smooth_nonlinear_n1000,nonlinear,40,1000,50,,0.3,Python,sksurv_RandomSurvivalForest,RSF,0.1868261342924298,0.6651924538732638,1.469163417816162,success,
setting2_smooth_nonlinear_n1000,nonlinear,40,1000,50,,0.3,Python,sksurv_GradientBoostingSurvivalAnalysis,Boosting,0.1846055326733658,0.6602860894202197,4.290441751480103,success,
setting2_smooth_nonlinear_n1000,nonlinear,41,1000,50,,0.3,Python,lifelines_CoxPHFitter,CoxPH,0.1866641468241979,0.6500834956860562,0.142737865447998,success,
setting2_smooth_nonlinear_n1000,nonlinear,41,1000,50,,0.3,Python,sksurv_RandomSurvivalForest,RSF,0.1739440574614513,0.7126356804898414,1.475891351699829,success,
setting2_smooth_nonlinear_n1000,nonlinear,41,1000,50,,0.3,Python,sksurv_GradientBoostingSurvivalAnalysis,Boosting,0.1743688486416104,0.7036598942387977,4.192128896713257,success,
setting2_smooth_nonlinear_n1000,nonlinear,42,1000,50,,0.3,Python,lifelines_CoxPHFitter,CoxPH,0.2039408348410124,0.6017037190941201,0.1486003398895263,success,
setting2_smooth_nonlinear_n1000,nonlinear,42,1000,50,,0.3,Python,sksurv_RandomSurvivalForest,RSF,0.1929603653500616,0.6677055197728374,1.398482322692871,success,
setting2_smooth_nonlinear_n1000,nonlinear,42,1000,50,,0.3,Python,sksurv_GradientBoostingSurvivalAnalysis,Boosting,0.1932692459449725,0.7120299189694577,4.170452833175659,success,
setting2_smooth_nonlinear_n1000,nonlinear,43,1000,50,,0.3,Python,lifelines_CoxPHFitter,CoxPH,0.2276891188923171,0.5522368334104275,0.1457195281982422,success,
setting2_smooth_nonlinear_n1000,nonlinear,43,1000,50,,0.3,Python,sksurv_RandomSurvivalForest,RSF,0.1915264278186818,0.6310711689684795,1.3990113735198977,success,
setting2_smooth_nonlinear_n1000,nonlinear,43,1000,50,,0.3,Python,sksurv_GradientBoostingSurvivalAnalysis,Boosting,0.1950688046004998,0.640058151060596,4.233189582824707,success,
setting2_smooth_nonlinear_n1000,nonlinear,44,1000,50,,0.3,Python,lifelines_CoxPHFitter,CoxPH,0.1815101767839529,0.6403162055335968,0.1538925170898437,success,
setting2_smooth_nonlinear_n1000,nonlinear,44,1000,50,,0.3,Python,sksurv_RandomSurvivalForest,RSF,0.1770612360111531,0.724025974025974,1.4498777389526367,success,
setting2_smooth_nonlinear_n1000,nonlinear,44,1000,50,,0.3,Python,sksurv_GradientBoostingSurvivalAnalysis,Boosting,0.1745800805917547,0.7156973461321288,4.200129985809326,success,
setting2_smooth_nonlinear_n1000,nonlinear,45,1000,50,,0.3,Python,lifelines_CoxPHFitter,CoxPH,0.194799359590024,0.6055551629090395,0.1501698493957519,success,
setting2_smooth_nonlinear_n1000,nonlinear,45,1000,50,,0.3,Python,sksurv_RandomSurvivalForest,RSF,0.1770283581666671,0.6619549084740971,1.4729571342468262,success,
setting2_smooth_nonlinear_n1000,nonlinear,45,1000,50,,0.3,Python,sksurv_GradientBoostingSurvivalAnalysis,Boosting,0.1769644225973334,0.6857021697646477,4.207647800445557,success,
setting2_smooth_nonlinear_n1000,nonlinear,46,1000,50,,0.3,Python,lifelines_CoxPHFitter,CoxPH,0.1823601357145165,0.6597566777679603,0.1505229473114013,success,
setting2_smooth_nonlinear_n1000,nonlinear,46,1000,50,,0.3,Python,sksurv_RandomSurvivalForest,RSF,0.1721932779374172,0.7059743084347176,1.4004998207092283,success,
setting2_smooth_nonlinear_n1000,nonlinear,46,1000,50,,0.3,Python,sksurv_GradientBoostingSurvivalAnalysis,Boosting,0.1608869749945125,0.7210630055053354,4.181014537811279,success,
setting2_smooth_nonlinear_n1000,nonlinear,47,1000,50,,0.3,Python,lifelines_CoxPHFitter,CoxPH,0.1880091892271043,0.6348660271253721,0.1463918685913086,success,
setting2_smooth_nonlinear_n1000,nonlinear,47,1000,50,,0.3,Python,sksurv_RandomSurvivalForest,RSF,0.1852555541957793,0.6907045980813761,1.4029648303985596,success,
setting2_smooth_nonlinear_n1000,nonlinear,47,1000,50,,0.3,Python,sksurv_GradientBoostingSurvivalAnalysis,Boosting,0.1605375166939747,0.7147866357922593,4.248151302337647,success,
setting2_smooth_nonlinear_n1000,nonlinear,48,1000,50,,0.3,Python,lifelines_CoxPHFitter,CoxPH,0.2070827962983827,0.6167186018154721,0.1500303745269775,success,
setting2_smooth_nonlinear_n1000,nonlinear,48,1000,50,,0.3,Python,sksurv_RandomSurvivalForest,RSF,0.1944604113451919,0.6715214740550061,1.424515962600708,success,
setting2_smooth_nonlinear_n1000,nonlinear,48,1000,50,,0.3,Python,sksurv_GradientBoostingSurvivalAnalysis,Boosting,0.1940368733396291,0.669082780111096,4.186131715774536,success,
setting2_smooth_nonlinear_n1000,nonlinear,49,1000,50,,0.3,Python,lifelines_CoxPHFitter,CoxPH,0.1962214059152185,0.6083507306889353,0.1425619125366211,success,
setting2_smooth_nonlinear_n1000,nonlinear,49,1000,50,,0.3,Python,sksurv_RandomSurvivalForest,RSF,0.1761070419735883,0.7109255393180237,1.3965377807617188,success,
setting2_smooth_nonlinear_n1000,nonlinear,49,1000,50,,0.3,Python,sksurv_GradientBoostingSurvivalAnalysis,Boosting,0.1737178140908806,0.6876826722338205,4.161559820175171,success,
setting2_smooth_nonlinear_n1000,nonlinear,50,1000,50,,0.3,Python,lifelines_CoxPHFitter,CoxPH,0.1908719333332706,0.6515843179377014,0.1445057392120361,success,
setting2_smooth_nonlinear_n1000,nonlinear,50,1000,50,,0.3,Python,sksurv_RandomSurvivalForest,RSF,0.1859331655966374,0.7216031149301826,1.4982950687408447,success,
setting2_smooth_nonlinear_n1000,nonlinear,50,1000,50,,0.3,Python,sksurv_GradientBoostingSurvivalAnalysis,Boosting,0.1762917098674914,0.7165010741138561,4.18928337097168,success,
setting2_smooth_nonlinear_n1500,nonlinear,1,1500,50,,0.3,Python,lifelines_CoxPHFitter,CoxPH,0.1956471607313739,0.6017368968258822,0.1854429244995117,success,
setting2_smooth_nonlinear_n1500,nonlinear,1,1500,50,,0.3,Python,sksurv_RandomSurvivalForest,RSF,0.1857621171478435,0.673934315943979,3.4067697525024414,success,
setting2_smooth_nonlinear_n1500,nonlinear,1,1500,50,,0.3,Python,sksurv_GradientBoostingSurvivalAnalysis,Boosting,0.1781432898375278,0.6763806495015595,7.441814422607422,success,
setting2_smooth_nonlinear_n1500,nonlinear,2,1500,50,,0.3,Python,lifelines_CoxPHFitter,CoxPH,0.1891093755503725,0.6234077902898283,0.1871993541717529,success,
setting2_smooth_nonlinear_n1500,nonlinear,2,1500,50,,0.3,Python,sksurv_RandomSurvivalForest,RSF,0.1787973258570111,0.6763583779459725,3.58025336265564,success,
setting2_smooth_nonlinear_n1500,nonlinear,2,1500,50,,0.3,Python,sksurv_GradientBoostingSurvivalAnalysis,Boosting,0.1649134495504052,0.7139252969048059,7.374367237091064,success,
setting2_smooth_nonlinear_n1500,nonlinear,3,1500,50,,0.3,Python,lifelines_CoxPHFitter,CoxPH,0.1765871181606083,0.6236175411522634,0.1891388893127441,success,
setting2_smooth_nonlinear_n1500,nonlinear,3,1500,50,,0.3,Python,sksurv_RandomSurvivalForest,RSF,0.1687104053402875,0.6757008744855967,3.4828786849975586,success,
setting2_smooth_nonlinear_n1500,nonlinear,3,1500,50,,0.3,Python,sksurv_GradientBoostingSurvivalAnalysis,Boosting,0.1592333737388878,0.6917438271604939,7.589970350265503,success,
setting2_smooth_nonlinear_n1500,nonlinear,4,1500,50,,0.3,Python,lifelines_CoxPHFitter,CoxPH,0.1948950495852636,0.5923058013765978,0.1853334903717041,success,
setting2_smooth_nonlinear_n1500,nonlinear,4,1500,50,,0.3,Python,sksurv_RandomSurvivalForest,RSF,0.1765635096795377,0.676622418879056,3.7063333988189697,success,
setting2_smooth_nonlinear_n1500,nonlinear,4,1500,50,,0.3,Python,sksurv_GradientBoostingSurvivalAnalysis,Boosting,0.1768651333904105,0.6838126843657817,7.466133117675781,success,
setting2_smooth_nonlinear_n1500,nonlinear,5,1500,50,,0.3,Python,lifelines_CoxPHFitter,CoxPH,0.1985704520187722,0.6266545358494996,0.1816067695617675,success,
setting2_smooth_nonlinear_n1500,nonlinear,5,1500,50,,0.3,Python,sksurv_RandomSurvivalForest,RSF,0.1908873899697793,0.6616088985413671,3.520864248275757,success,
setting2_smooth_nonlinear_n1500,nonlinear,5,1500,50,,0.3,Python,sksurv_GradientBoostingSurvivalAnalysis,Boosting,0.1755289756657458,0.6955067061896516,7.417570352554321,success,
setting2_smooth_nonlinear_n1500,nonlinear,6,1500,50,,0.3,Python,lifelines_CoxPHFitter,CoxPH,0.2127075484289015,0.5924205378973105,0.1842017173767089,success,
setting2_smooth_nonlinear_n1500,nonlinear,6,1500,50,,0.3,Python,sksurv_RandomSurvivalForest,RSF,0.1977699393019548,0.6795843520782396,3.609451770782471,success,
setting2_smooth_nonlinear_n1500,nonlinear,6,1500,50,,0.3,Python,sksurv_GradientBoostingSurvivalAnalysis,Boosting,0.1862406817974055,0.7010391198044009,7.577822923660278,success,
setting2_smooth_nonlinear_n1500,nonlinear,7,1500,50,,0.3,Python,lifelines_CoxPHFitter,CoxPH,0.1960779264417065,0.5906369769725381,0.1858587265014648,success,
setting2_smooth_nonlinear_n1500,nonlinear,7,1500,50,,0.3,Python,sksurv_RandomSurvivalForest,RSF,0.1843632298188334,0.6454024262772797,3.617011308670044,success,
setting2_smooth_nonlinear_n1500,nonlinear,7,1500,50,,0.3,Python,sksurv_GradientBoostingSurvivalAnalysis,Boosting,0.1753921851799841,0.6761268252510215,7.414191007614136,success,
setting2_smooth_nonlinear_n1500,nonlinear,8,1500,50,,0.3,Python,lifelines_CoxPHFitter,CoxPH,0.2113280854694461,0.5859399004485958,0.1810171604156494,success,
setting2_smooth_nonlinear_n1500,nonlinear,8,1500,50,,0.3,Python,sksurv_RandomSurvivalForest,RSF,0.1871304442462526,0.6819578442819394,3.521712064743042,success,
setting2_smooth_nonlinear_n1500,nonlinear,8,1500,50,,0.3,Python,sksurv_GradientBoostingSurvivalAnalysis,Boosting,0.1799071005256647,0.6885946045597001,7.478306293487549,success,
setting2_smooth_nonlinear_n1500,nonlinear,9,1500,50,,0.3,Python,lifelines_CoxPHFitter,CoxPH,0.2026322580784732,0.6168551183476556,0.1851418018341064,success,
setting2_smooth_nonlinear_n1500,nonlinear,9,1500,50,,0.3,Python,sksurv_RandomSurvivalForest,RSF,0.190555777856918,0.6680838233077039,3.549964666366577,success,
setting2_smooth_nonlinear_n1500,nonlinear,9,1500,50,,0.3,Python,sksurv_GradientBoostingSurvivalAnalysis,Boosting,0.1912907973823638,0.6745967134026836,7.413678407669067,success,
setting2_smooth_nonlinear_n1500,nonlinear,10,1500,50,,0.3,Python,lifelines_CoxPHFitter,CoxPH,0.1857614324199448,0.6234880495435926,0.1852545738220214,success,
setting2_smooth_nonlinear_n1500,nonlinear,10,1500,50,,0.3,Python,sksurv_RandomSurvivalForest,RSF,0.1752319610154322,0.6886752894881141,3.6611969470977774,success,
setting2_smooth_nonlinear_n1500,nonlinear,10,1500,50,,0.3,Python,sksurv_GradientBoostingSurvivalAnalysis,Boosting,0.1621511300690483,0.706318743347418,7.436524868011475,success,
setting2_smooth_nonlinear_n1500,nonlinear,11,1500,50,,0.3,Python,lifelines_CoxPHFitter,CoxPH,0.2018756691105231,0.6034388558573035,0.1875712871551513,success,
setting2_smooth_nonlinear_n1500,nonlinear,11,1500,50,,0.3,Python,sksurv_RandomSurvivalForest,RSF,0.185498216548883,0.7002410412984091,3.506070613861084,success,
setting2_smooth_nonlinear_n1500,nonlinear,11,1500,50,,0.3,Python,sksurv_GradientBoostingSurvivalAnalysis,Boosting,0.1856653423737507,0.6892495580909529,7.445772409439087,success,
setting2_smooth_nonlinear_n1500,nonlinear,12,1500,50,,0.3,Python,lifelines_CoxPHFitter,CoxPH,0.1808314608457315,0.6144985305543357,0.1862473487854004,success,
setting2_smooth_nonlinear_n1500,nonlinear,12,1500,50,,0.3,Python,sksurv_RandomSurvivalForest,RSF,0.166102755455104,0.6945917643482079,3.4124302864074707,success,
setting2_smooth_nonlinear_n1500,nonlinear,12,1500,50,,0.3,Python,sksurv_GradientBoostingSurvivalAnalysis,Boosting,0.1591741442132874,0.6890517852920313,7.429081916809082,success,
setting2_smooth_nonlinear_n1500,nonlinear,13,1500,50,,0.3,Python,lifelines_CoxPHFitter,CoxPH,0.1929240002726528,0.6198149226687375,0.2503285408020019,success,
setting2_smooth_nonlinear_n1500,nonlinear,13,1500,50,,0.3,Python,sksurv_RandomSurvivalForest,RSF,0.1824733539454396,0.6784766711965314,3.5625100135803223,success,
setting2_smooth_nonlinear_n1500,nonlinear,13,1500,50,,0.3,Python,sksurv_GradientBoostingSurvivalAnalysis,Boosting,0.1819302712142238,0.6785413835501197,7.412278175354004,success,
setting2_smooth_nonlinear_n1500,nonlinear,14,1500,50,,0.3,Python,lifelines_CoxPHFitter,CoxPH,0.1959793733955602,0.6135466570249178,0.184746503829956,success,
setting2_smooth_nonlinear_n1500,nonlinear,14,1500,50,,0.3,Python,sksurv_RandomSurvivalForest,RSF,0.1777945013160132,0.6603091385700082,3.5942232608795166,success,
setting2_smooth_nonlinear_n1500,nonlinear,14,1500,50,,0.3,Python,sksurv_GradientBoostingSurvivalAnalysis,Boosting,0.1701693016346961,0.6842327277109885,7.437582492828369,success,
setting2_smooth_nonlinear_n1500,nonlinear,15,1500,50,,0.3,Python,lifelines_CoxPHFitter,CoxPH,0.2035151496540231,0.6145655238609437,0.1884310245513916,success,
setting2_smooth_nonlinear_n1500,nonlinear,15,1500,50,,0.3,Python,sksurv_RandomSurvivalForest,RSF,0.1888149013000704,0.678814601517742,3.501861095428467,success,
setting2_smooth_nonlinear_n1500,nonlinear,15,1500,50,,0.3,Python,sksurv_GradientBoostingSurvivalAnalysis,Boosting,0.1828948894558921,0.6805843006688863,7.46916389465332,success,
setting2_smooth_nonlinear_n1500,nonlinear,16,1500,50,,0.3,Python,lifelines_CoxPHFitter,CoxPH,0.1939268196161069,0.6231417325396051,0.1855959892272949,success,
setting2_smooth_nonlinear_n1500,nonlinear,16,1500,50,,0.3,Python,sksurv_RandomSurvivalForest,RSF,0.175467941399352,0.704206109105104,3.5721094608306885,success,
setting2_smooth_nonlinear_n1500,nonlinear,16,1500,50,,0.3,Python,sksurv_GradientBoostingSurvivalAnalysis,Boosting,0.1584024053995664,0.720991509710159,7.403143405914307,success,
setting2_smooth_nonlinear_n1500,nonlinear,17,1500,50,,0.3,Python,lifelines_CoxPHFitter,CoxPH,0.189329219962274,0.5966981132075472,0.1837766170501709,success,
setting2_smooth_nonlinear_n1500,nonlinear,17,1500,50,,0.3,Python,sksurv_RandomSurvivalForest,RSF,0.1773733423887554,0.6882592401137245,3.7631988525390634,success,
setting2_smooth_nonlinear_n1500,nonlinear,17,1500,50,,0.3,Python,sksurv_GradientBoostingSurvivalAnalysis,Boosting,0.174723741556271,0.6882592401137245,7.471614360809326,success,
setting2_smooth_nonlinear_n1500,nonlinear,18,1500,50,,0.3,Python,lifelines_CoxPHFitter,CoxPH,0.1882748487932241,0.5781132075471698,0.1990001201629638,success,
setting2_smooth_nonlinear_n1500,nonlinear,18,1500,50,,0.3,Python,sksurv_RandomSurvivalForest,RSF,0.1785226512961753,0.6486792452830189,3.745781421661377,success,
setting2_smooth_nonlinear_n1500,nonlinear,18,1500,50,,0.3,Python,sksurv_GradientBoostingSurvivalAnalysis,Boosting,0.1704166404947932,0.6629245283018868,7.3973753452301025,success,
setting2_smooth_nonlinear_n1500,nonlinear,19,1500,50,,0.3,Python,lifelines_CoxPHFitter,CoxPH,0.1972088363197128,0.6399723333233092,0.1870808601379394,success,
setting2_smooth_nonlinear_n1500,nonlinear,19,1500,50,,0.3,Python,sksurv_RandomSurvivalForest,RSF,0.1831729447582092,0.7091390250503714,3.5228095054626465,success,
setting2_smooth_nonlinear_n1500,nonlinear,19,1500,50,,0.3,Python,sksurv_GradientBoostingSurvivalAnalysis,Boosting,0.1834058849217651,0.6972303250834511,7.434510946273804,success,
setting2_smooth_nonlinear_n1500,nonlinear,20,1500,50,,0.3,Python,lifelines_CoxPHFitter,CoxPH,0.1913738633513136,0.6147556630185798,0.1841483116149902,success,
setting2_smooth_nonlinear_n1500,nonlinear,20,1500,50,,0.3,Python,sksurv_RandomSurvivalForest,RSF,0.1745615591450995,0.7061911427844235,3.677345991134644,success,
setting2_smooth_nonlinear_n1500,nonlinear,20,1500,50,,0.3,Python,sksurv_GradientBoostingSurvivalAnalysis,Boosting,0.1698762464424449,0.707654619496055,7.609955072402954,success,
setting2_smooth_nonlinear_n1500,nonlinear,21,1500,50,,0.3,Python,lifelines_CoxPHFitter,CoxPH,0.2047675083761495,0.5992890108519396,0.1844949722290039,success,
setting2_smooth_nonlinear_n1500,nonlinear,21,1500,50,,0.3,Python,sksurv_RandomSurvivalForest,RSF,0.1887027122005971,0.6632156667082449,3.65425705909729,success,
setting2_smooth_nonlinear_n1500,nonlinear,21,1500,50,,0.3,Python,sksurv_GradientBoostingSurvivalAnalysis,Boosting,0.1838378775439639,0.6876637146064613,7.414584398269653,success,
setting2_smooth_nonlinear_n1500,nonlinear,22,1500,50,,0.3,Python,lifelines_CoxPHFitter,CoxPH,0.18272265263929,0.6256183804243168,0.18729829788208,success,
setting2_smooth_nonlinear_n1500,nonlinear,22,1500,50,,0.3,Python,sksurv_RandomSurvivalForest,RSF,0.1713166061784032,0.6980311431322421,3.644500255584717,success,
setting2_smooth_nonlinear_n1500,nonlinear,22,1500,50,,0.3,Python,sksurv_GradientBoostingSurvivalAnalysis,Boosting,0.1721847660414578,0.692353663800259,7.4063191413879395,success,
setting2_smooth_nonlinear_n1500,nonlinear,23,1500,50,,0.3,Python,lifelines_CoxPHFitter,CoxPH,0.1812118673115861,0.6382891801011911,0.1895937919616699,success,
setting2_smooth_nonlinear_n1500,nonlinear,23,1500,50,,0.3,Python,sksurv_RandomSurvivalForest,RSF,0.1756729985578831,0.6712862575029069,3.450228452682495,success,
setting2_smooth_nonlinear_n1500,nonlinear,23,1500,50,,0.3,Python,sksurv_GradientBoostingSurvivalAnalysis,Boosting,0.1678396630492014,0.6890104019358285,7.43282151222229,success,
setting2_smooth_nonlinear_n1500,nonlinear,24,1500,50,,0.3,Python,lifelines_CoxPHFitter,CoxPH,0.1986990176096098,0.6048147670065832,0.1903614997863769,success,
setting2_smooth_nonlinear_n1500,nonlinear,24,1500,50,,0.3,Python,sksurv_RandomSurvivalForest,RSF,0.1857043916364442,0.6758099909642442,3.56331467628479,success,
setting2_smooth_nonlinear_n1500,nonlinear,24,1500,50,,0.3,Python,sksurv_GradientBoostingSurvivalAnalysis,Boosting,0.1773859211746571,0.6830063250290435,7.501716375350952,success,
setting2_smooth_nonlinear_n1500,nonlinear,25,1500,50,,0.3,Python,lifelines_CoxPHFitter,CoxPH,0.1856490739850019,0.6426504899673355,0.1849100589752197,success,
setting2_smooth_nonlinear_n1500,nonlinear,25,1500,50,,0.3,Python,sksurv_RandomSurvivalForest,RSF,0.1771824239238426,0.7041530564629025,3.5187864303588867,success,
setting2_smooth_nonlinear_n1500,nonlinear,25,1500,50,,0.3,Python,sksurv_GradientBoostingSurvivalAnalysis,Boosting,0.1624165754487744,0.7127391507232851,7.4766011238098145,success,
setting2_smooth_nonlinear_n1500,nonlinear,26,1500,50,,0.3,Python,lifelines_CoxPHFitter,CoxPH,0.2069311571921776,0.5983671551496285,0.1920351982116699,success,
setting2_smooth_nonlinear_n1500,nonlinear,26,1500,50,,0.3,Python,sksurv_RandomSurvivalForest,RSF,0.1948964244555237,0.661625209244956,3.7264578342437744,success,
setting2_smooth_nonlinear_n1500,nonlinear,26,1500,50,,0.3,Python,sksurv_GradientBoostingSurvivalAnalysis,Boosting,0.1773844963990545,0.6925494111773516,7.502138376235962,success,
setting2_smooth_nonlinear_n1500,nonlinear,27,1500,50,,0.3,Python,lifelines_CoxPHFitter,CoxPH,0.1887120167813223,0.6034620932841802,0.1878607273101806,success,
setting2_smooth_nonlinear_n1500,nonlinear,27,1500,50,,0.3,Python,sksurv_RandomSurvivalForest,RSF,0.1778457051312484,0.6805898381150826,3.5233147144317627,success,
setting2_smooth_nonlinear_n1500,nonlinear,27,1500,50,,0.3,Python,sksurv_GradientBoostingSurvivalAnalysis,Boosting,0.1693409859827433,0.7020355826254208,7.432974100112915,success,
setting2_smooth_nonlinear_n1500,nonlinear,28,1500,50,,0.3,Python,lifelines_CoxPHFitter,CoxPH,0.1954468398785053,0.6297822775736941,0.1847901344299316,success,
setting2_smooth_nonlinear_n1500,nonlinear,28,1500,50,,0.3,Python,sksurv_RandomSurvivalForest,RSF,0.1822305624150322,0.6823462652689425,3.581468343734741,success,
setting2_smooth_nonlinear_n1500,nonlinear,28,1500,50,,0.3,Python,sksurv_GradientBoostingSurvivalAnalysis,Boosting,0.1837861473810727,0.6765522802616253,7.430581331253052,success,
setting2_smooth_nonlinear_n1500,nonlinear,29,1500,50,,0.3,Python,lifelines_CoxPHFitter,CoxPH,0.2014997499715433,0.605291101604927,0.1879518032073974,success,
setting2_smooth_nonlinear_n1500,nonlinear,29,1500,50,,0.3,Python,sksurv_RandomSurvivalForest,RSF,0.1925150302426212,0.6667880222080641,3.5535435676574707,success,
setting2_smooth_nonlinear_n1500,nonlinear,29,1500,50,,0.3,Python,sksurv_GradientBoostingSurvivalAnalysis,Boosting,0.1831361976889381,0.6965504687357786,7.504192590713501,success,
setting2_smooth_nonlinear_n1500,nonlinear,30,1500,50,,0.3,Python,lifelines_CoxPHFitter,CoxPH,0.1770267824434985,0.637829536728948,0.1870718002319336,success,
setting2_smooth_nonlinear_n1500,nonlinear,30,1500,50,,0.3,Python,sksurv_RandomSurvivalForest,RSF,0.1758132065640446,0.6848285129255183,3.667283773422241,success,
setting2_smooth_nonlinear_n1500,nonlinear,30,1500,50,,0.3,Python,sksurv_GradientBoostingSurvivalAnalysis,Boosting,0.1666204748108515,0.6934028666496033,7.55989408493042,success,
setting2_smooth_nonlinear_n1500,nonlinear,31,1500,50,,0.3,Python,lifelines_CoxPHFitter,CoxPH,0.2049390987348063,0.5936923482386014,0.1832466125488281,success,
setting2_smooth_nonlinear_n1500,nonlinear,31,1500,50,,0.3,Python,sksurv_RandomSurvivalForest,RSF,0.1871873547661447,0.6531670034261619,3.557185173034668,success,
setting2_smooth_nonlinear_n1500,nonlinear,31,1500,50,,0.3,Python,sksurv_GradientBoostingSurvivalAnalysis,Boosting,0.1817972273647573,0.6701806787900085,7.376871347427368,success,
setting2_smooth_nonlinear_n1500,nonlinear,32,1500,50,,0.3,Python,lifelines_CoxPHFitter,CoxPH,0.1981982531671308,0.6227062463621603,0.1851184368133545,success,
setting2_smooth_nonlinear_n1500,nonlinear,32,1500,50,,0.3,Python,sksurv_RandomSurvivalForest,RSF,0.188328229574537,0.6801458199307662,3.5863349437713623,success,
setting2_smooth_nonlinear_n1500,nonlinear,32,1500,50,,0.3,Python,sksurv_GradientBoostingSurvivalAnalysis,Boosting,0.1780370436471012,0.7128940354746807,7.422586917877197,success,
setting2_smooth_nonlinear_n1500,nonlinear,33,1500,50,,0.3,Python,lifelines_CoxPHFitter,CoxPH,0.198593934624229,0.5926879337873505,0.1883993148803711,success,
setting2_smooth_nonlinear_n1500,nonlinear,33,1500,50,,0.3,Python,sksurv_RandomSurvivalForest,RSF,0.1825320560409853,0.6520251555932093,3.552354097366333,success,
setting2_smooth_nonlinear_n1500,nonlinear,33,1500,50,,0.3,Python,sksurv_GradientBoostingSurvivalAnalysis,Boosting,0.1782579275741014,0.6772785036983936,7.501606464385986,success,
setting2_smooth_nonlinear_n1500,nonlinear,34,1500,50,,0.3,Python,lifelines_CoxPHFitter,CoxPH,0.1992906427516497,0.6313463073239609,0.1844632625579834,success,
setting2_smooth_nonlinear_n1500,nonlinear,34,1500,50,,0.3,Python,sksurv_RandomSurvivalForest,RSF,0.1893395215394894,0.6800908588618085,3.595618486404419,success,
setting2_smooth_nonlinear_n1500,nonlinear,34,1500,50,,0.3,Python,sksurv_GradientBoostingSurvivalAnalysis,Boosting,0.1839358747816043,0.6935048192031432,7.473114013671875,success,
setting2_smooth_nonlinear_n1500,nonlinear,35,1500,50,,0.3,Python,lifelines_CoxPHFitter,CoxPH,0.1897964093969144,0.6371306740859467,0.1858992576599121,success,
setting2_smooth_nonlinear_n1500,nonlinear,35,1500,50,,0.3,Python,sksurv_RandomSurvivalForest,RSF,0.1753927135101923,0.7390147276741161,3.532056331634521,success,
setting2_smooth_nonlinear_n1500,nonlinear,35,1500,50,,0.3,Python,sksurv_GradientBoostingSurvivalAnalysis,Boosting,0.1566219235599699,0.7413130916018992,7.421260356903076,success,
setting2_smooth_nonlinear_n1500,nonlinear,36,1500,50,,0.3,Python,lifelines_CoxPHFitter,CoxPH,0.2013645776284686,0.588067045978779,0.1839675903320312,success,
setting2_smooth_nonlinear_n1500,nonlinear,36,1500,50,,0.3,Python,sksurv_RandomSurvivalForest,RSF,0.1836272143160961,0.6625864985391358,3.571508407592773,success,
setting2_smooth_nonlinear_n1500,nonlinear,36,1500,50,,0.3,Python,sksurv_GradientBoostingSurvivalAnalysis,Boosting,0.1881960803580706,0.6636321697677995,7.4167139530181885,success,
setting2_smooth_nonlinear_n1500,nonlinear,37,1500,50,,0.3,Python,lifelines_CoxPHFitter,CoxPH,0.2012359216119347,0.6054842288793787,0.1847968101501464,success,
setting2_smooth_nonlinear_n1500,nonlinear,37,1500,50,,0.3,Python,sksurv_RandomSurvivalForest,RSF,0.185471348648253,0.6587731811697575,3.643280267715454,success,
setting2_smooth_nonlinear_n1500,nonlinear,37,1500,50,,0.3,Python,sksurv_GradientBoostingSurvivalAnalysis,Boosting,0.1834395899858189,0.6602631161832303,7.462480783462524,success,
setting2_smooth_nonlinear_n1500,nonlinear,38,1500,50,,0.3,Python,lifelines_CoxPHFitter,CoxPH,0.1889137706857818,0.6082022695600239,0.1878769397735595,success,
setting2_smooth_nonlinear_n1500,nonlinear,38,1500,50,,0.3,Python,sksurv_RandomSurvivalForest,RSF,0.1786450272136536,0.6911208441170615,3.607525110244751,success,
setting2_smooth_nonlinear_n1500,nonlinear,38,1500,50,,0.3,Python,sksurv_GradientBoostingSurvivalAnalysis,Boosting,0.1671068612904437,0.7051562811069082,7.414382934570312,success,
setting2_smooth_nonlinear_n1500,nonlinear,39,1500,50,,0.3,Python,lifelines_CoxPHFitter,CoxPH,0.1836011152033805,0.6097096774193549,0.1866493225097656,success,
setting2_smooth_nonlinear_n1500,nonlinear,39,1500,50,,0.3,Python,sksurv_RandomSurvivalForest,RSF,0.1704198388700781,0.6831935483870968,3.710763454437256,success,
setting2_smooth_nonlinear_n1500,nonlinear,39,1500,50,,0.3,Python,sksurv_GradientBoostingSurvivalAnalysis,Boosting,0.157802302576616,0.7206129032258064,7.452550411224365,success,
setting2_smooth_nonlinear_n1500,nonlinear,40,1500,50,,0.3,Python,lifelines_CoxPHFitter,CoxPH,0.1996003666603398,0.6239057440940161,0.1848177909851074,success,
setting2_smooth_nonlinear_n1500,nonlinear,40,1500,50,,0.3,Python,sksurv_RandomSurvivalForest,RSF,0.1868502089532141,0.680777071591318,3.500828504562378,success,
setting2_smooth_nonlinear_n1500,nonlinear,40,1500,50,,0.3,Python,sksurv_GradientBoostingSurvivalAnalysis,Boosting,0.1802079597289795,0.6632389974817124,7.390416860580444,success,
setting2_smooth_nonlinear_n1500,nonlinear,41,1500,50,,0.3,Python,lifelines_CoxPHFitter,CoxPH,0.1865616357107239,0.6217644452882729,0.2599594593048095,success,
setting2_smooth_nonlinear_n1500,nonlinear,41,1500,50,,0.3,Python,sksurv_RandomSurvivalForest,RSF,0.1775566573986303,0.6924878172267578,3.5259530544281006,success,
setting2_smooth_nonlinear_n1500,nonlinear,41,1500,50,,0.3,Python,sksurv_GradientBoostingSurvivalAnalysis,Boosting,0.1647762850947575,0.6956521739130435,7.473744869232178,success,
setting2_smooth_nonlinear_n1500,nonlinear,42,1500,50,,0.3,Python,lifelines_CoxPHFitter,CoxPH,0.1968745289150026,0.6463624623331898,0.185011625289917,success,
setting2_smooth_nonlinear_n1500,nonlinear,42,1500,50,,0.3,Python,sksurv_RandomSurvivalForest,RSF,0.1866163493571009,0.669300781009778,3.491440773010254,success,
setting2_smooth_nonlinear_n1500,nonlinear,42,1500,50,,0.3,Python,sksurv_GradientBoostingSurvivalAnalysis,Boosting,0.1853785780315023,0.6757272000491975,7.55012583732605,success,
setting2_smooth_nonlinear_n1500,nonlinear,43,1500,50,,0.3,Python,lifelines_CoxPHFitter,CoxPH,0.1731625254453738,0.6430879049875389,0.1847941875457763,success,
setting2_smooth_nonlinear_n1500,nonlinear,43,1500,50,,0.3,Python,sksurv_RandomSurvivalForest,RSF,0.1687677187758261,0.7078243746346267,3.651846647262573,success,
setting2_smooth_nonlinear_n1500,nonlinear,43,1500,50,,0.3,Python,sksurv_GradientBoostingSurvivalAnalysis,Boosting,0.153048597968834,0.7257315159533553,7.477624893188477,success,
setting2_smooth_nonlinear_n1500,nonlinear,44,1500,50,,0.3,Python,lifelines_CoxPHFitter,CoxPH,0.2070005139130609,0.5883942669743715,0.1823718547821045,success,
setting2_smooth_nonlinear_n1500,nonlinear,44,1500,50,,0.3,Python,sksurv_RandomSurvivalForest,RSF,0.1839697984624238,0.7110105672294424,3.661052227020264,success,
setting2_smooth_nonlinear_n1500,nonlinear,44,1500,50,,0.3,Python,sksurv_GradientBoostingSurvivalAnalysis,Boosting,0.1753121301986904,0.7159601603303778,7.43120002746582,success,
setting2_smooth_nonlinear_n1500,nonlinear,45,1500,50,,0.3,Python,lifelines_CoxPHFitter,CoxPH,0.183019558867599,0.6243578624324505,0.1856124401092529,success,
setting2_smooth_nonlinear_n1500,nonlinear,45,1500,50,,0.3,Python,sksurv_RandomSurvivalForest,RSF,0.1695443250714461,0.7092868103275736,3.744393110275269,success,
setting2_smooth_nonlinear_n1500,nonlinear,45,1500,50,,0.3,Python,sksurv_GradientBoostingSurvivalAnalysis,Boosting,0.1608329937546065,0.7010807925812262,7.408215284347534,success,
setting2_smooth_nonlinear_n1500,nonlinear,46,1500,50,,0.3,Python,lifelines_CoxPHFitter,CoxPH,0.1720918487599367,0.6318504414055738,0.1877455711364746,success,
setting2_smooth_nonlinear_n1500,nonlinear,46,1500,50,,0.3,Python,sksurv_RandomSurvivalForest,RSF,0.1651761390656813,0.7180543534706595,3.612946748733521,success,
setting2_smooth_nonlinear_n1500,nonlinear,46,1500,50,,0.3,Python,sksurv_GradientBoostingSurvivalAnalysis,Boosting,0.1536312433913045,0.7232473602215683,7.474275350570679,success,
setting2_smooth_nonlinear_n1500,nonlinear,47,1500,50,,0.3,Python,lifelines_CoxPHFitter,CoxPH,0.1986571561622308,0.6035469107551488,0.188483715057373,success,
setting2_smooth_nonlinear_n1500,nonlinear,47,1500,50,,0.3,Python,sksurv_RandomSurvivalForest,RSF,0.185906849181195,0.6571118872696615,3.420892238616944,success,
setting2_smooth_nonlinear_n1500,nonlinear,47,1500,50,,0.3,Python,sksurv_GradientBoostingSurvivalAnalysis,Boosting,0.1893351340436626,0.6524750090328797,7.414366960525513,success,
setting2_smooth_nonlinear_n1500,nonlinear,48,1500,50,,0.3,Python,lifelines_CoxPHFitter,CoxPH,0.1951919483088401,0.6182261560693642,0.1841018199920654,success,
setting2_smooth_nonlinear_n1500,nonlinear,48,1500,50,,0.3,Python,sksurv_RandomSurvivalForest,RSF,0.1789423988389083,0.6874096820809249,3.641398906707764,success,
setting2_smooth_nonlinear_n1500,nonlinear,48,1500,50,,0.3,Python,sksurv_GradientBoostingSurvivalAnalysis,Boosting,0.1650354333276769,0.7098988439306358,7.465451240539551,success,
setting2_smooth_nonlinear_n1500,nonlinear,49,1500,50,,0.3,Python,lifelines_CoxPHFitter,CoxPH,0.1931170999697759,0.6104174670252273,0.1870560646057129,success,
setting2_smooth_nonlinear_n1500,nonlinear,49,1500,50,,0.3,Python,sksurv_RandomSurvivalForest,RSF,0.1791773094299197,0.6726533487002176,3.5426158905029297,success,
setting2_smooth_nonlinear_n1500,nonlinear,49,1500,50,,0.3,Python,sksurv_GradientBoostingSurvivalAnalysis,Boosting,0.1642996405561646,0.7014342425406582,7.5504515171051025,success,
setting2_smooth_nonlinear_n1500,nonlinear,50,1500,50,,0.3,Python,lifelines_CoxPHFitter,CoxPH,0.1951831100333104,0.6106268427124728,0.1908283233642578,success,
setting2_smooth_nonlinear_n1500,nonlinear,50,1500,50,,0.3,Python,sksurv_RandomSurvivalForest,RSF,0.1833102454848047,0.6497564414818613,3.686480045318604,success,
setting2_smooth_nonlinear_n1500,nonlinear,50,1500,50,,0.3,Python,sksurv_GradientBoostingSurvivalAnalysis,Boosting,0.1867847317126628,0.6561979233431612,7.461392879486084,success,
setting1_highdim_s50_n1000,highdim,1,1000,500,50.0,0.3,R,glmnet_validation_glmnet,Penalized Cox,0.1698316733507464,0.6884534371609115,1.877,success,
setting1_highdim_s50_n1000,highdim,1,1000,500,50.0,0.3,R,randomForestSRC_rfsrc,RSF,0.2116592157855559,0.6099444692666114,1.6530000000000005,success,
setting1_highdim_s50_n1000,highdim,1,1000,500,50.0,0.3,R,gbm_coxph,Boosting,0.222858868489737,0.619518733643965,3.655999999999999,success,
setting1_highdim_s50_n1000,highdim,2,1000,500,50.0,0.3,R,glmnet_validation_glmnet,Penalized Cox,0.1782203325902546,0.665742024965326,1.3129999999999988,success,
setting1_highdim_s50_n1000,highdim,2,1000,500,50.0,0.3,R,randomForestSRC_rfsrc,RSF,0.1981816381573037,0.5690926344988685,1.369000000000003,success,
setting1_highdim_s50_n1000,highdim,2,1000,500,50.0,0.3,R,gbm_coxph,Boosting,0.2713315906690105,0.6122344696693189,3.398,success,
setting1_highdim_s50_n1000,highdim,3,1000,500,50.0,0.3,R,glmnet_validation_glmnet,Penalized Cox,0.1575458274012587,0.6730313795145056,1.899000000000001,success,
setting1_highdim_s50_n1000,highdim,3,1000,500,50.0,0.3,R,randomForestSRC_rfsrc,RSF,0.1787686098429325,0.6303285968028419,1.4450000000000038,success,
setting1_highdim_s50_n1000,highdim,3,1000,500,50.0,0.3,R,gbm_coxph,Boosting,0.2159136297733553,0.6830224985198342,3.4750000000000014,success,
setting1_highdim_s50_n1000,highdim,4,1000,500,50.0,0.3,R,glmnet_validation_glmnet,Penalized Cox,0.2082321511017993,0.6329000138293459,2.0159999999999982,success,
setting1_highdim_s50_n1000,highdim,4,1000,500,50.0,0.3,R,randomForestSRC_rfsrc,RSF,0.2193449457368366,0.5741252938735998,1.5320000000000036,success,
setting1_highdim_s50_n1000,highdim,4,1000,500,50.0,0.3,R,gbm_coxph,Boosting,0.2700636725152824,0.572465772368967,3.301000000000002,success,
setting1_highdim_s50_n1000,highdim,5,1000,500,50.0,0.3,R,glmnet_validation_glmnet,Penalized Cox,0.1800351169748304,0.6347157568063196,1.8860000000000028,success,
setting1_highdim_s50_n1000,highdim,5,1000,500,50.0,0.3,R,randomForestSRC_rfsrc,RSF,0.1885946499067542,0.5725067005219354,1.2850000000000037,success,
setting1_highdim_s50_n1000,highdim,5,1000,500,50.0,0.3,R,gbm_coxph,Boosting,0.2318112609503239,0.5890111440259558,3.2789999999999964,success,
setting1_highdim_s50_n1000,highdim,6,1000,500,50.0,0.3,R,glmnet_validation_glmnet,Penalized Cox,0.1990810882878863,0.6435301294651935,1.5429999999999993,success,
setting1_highdim_s50_n1000,highdim,6,1000,500,50.0,0.3,R,randomForestSRC_rfsrc,RSF,0.2209324109654364,0.5359587880431098,1.0840000000000032,success,
setting1_highdim_s50_n1000,highdim,6,1000,500,50.0,0.3,R,gbm_coxph,Boosting,0.3865531750773149,0.5481596963329493,3.382000000000005,success,
setting1_highdim_s50_n1000,highdim,7,1000,500,50.0,0.3,R,glmnet_validation_glmnet,Penalized Cox,0.1741899929156091,0.6868805425143454,2.2830000000000013,success,
setting1_highdim_s50_n1000,highdim,7,1000,500,50.0,0.3,R,randomForestSRC_rfsrc,RSF,0.2082166715163473,0.6043296817944706,1.3119999999999976,success,
setting1_highdim_s50_n1000,highdim,7,1000,500,50.0,0.3,R,gbm_coxph,Boosting,0.3120035912977355,0.6406494522691706,3.358000000000004,success,
setting1_highdim_s50_n1000,highdim,8,1000,500,50.0,0.3,R,glmnet_validation_glmnet,Penalized Cox,0.1612720634076666,0.7015180390352895,1.5600000000000025,success,
setting1_highdim_s50_n1000,highdim,8,1000,500,50.0,0.3,R,randomForestSRC_rfsrc,RSF,0.1973134211546504,0.5886837090096603,1.233000000000004,success,
setting1_highdim_s50_n1000,highdim,8,1000,500,50.0,0.3,R,gbm_coxph,Boosting,0.2762529805990037,0.63396201616613,3.288000000000011,success,
setting1_highdim_s50_n1000,highdim,9,1000,500,50.0,0.3,R,glmnet_validation_glmnet,Penalized Cox,0.1857822613340125,0.6424189891985598,2.14200000000001,success,
setting1_highdim_s50_n1000,highdim,9,1000,500,50.0,0.3,R,randomForestSRC_rfsrc,RSF,0.2142751980210405,0.5591412188291772,1.4500000000000028,success,
setting1_highdim_s50_n1000,highdim,9,1000,500,50.0,0.3,R,gbm_coxph,Boosting,0.237295760291901,0.5621416188825177,3.221999999999994,success,
setting1_highdim_s50_n1000,highdim,10,1000,500,50.0,0.3,R,glmnet_validation_glmnet,Penalized Cox,0.1637662262595644,0.6508706193519948,1.644999999999996,success,
setting1_highdim_s50_n1000,highdim,10,1000,500,50.0,0.3,R,randomForestSRC_rfsrc,RSF,0.1872438910109177,0.5499963265006245,1.2519999999999951,success,
setting1_highdim_s50_n1000,highdim,10,1000,500,50.0,0.3,R,gbm_coxph,Boosting,0.214982860425136,0.579090441554625,3.285000000000011,success,
setting1_highdim_s50_n1000,highdim,11,1000,500,50.0,0.3,R,glmnet_validation_glmnet,Penalized Cox,0.1734278485839028,0.7224645949392576,1.6950000000000074,success,
setting1_highdim_s50_n1000,highdim,11,1000,500,50.0,0.3,R,randomForestSRC_rfsrc,RSF,0.2070549031790672,0.6212497483052554,0.9669999999999987,success,
setting1_highdim_s50_n1000,highdim,11,1000,500,50.0,0.3,R,gbm_coxph,Boosting,0.2615695888094971,0.6151419558359621,3.2309999999999945,success,
setting1_highdim_s50_n1000,highdim,12,1000,500,50.0,0.3,R,glmnet_validation_glmnet,Penalized Cox,0.1753331898594407,0.6750450030002,1.641999999999996,success,
setting1_highdim_s50_n1000,highdim,12,1000,500,50.0,0.3,R,randomForestSRC_rfsrc,RSF,0.2045632961360692,0.5409027268484565,1.2050000000000125,success,
setting1_highdim_s50_n1000,highdim,12,1000,500,50.0,0.3,R,gbm_coxph,Boosting,0.3291246226578719,0.5759717314487632,3.266999999999996,success,
setting1_highdim_s50_n1000,highdim,13,1000,500,50.0,0.3,R,glmnet_validation_glmnet,Penalized Cox,0.1929470671507211,0.6323010323010323,1.6049999999999898,success,
setting1_highdim_s50_n1000,highdim,13,1000,500,50.0,0.3,R,randomForestSRC_rfsrc,RSF,0.2178450971340527,0.5395937395937396,1.2300000000000182,success,
setting1_highdim_s50_n1000,highdim,13,1000,500,50.0,0.3,R,gbm_coxph,Boosting,0.3036642740243938,0.5168831168831169,3.2339999999999804,success,
setting1_highdim_s50_n1000,highdim,14,1000,500,50.0,0.3,R,glmnet_validation_glmnet,Penalized Cox,0.1863135190858327,0.6608589951377634,1.8899999999999864,success,
setting1_highdim_s50_n1000,highdim,14,1000,500,50.0,0.3,R,randomForestSRC_rfsrc,RSF,0.2166670636037566,0.6005537547271744,1.0080000000000098,success,
setting1_highdim_s50_n1000,highdim,14,1000,500,50.0,0.3,R,gbm_coxph,Boosting,0.2431322797419348,0.5898163155051324,3.3160000000000025,success,
setting1_highdim_s50_n1000,highdim,15,1000,500,50.0,0.3,R,glmnet_validation_glmnet,Penalized Cox,0.170555466100003,0.684896389660329,2.412000000000006,success,
setting1_highdim_s50_n1000,highdim,15,1000,500,50.0,0.3,R,randomForestSRC_rfsrc,RSF,0.1990919495168649,0.553656626077049,0.9540000000000076,success,
setting1_highdim_s50_n1000,highdim,15,1000,500,50.0,0.3,R,gbm_coxph,Boosting,0.2914354682980914,0.5948871323791213,3.304000000000002,success,
setting1_highdim_s50_n1000,highdim,16,1000,500,50.0,0.3,R,glmnet_validation_glmnet,Penalized Cox,0.1984773209275554,0.6577700972862264,1.795000000000016,success,
setting1_highdim_s50_n1000,highdim,16,1000,500,50.0,0.3,R,randomForestSRC_rfsrc,RSF,0.2232342775286349,0.5428187403993856,0.9269999999999924,success,
setting1_highdim_s50_n1000,highdim,16,1000,500,50.0,0.3,R,gbm_coxph,Boosting,0.3091236115466105,0.5652841781874041,3.313999999999993,success,
setting1_highdim_s50_n1000,highdim,17,1000,500,50.0,0.3,R,glmnet_validation_glmnet,Penalized Cox,0.1785385821002346,0.6423087284482758,2.015999999999991,success,
setting1_highdim_s50_n1000,highdim,17,1000,500,50.0,0.3,R,randomForestSRC_rfsrc,RSF,0.2006655282039345,0.548760775862069,1.0030000000000143,success,
setting1_highdim_s50_n1000,highdim,17,1000,500,50.0,0.3,R,gbm_coxph,Boosting,0.2917424263552746,0.57421875,3.2539999999999907,success,
setting1_highdim_s50_n1000,highdim,18,1000,500,50.0,0.3,R,glmnet_validation_glmnet,Penalized Cox,0.1783793988137647,0.6535929972178869,1.5819999999999936,success,
setting1_highdim_s50_n1000,highdim,18,1000,500,50.0,0.3,R,randomForestSRC_rfsrc,RSF,0.1977694268553928,0.5792223654746556,0.9479999999999792,success,
setting1_highdim_s50_n1000,highdim,18,1000,500,50.0,0.3,R,gbm_coxph,Boosting,0.298649205175482,0.6062292189726539,3.254000000000019,success,
setting1_highdim_s50_n1000,highdim,19,1000,500,50.0,0.3,R,glmnet_validation_glmnet,Penalized Cox,0.1594307499509766,0.6627872932220759,1.9569999999999936,success,
setting1_highdim_s50_n1000,highdim,19,1000,500,50.0,0.3,R,randomForestSRC_rfsrc,RSF,0.1861393629483854,0.5832967354706485,0.962999999999994,success,
setting1_highdim_s50_n1000,highdim,19,1000,500,50.0,0.3,R,gbm_coxph,Boosting,0.1945147531365605,0.618211096471966,3.2580000000000098,success,
setting1_highdim_s50_n1000,highdim,20,1000,500,50.0,0.3,R,glmnet_validation_glmnet,Penalized Cox,0.2130306211368675,0.6235110990795885,1.885999999999996,success,
setting1_highdim_s50_n1000,highdim,20,1000,500,50.0,0.3,R,randomForestSRC_rfsrc,RSF,0.2183367430250525,0.5653762858689767,0.9399999999999976,success,
setting1_highdim_s50_n1000,highdim,20,1000,500,50.0,0.3,R,gbm_coxph,Boosting,0.2311628348579913,0.5412831618841365,3.4240000000000066,success,
setting1_highdim_s50_n1000,highdim,21,1000,500,50.0,0.3,R,glmnet_validation_glmnet,Penalized Cox,0.1905326212363852,0.6835669549657024,1.4180000000000064,success,
setting1_highdim_s50_n1000,highdim,21,1000,500,50.0,0.3,R,randomForestSRC_rfsrc,RSF,0.212469582163688,0.5656128839844915,1.163000000000011,success,
setting1_highdim_s50_n1000,highdim,21,1000,500,50.0,0.3,R,gbm_coxph,Boosting,0.3610336567097151,0.6301073665374292,3.298000000000002,success,
setting1_highdim_s50_n1000,highdim,22,1000,500,50.0,0.3,R,glmnet_validation_glmnet,Penalized Cox,0.1743055279198016,0.6965613382899628,1.828000000000003,success,
setting1_highdim_s50_n1000,highdim,22,1000,500,50.0,0.3,R,randomForestSRC_rfsrc,RSF,0.213330968102449,0.5764737121614445,1.0409999999999968,success,
setting1_highdim_s50_n1000,highdim,22,1000,500,50.0,0.3,R,gbm_coxph,Boosting,0.2487639156737872,0.6188263409453001,3.3470000000000084,success,
setting1_highdim_s50_n1000,highdim,23,1000,500,50.0,0.3,R,glmnet_validation_glmnet,Penalized Cox,0.1787554302885331,0.6943051806144749,2.6779999999999973,success,
setting1_highdim_s50_n1000,highdim,23,1000,500,50.0,0.3,R,randomForestSRC_rfsrc,RSF,0.2125617643641006,0.586579251831855,0.9249999999999544,success,
setting1_highdim_s50_n1000,highdim,23,1000,500,50.0,0.3,R,gbm_coxph,Boosting,0.2341142056028738,0.5802159660624759,3.2069999999999936,success,
setting1_highdim_s50_n1000,highdim,24,1000,500,50.0,0.3,R,glmnet_validation_glmnet,Penalized Cox,0.1597826519722712,0.6877956480605487,1.72199999999998,success,
setting1_highdim_s50_n1000,highdim,24,1000,500,50.0,0.3,R,randomForestSRC_rfsrc,RSF,0.1906134510710568,0.5477039516774616,1.0620000000000118,success,
setting1_highdim_s50_n1000,highdim,24,1000,500,50.0,0.3,R,gbm_coxph,Boosting,0.2013015108056207,0.5629139072847682,3.4809999999999945,success,
setting1_highdim_s50_n1000,highdim,25,1000,500,50.0,0.3,R,glmnet_validation_glmnet,Penalized Cox,0.1691506298541069,0.6826609314743399,1.3400000000000318,success,
setting1_highdim_s50_n1000,highdim,25,1000,500,50.0,0.3,R,randomForestSRC_rfsrc,RSF,0.1943539235496006,0.5796499555028182,0.9660000000000082,success,
setting1_highdim_s50_n1000,highdim,25,1000,500,50.0,0.3,R,gbm_coxph,Boosting,0.2051003004360519,0.6390536932660932,3.269999999999982,success,
setting1_highdim_s50_n1000,highdim,26,1000,500,50.0,0.3,R,glmnet_validation_glmnet,Penalized Cox,0.1859408966814326,0.6791016124904019,2.8629999999999995,success,
setting1_highdim_s50_n1000,highdim,26,1000,500,50.0,0.3,R,randomForestSRC_rfsrc,RSF,0.2184682935502125,0.5757614538008702,0.997000000000014,success,
setting1_highdim_s50_n1000,highdim,26,1000,500,50.0,0.3,R,gbm_coxph,Boosting,0.2685617284478923,0.595405682109035,3.2959999999999923,success,
setting1_highdim_s50_n1000,highdim,27,1000,500,50.0,0.3,R,glmnet_validation_glmnet,Penalized Cox,0.1784681851672519,0.6813142780820088,2.742999999999995,success,
setting1_highdim_s50_n1000,highdim,27,1000,500,50.0,0.3,R,randomForestSRC_rfsrc,RSF,0.208956502282962,0.5327233872044878,0.9739999999999897,success,
setting1_highdim_s50_n1000,highdim,27,1000,500,50.0,0.3,R,gbm_coxph,Boosting,0.2486947546219501,0.6035795378656338,3.2170000000000414,success,
setting1_highdim_s50_n1000,highdim,28,1000,500,50.0,0.3,R,glmnet_validation_glmnet,Penalized Cox,0.1884843843593856,0.6702039117769455,2.20799999999997,success,
setting1_highdim_s50_n1000,highdim,28,1000,500,50.0,0.3,R,randomForestSRC_rfsrc,RSF,0.2163673679488967,0.5485504230822582,1.518000000000029,success,
setting1_highdim_s50_n1000,highdim,28,1000,500,50.0,0.3,R,gbm_coxph,Boosting,0.4102889085254361,0.5697045359966708,3.338999999999998,success,
setting1_highdim_s50_n1000,highdim,29,1000,500,50.0,0.3,R,glmnet_validation_glmnet,Penalized Cox,0.1762771369834132,0.6736486961411401,2.089999999999975,success,
setting1_highdim_s50_n1000,highdim,29,1000,500,50.0,0.3,R,randomForestSRC_rfsrc,RSF,0.1976442632590836,0.5637168763618472,1.3599999999999568,success,
setting1_highdim_s50_n1000,highdim,29,1000,500,50.0,0.3,R,gbm_coxph,Boosting,0.2478300879613467,0.6087017642510719,3.5850000000000364,success,
setting1_highdim_s50_n1000,highdim,30,1000,500,50.0,0.3,R,glmnet_validation_glmnet,Penalized Cox,0.1659693789802126,0.6883366562232982,1.882000000000005,success,
setting1_highdim_s50_n1000,highdim,30,1000,500,50.0,0.3,R,randomForestSRC_rfsrc,RSF,0.2008525717455416,0.575690686414127,1.086999999999989,success,
setting1_highdim_s50_n1000,highdim,30,1000,500,50.0,0.3,R,gbm_coxph,Boosting,0.266773889159862,0.6151381372828254,3.2889999999999877,success,
setting1_highdim_s50_n1000,highdim,31,1000,500,50.0,0.3,R,glmnet_validation_glmnet,Penalized Cox,0.171577154915748,0.6828244827087252,2.4610000000000127,success,
setting1_highdim_s50_n1000,highdim,31,1000,500,50.0,0.3,R,randomForestSRC_rfsrc,RSF,0.1975596643591217,0.5910143249891477,1.3179999999999836,success,
setting1_highdim_s50_n1000,highdim,31,1000,500,50.0,0.3,R,gbm_coxph,Boosting,0.2194095061338021,0.6075821154680944,3.2620000000000005,success,
setting1_highdim_s50_n1000,highdim,32,1000,500,50.0,0.3,R,glmnet_validation_glmnet,Penalized Cox,0.173904211956276,0.6863364473418913,1.6990000000000125,success,
setting1_highdim_s50_n1000,highdim,32,1000,500,50.0,0.3,R,randomForestSRC_rfsrc,RSF,0.2071589862973314,0.5760467773371867,1.4069999999999825,success,
setting1_highdim_s50_n1000,highdim,32,1000,500,50.0,0.3,R,gbm_coxph,Boosting,0.2415825156480861,0.6255796760534982,3.3870000000000005,success,
setting1_highdim_s50_n1000,highdim,33,1000,500,50.0,0.3,R,glmnet_validation_glmnet,Penalized Cox,0.1722140012365003,0.6457760044028619,1.5649999999999975,success,
setting1_highdim_s50_n1000,highdim,33,1000,500,50.0,0.3,R,randomForestSRC_rfsrc,RSF,0.1949389490240344,0.5839983489268024,1.2390000000000327,success,
setting1_highdim_s50_n1000,highdim,33,1000,500,50.0,0.3,R,gbm_coxph,Boosting,0.2397417769421914,0.6000275178866263,3.31899999999996,success,
setting1_highdim_s50_n1000,highdim,34,1000,500,50.0,0.3,R,glmnet_validation_glmnet,Penalized Cox,0.1733300779266204,0.6902894060254466,1.4920000000000186,success,
setting1_highdim_s50_n1000,highdim,34,1000,500,50.0,0.3,R,randomForestSRC_rfsrc,RSF,0.1964169062575013,0.6384072780011867,1.149000000000001,success,
setting1_highdim_s50_n1000,highdim,34,1000,500,50.0,0.3,R,gbm_coxph,Boosting,0.2595175835116745,0.613158415188872,3.277999999999963,success,
setting1_highdim_s50_n1000,highdim,35,1000,500,50.0,0.3,R,glmnet_validation_glmnet,Penalized Cox,0.1623982494471738,0.6713297232250302,2.062000000000012,success,
setting1_highdim_s50_n1000,highdim,35,1000,500,50.0,0.3,R,randomForestSRC_rfsrc,RSF,0.1908549702286914,0.5514440433212997,1.4249999999999543,success,
setting1_highdim_s50_n1000,highdim,35,1000,500,50.0,0.3,R,gbm_coxph,Boosting,0.2080203667641891,0.6001805054151624,3.325999999999965,success,
setting1_highdim_s50_n1000,highdim,36,1000,500,50.0,0.3,R,glmnet_validation_glmnet,Penalized Cox,0.1665856623981161,0.6726634174311926,1.893000000000029,success,
setting1_highdim_s50_n1000,highdim,36,1000,500,50.0,0.3,R,randomForestSRC_rfsrc,RSF,0.1975208435472821,0.5224340596330275,1.155999999999949,success,
setting1_highdim_s50_n1000,highdim,36,1000,500,50.0,0.3,R,gbm_coxph,Boosting,0.3075623478941871,0.5513904816513762,3.3380000000000223,success,
setting1_highdim_s50_n1000,highdim,37,1000,500,50.0,0.3,R,glmnet_validation_glmnet,Penalized Cox,0.1628127178392921,0.7131612537228762,2.8080000000000496,success,
setting1_highdim_s50_n1000,highdim,37,1000,500,50.0,0.3,R,randomForestSRC_rfsrc,RSF,0.1996215982463455,0.5861579917742163,1.1870000000000118,success,
setting1_highdim_s50_n1000,highdim,37,1000,500,50.0,0.3,R,gbm_coxph,Boosting,0.1924963407768601,0.6118990214154021,3.393000000000029,success,
setting1_highdim_s50_n1000,highdim,38,1000,500,50.0,0.3,R,glmnet_validation_glmnet,Penalized Cox,0.1704750082569777,0.678813789359392,1.622000000000014,success,
setting1_highdim_s50_n1000,highdim,38,1000,500,50.0,0.3,R,randomForestSRC_rfsrc,RSF,0.1937733915858948,0.6142100977198697,1.2649999999999864,success,
setting1_highdim_s50_n1000,highdim,38,1000,500,50.0,0.3,R,gbm_coxph,Boosting,0.287800974094359,0.5983306188925082,3.354000000000042,success,
setting1_highdim_s50_n1000,highdim,39,1000,500,50.0,0.3,R,glmnet_validation_glmnet,Penalized Cox,0.1750513744140377,0.6857200294846881,2.0810000000000173,success,
setting1_highdim_s50_n1000,highdim,39,1000,500,50.0,0.3,R,randomForestSRC_rfsrc,RSF,0.2055415765300497,0.5837298130402734,1.2749999999999773,success,
setting1_highdim_s50_n1000,highdim,39,1000,500,50.0,0.3,R,gbm_coxph,Boosting,0.3435561813488182,0.6146887355089459,3.3319999999999936,success,
setting1_highdim_s50_n1000,highdim,40,1000,500,50.0,0.3,R,glmnet_validation_glmnet,Penalized Cox,0.1936761469955582,0.6392738359201774,1.6070000000000275,success,
setting1_highdim_s50_n1000,highdim,40,1000,500,50.0,0.3,R,randomForestSRC_rfsrc,RSF,0.2126775241978196,0.5534922394678492,1.0010000000000332,success,
setting1_highdim_s50_n1000,highdim,40,1000,500,50.0,0.3,R,gbm_coxph,Boosting,0.2629532029204212,0.5921563192904656,3.2110000000000127,success,
setting1_highdim_s50_n1000,highdim,41,1000,500,50.0,0.3,R,glmnet_validation_glmnet,Penalized Cox,0.1788110037753176,0.6885026737967914,1.8840000000000143,success,
setting1_highdim_s50_n1000,highdim,41,1000,500,50.0,0.3,R,randomForestSRC_rfsrc,RSF,0.2036335999220704,0.5741235888294711,1.2030000000000314,success,
setting1_highdim_s50_n1000,highdim,41,1000,500,50.0,0.3,R,gbm_coxph,Boosting,0.2772579495486144,0.5924688057040999,3.285000000000025,success,
setting1_highdim_s50_n1000,highdim,42,1000,500,50.0,0.3,R,glmnet_validation_glmnet,Penalized Cox,0.2114622268016364,0.6116378374466237,1.6169999999999618,success,
setting1_highdim_s50_n1000,highdim,42,1000,500,50.0,0.3,R,randomForestSRC_rfsrc,RSF,0.217666648742004,0.4933053484837518,1.184000000000026,success,
setting1_highdim_s50_n1000,highdim,42,1000,500,50.0,0.3,R,gbm_coxph,Boosting,0.3176239290514857,0.491134110154158,3.2800000000000296,success,
setting1_highdim_s50_n1000,highdim,43,1000,500,50.0,0.3,R,glmnet_validation_glmnet,Penalized Cox,0.1823465353157757,0.6566244199736824,1.450999999999965,success,
setting1_highdim_s50_n1000,highdim,43,1000,500,50.0,0.3,R,randomForestSRC_rfsrc,RSF,0.211857252710945,0.506059976452663,0.9910000000000424,success,
setting1_highdim_s50_n1000,highdim,43,1000,500,50.0,0.3,R,gbm_coxph,Boosting,0.2658524082803342,0.6120922501558279,3.247000000000014,success,
setting1_highdim_s50_n1000,highdim,44,1000,500,50.0,0.3,R,glmnet_validation_glmnet,Penalized Cox,0.1701810258631359,0.671160295103957,1.94500000000005,success,
setting1_highdim_s50_n1000,highdim,44,1000,500,50.0,0.3,R,randomForestSRC_rfsrc,RSF,0.2049805501639697,0.56841046277666,1.2130000000000225,success,
setting1_highdim_s50_n1000,highdim,44,1000,500,50.0,0.3,R,gbm_coxph,Boosting,0.2022476720340793,0.6291079812206573,3.2939999999999827,success,
setting1_highdim_s50_n1000,highdim,45,1000,500,50.0,0.3,R,glmnet_validation_glmnet,Penalized Cox,0.1630692338219572,0.6857349746560464,2.016999999999939,success,
setting1_highdim_s50_n1000,highdim,45,1000,500,50.0,0.3,R,randomForestSRC_rfsrc,RSF,0.1964927460271249,0.6063721940622737,1.2250000000000227,success,
setting1_highdim_s50_n1000,highdim,45,1000,500,50.0,0.3,R,gbm_coxph,Boosting,0.2616005545734258,0.6308472121650978,3.301000000000045,success,
setting1_highdim_s50_n1000,highdim,46,1000,500,50.0,0.3,R,glmnet_validation_glmnet,Penalized Cox,0.1782829468836742,0.6596973865199449,1.993000000000052,success,
setting1_highdim_s50_n1000,highdim,46,1000,500,50.0,0.3,R,randomForestSRC_rfsrc,RSF,0.2087543128363484,0.5367950481430537,1.1499999999999773,success,
setting1_highdim_s50_n1000,highdim,46,1000,500,50.0,0.3,R,gbm_coxph,Boosting,0.2121708300297629,0.6141678129298487,3.23700000000008,success,
setting1_highdim_s50_n1000,highdim,47,1000,500,50.0,0.3,R,glmnet_validation_glmnet,Penalized Cox,0.1751727548371308,0.6752379599374911,1.7849999999999682,success,
setting1_highdim_s50_n1000,highdim,47,1000,500,50.0,0.3,R,randomForestSRC_rfsrc,RSF,0.1977497253398951,0.5879386276459724,1.4150000000000773,success,
setting1_highdim_s50_n1000,highdim,47,1000,500,50.0,0.3,R,gbm_coxph,Boosting,0.2720599200729912,0.6022162238954397,3.330000000000041,success,
setting1_highdim_s50_n1000,highdim,48,1000,500,50.0,0.3,R,glmnet_validation_glmnet,Penalized Cox,0.1791930247705954,0.6716928952393495,2.4890000000000327,success,
setting1_highdim_s50_n1000,highdim,48,1000,500,50.0,0.3,R,randomForestSRC_rfsrc,RSF,0.2026263796304351,0.5571212220978469,1.0259999999999536,success,
setting1_highdim_s50_n1000,highdim,48,1000,500,50.0,0.3,R,gbm_coxph,Boosting,0.2437325523027648,0.5668663988937908,3.229000000000042,success,
setting1_highdim_s50_n1000,highdim,49,1000,500,50.0,0.3,R,glmnet_validation_glmnet,Penalized Cox,0.1773611031062934,0.6767902614744425,2.083000000000084,success,
setting1_highdim_s50_n1000,highdim,49,1000,500,50.0,0.3,R,randomForestSRC_rfsrc,RSF,0.2076513546625433,0.5635674802807279,1.18100000000004,success,
setting1_highdim_s50_n1000,highdim,49,1000,500,50.0,0.3,R,gbm_coxph,Boosting,0.3550807612403027,0.6125706477858518,3.245999999999981,success,
setting1_highdim_s50_n1000,highdim,50,1000,500,50.0,0.3,R,glmnet_validation_glmnet,Penalized Cox,0.1867636693535025,0.6913272571916833,1.947999999999979,success,
setting1_highdim_s50_n1000,highdim,50,1000,500,50.0,0.3,R,randomForestSRC_rfsrc,RSF,0.2095286793765776,0.582170321845628,1.1690000000000964,success,
setting1_highdim_s50_n1000,highdim,50,1000,500,50.0,0.3,R,gbm_coxph,Boosting,0.2213365713200959,0.5527627456565081,3.2350000000000136,success,
setting1_highdim_s50_n1500,highdim,1,1500,500,50.0,0.3,R,glmnet_validation_glmnet,Penalized Cox,0.1687914396218934,0.6913907284768213,0.8910000000000764,success,
setting1_highdim_s50_n1500,highdim,1,1500,500,50.0,0.3,R,randomForestSRC_rfsrc,RSF,0.201808841762576,0.6037270907130756,2.2719999999999345,success,
setting1_highdim_s50_n1500,highdim,1,1500,500,50.0,0.3,R,gbm_coxph,Boosting,0.2703790739943119,0.6377021407669798,5.0750000000000455,success,
setting1_highdim_s50_n1500,highdim,2,1500,500,50.0,0.3,R,glmnet_validation_glmnet,Penalized Cox,0.1704082495712492,0.6851058304116349,0.7549999999999955,success,
setting1_highdim_s50_n1500,highdim,2,1500,500,50.0,0.3,R,randomForestSRC_rfsrc,RSF,0.1960094157009147,0.6400792104921439,2.203999999999951,success,
setting1_highdim_s50_n1500,highdim,2,1500,500,50.0,0.3,R,gbm_coxph,Boosting,0.3582106821200198,0.6555966757563952,5.169000000000096,success,
setting1_highdim_s50_n1500,highdim,3,1500,500,50.0,0.3,R,glmnet_validation_glmnet,Penalized Cox,0.1609906455354408,0.6888044973386759,0.6820000000000164,success,
setting1_highdim_s50_n1500,highdim,3,1500,500,50.0,0.3,R,randomForestSRC_rfsrc,RSF,0.1954944048087948,0.5926380001196101,1.72199999999998,success,
setting1_highdim_s50_n1500,highdim,3,1500,500,50.0,0.3,R,gbm_coxph,Boosting,0.307757683240365,0.6556725076251421,5.187999999999988,success,
setting1_highdim_s50_n1500,highdim,4,1500,500,50.0,0.3,R,glmnet_validation_glmnet,Penalized Cox,0.1763532518131852,0.689225620526169,0.8350000000000364,success,
setting1_highdim_s50_n1500,highdim,4,1500,500,50.0,0.3,R,randomForestSRC_rfsrc,RSF,0.20614064043532,0.574447646493756,1.6340000000000146,success,
setting1_highdim_s50_n1500,highdim,4,1500,500,50.0,0.3,R,gbm_coxph,Boosting,0.3181192389435164,0.6229431997768895,5.113999999999919,success,
setting1_highdim_s50_n1500,highdim,5,1500,500,50.0,0.3,R,glmnet_validation_glmnet,Penalized Cox,0.1677202653600018,0.6918358714043993,0.6749999999999545,success,
setting1_highdim_s50_n1500,highdim,5,1500,500,50.0,0.3,R,randomForestSRC_rfsrc,RSF,0.2010632318027168,0.5807348320038676,1.8220000000000027,success,
setting1_highdim_s50_n1500,highdim,5,1500,500,50.0,0.3,R,gbm_coxph,Boosting,0.2825670129014542,0.6157239545564419,4.960000000000036,success,
setting1_highdim_s50_n1500,highdim,6,1500,500,50.0,0.3,R,glmnet_validation_glmnet,Penalized Cox,0.1671486936630566,0.70707649229986,0.6699999999999591,success,
setting1_highdim_s50_n1500,highdim,6,1500,500,50.0,0.3,R,randomForestSRC_rfsrc,RSF,0.2004635040816534,0.5714649357261041,1.77800000000002,success,
setting1_highdim_s50_n1500,highdim,6,1500,500,50.0,0.3,R,gbm_coxph,Boosting,0.398511615149775,0.6392070764922999,4.998000000000047,success,
setting1_highdim_s50_n1500,highdim,7,1500,500,50.0,0.3,R,glmnet_validation_glmnet,Penalized Cox,0.1633634529827329,0.7389256246708409,0.6920000000000073,success,
setting1_highdim_s50_n1500,highdim,7,1500,500,50.0,0.3,R,randomForestSRC_rfsrc,RSF,0.2187958114307527,0.5848499034466617,2.1399999999999864,success,
setting1_highdim_s50_n1500,highdim,7,1500,500,50.0,0.3,R,gbm_coxph,Boosting,0.316092615267101,0.6766926092808239,4.965000000000032,success,
setting1_highdim_s50_n1500,highdim,8,1500,500,50.0,0.3,R,glmnet_validation_glmnet,Penalized Cox,0.1726055326467006,0.7054341531803359,0.72199999999998,success,
setting1_highdim_s50_n1500,highdim,8,1500,500,50.0,0.3,R,randomForestSRC_rfsrc,RSF,0.2055169440717066,0.6064124836182987,2.0439999999999827,success,
setting1_highdim_s50_n1500,highdim,8,1500,500,50.0,0.3,R,gbm_coxph,Boosting,0.4034688817119772,0.644631373624699,4.919999999999959,success,
setting1_highdim_s50_n1500,highdim,9,1500,500,50.0,0.3,R,glmnet_validation_glmnet,Penalized Cox,0.1669748265110872,0.6928832331801579,0.6290000000000191,success,
setting1_highdim_s50_n1500,highdim,9,1500,500,50.0,0.3,R,randomForestSRC_rfsrc,RSF,0.2024225367296437,0.5882820784729587,1.7469999999999573,success,
setting1_highdim_s50_n1500,highdim,9,1500,500,50.0,0.3,R,gbm_coxph,Boosting,0.3844559630843684,0.6248674443266171,5.19399999999996,success,
setting1_highdim_s50_n1500,highdim,10,1500,500,50.0,0.3,R,glmnet_validation_glmnet,Penalized Cox,0.1636651892910735,0.6686352111805083,0.8100000000000591,success,
setting1_highdim_s50_n1500,highdim,10,1500,500,50.0,0.3,R,randomForestSRC_rfsrc,RSF,0.1913543864586621,0.599344505596438,2.048000000000002,success,
setting1_highdim_s50_n1500,highdim,10,1500,500,50.0,0.3,R,gbm_coxph,Boosting,0.3656211142476103,0.5945210562117371,5.0499999999999545,success,
setting1_highdim_s50_n1500,highdim,11,1500,500,50.0,0.3,R,glmnet_validation_glmnet,Penalized Cox,0.1634716642074447,0.6899950865986979,0.70900000000006,success,
setting1_highdim_s50_n1500,highdim,11,1500,500,50.0,0.3,R,randomForestSRC_rfsrc,RSF,0.1926926064733759,0.6062523031568603,1.6440000000000057,success,
setting1_highdim_s50_n1500,highdim,11,1500,500,50.0,0.3,R,gbm_coxph,Boosting,0.2820798871461506,0.6082176636776808,5.214000000000056,success,
setting1_highdim_s50_n1500,highdim,12,1500,500,50.0,0.3,R,glmnet_validation_glmnet,Penalized Cox,0.1712624277194399,0.7016307013241785,0.7599999999999909,success,
setting1_highdim_s50_n1500,highdim,12,1500,500,50.0,0.3,R,randomForestSRC_rfsrc,RSF,0.1975948289646129,0.6104095144678764,1.6550000000000864,success,
setting1_highdim_s50_n1500,highdim,12,1500,500,50.0,0.3,R,gbm_coxph,Boosting,0.3459275567043084,0.6340117704757234,5.081999999999994,success,
setting1_highdim_s50_n1500,highdim,13,1500,500,50.0,0.3,R,glmnet_validation_glmnet,Penalized Cox,0.1699135297851192,0.6872805491411761,0.7870000000000346,success,
setting1_highdim_s50_n1500,highdim,13,1500,500,50.0,0.3,R,randomForestSRC_rfsrc,RSF,0.205205200768333,0.5809002625502167,2.067999999999984,success,
setting1_highdim_s50_n1500,highdim,13,1500,500,50.0,0.3,R,gbm_coxph,Boosting,0.3610047487268991,0.6329674500996425,5.04200000000003,success,
setting1_highdim_s50_n1500,highdim,14,1500,500,50.0,0.3,R,glmnet_validation_glmnet,Penalized Cox,0.1565732994426765,0.7018873960332693,0.8020000000000209,success,
setting1_highdim_s50_n1500,highdim,14,1500,500,50.0,0.3,R,randomForestSRC_rfsrc,RSF,0.1903941096449245,0.6059500959692898,2.134999999999991,success,
setting1_highdim_s50_n1500,highdim,14,1500,500,50.0,0.3,R,gbm_coxph,Boosting,0.2588012614445904,0.6285028790786948,4.952999999999975,success,
setting1_highdim_s50_n1500,highdim,15,1500,500,50.0,0.3,R,glmnet_validation_glmnet,Penalized Cox,0.1587652626804981,0.686706258565555,0.8020000000000209,success,
setting1_highdim_s50_n1500,highdim,15,1500,500,50.0,0.3,R,randomForestSRC_rfsrc,RSF,0.1939918847987744,0.5930257347342774,2.0870000000001028,success,
setting1_highdim_s50_n1500,highdim,15,1500,500,50.0,0.3,R,gbm_coxph,Boosting,0.3128477532561337,0.6134917009288868,5.089000000000056,success,
setting1_highdim_s50_n1500,highdim,16,1500,500,50.0,0.3,R,glmnet_validation_glmnet,Penalized Cox,0.1602050521509289,0.6859361779282002,0.7269999999999754,success,
setting1_highdim_s50_n1500,highdim,16,1500,500,50.0,0.3,R,randomForestSRC_rfsrc,RSF,0.194869323260665,0.5860328780369878,1.695999999999913,success,
setting1_highdim_s50_n1500,highdim,16,1500,500,50.0,0.3,R,gbm_coxph,Boosting,0.2438599584148502,0.6321165236310891,5.15199999999993,success,
setting1_highdim_s50_n1500,highdim,17,1500,500,50.0,0.3,R,glmnet_validation_glmnet,Penalized Cox,0.1736855728843668,0.6725230145108441,0.8559999999999945,success,
setting1_highdim_s50_n1500,highdim,17,1500,500,50.0,0.3,R,randomForestSRC_rfsrc,RSF,0.2072034139490977,0.5585582774223747,2.02800000000002,success,
setting1_highdim_s50_n1500,highdim,17,1500,500,50.0,0.3,R,gbm_coxph,Boosting,0.3679059080327932,0.5984709002964581,5.058999999999969,success,
setting1_highdim_s50_n1500,highdim,18,1500,500,50.0,0.3,R,glmnet_validation_glmnet,Penalized Cox,0.1566396583122877,0.7075767451966353,0.7039999999999509,success,
setting1_highdim_s50_n1500,highdim,18,1500,500,50.0,0.3,R,randomForestSRC_rfsrc,RSF,0.200474437714079,0.5896576341682962,1.761000000000081,success,
setting1_highdim_s50_n1500,highdim,18,1500,500,50.0,0.3,R,gbm_coxph,Boosting,0.2107647972261641,0.6177173541918863,5.09599999999989,success,
setting1_highdim_s50_n1500,highdim,19,1500,500,50.0,0.3,R,glmnet_validation_glmnet,Penalized Cox,0.165509776151443,0.6806429505949785,0.7390000000000327,success,
setting1_highdim_s50_n1500,highdim,19,1500,500,50.0,0.3,R,randomForestSRC_rfsrc,RSF,0.193109228987634,0.6027661827923494,1.7200000000000273,success,
setting1_highdim_s50_n1500,highdim,19,1500,500,50.0,0.3,R,gbm_coxph,Boosting,0.302098518930075,0.6210204971652856,5.196000000000026,success,
setting1_highdim_s50_n1500,highdim,20,1500,500,50.0,0.3,R,glmnet_validation_glmnet,Penalized Cox,0.1558718706404784,0.7028301886792453,0.6440000000000055,success,
setting1_highdim_s50_n1500,highdim,20,1500,500,50.0,0.3,R,randomForestSRC_rfsrc,RSF,0.1934803698932999,0.6165590863952334,1.9289999999999736,success,
setting1_highdim_s50_n1500,highdim,20,1500,500,50.0,0.3,R,gbm_coxph,Boosting,0.3847704000313068,0.636885551142006,5.04200000000003,success,
setting1_highdim_s50_n1500,highdim,21,1500,500,50.0,0.3,R,glmnet_validation_glmnet,Penalized Cox,0.169248871400329,0.6888688402190144,0.7519999999999527,success,
setting1_highdim_s50_n1500,highdim,21,1500,500,50.0,0.3,R,randomForestSRC_rfsrc,RSF,0.202675635622982,0.5841525634644101,1.7280000000000657,success,
setting1_highdim_s50_n1500,highdim,21,1500,500,50.0,0.3,R,gbm_coxph,Boosting,0.2601770034642286,0.5949477351916377,5.115000000000009,success,
setting1_highdim_s50_n1500,highdim,22,1500,500,50.0,0.3,R,glmnet_validation_glmnet,Penalized Cox,0.1667123682312039,0.6825273939971415,0.7590000000000146,success,
setting1_highdim_s50_n1500,highdim,22,1500,500,50.0,0.3,R,randomForestSRC_rfsrc,RSF,0.2005851614743801,0.6186279180562173,1.7029999999999743,success,
setting1_highdim_s50_n1500,highdim,22,1500,500,50.0,0.3,R,gbm_coxph,Boosting,0.273558085960886,0.6196700809909481,5.129000000000019,success,
setting1_highdim_s50_n1500,highdim,23,1500,500,50.0,0.3,R,glmnet_validation_glmnet,Penalized Cox,0.1600843544856305,0.6990085200570025,0.7309999999999945,success,
setting1_highdim_s50_n1500,highdim,23,1500,500,50.0,0.3,R,randomForestSRC_rfsrc,RSF,0.2058167513094525,0.6172038446378219,1.774000000000001,success,
setting1_highdim_s50_n1500,highdim,23,1500,500,50.0,0.3,R,gbm_coxph,Boosting,0.3546882475651709,0.6158697431854705,5.110000000000014,success,
setting1_highdim_s50_n1500,highdim,24,1500,500,50.0,0.3,R,glmnet_validation_glmnet,Penalized Cox,0.1735151490115889,0.6836781052185238,0.8260000000000218,success,
setting1_highdim_s50_n1500,highdim,24,1500,500,50.0,0.3,R,randomForestSRC_rfsrc,RSF,0.2044484610747082,0.5889087439803737,2.09699999999998,success,
setting1_highdim_s50_n1500,highdim,24,1500,500,50.0,0.3,R,gbm_coxph,Boosting,0.2222184209965442,0.6318866038707333,5.1440000000000055,success,
setting1_highdim_s50_n1500,highdim,25,1500,500,50.0,0.3,R,glmnet_validation_glmnet,Penalized Cox,0.1618638566803097,0.6979853252083075,0.7280000000000655,success,
setting1_highdim_s50_n1500,highdim,25,1500,500,50.0,0.3,R,randomForestSRC_rfsrc,RSF,0.1908361625767457,0.6277204327819923,1.7749999999999773,success,
setting1_highdim_s50_n1500,highdim,25,1500,500,50.0,0.3,R,gbm_coxph,Boosting,0.2470871572967072,0.6304564108941674,5.185999999999922,success,
setting1_highdim_s50_n1500,highdim,26,1500,500,50.0,0.3,R,glmnet_validation_glmnet,Penalized Cox,0.1800234841808014,0.6612662669980991,0.6580000000000155,success,
setting1_highdim_s50_n1500,highdim,26,1500,500,50.0,0.3,R,randomForestSRC_rfsrc,RSF,0.2095430812781834,0.5277964614709754,2.216000000000008,success,
setting1_highdim_s50_n1500,highdim,26,1500,500,50.0,0.3,R,gbm_coxph,Boosting,0.3997911319742295,0.5888872642199152,5.310000000000059,success,
setting1_highdim_s50_n1500,highdim,27,1500,500,50.0,0.3,R,glmnet_validation_glmnet,Penalized Cox,0.1771299015496035,0.6796356652310558,0.7859999999999445,success,
setting1_highdim_s50_n1500,highdim,27,1500,500,50.0,0.3,R,randomForestSRC_rfsrc,RSF,0.2089939176156172,0.5783377953672448,1.7829999999999018,success,
setting1_highdim_s50_n1500,highdim,27,1500,500,50.0,0.3,R,gbm_coxph,Boosting,0.23647459415846,0.5983296473053195,5.024999999999977,success,
setting1_highdim_s50_n1500,highdim,28,1500,500,50.0,0.3,R,glmnet_validation_glmnet,Penalized Cox,0.1673642673520884,0.6768224990748736,0.7390000000000327,success,
setting1_highdim_s50_n1500,highdim,28,1500,500,50.0,0.3,R,randomForestSRC_rfsrc,RSF,0.2025983020568464,0.5587763661033675,2.1429999999999154,success,
setting1_highdim_s50_n1500,highdim,28,1500,500,50.0,0.3,R,gbm_coxph,Boosting,0.3423242874001314,0.6360244233378561,5.158000000000016,success,
setting1_highdim_s50_n1500,highdim,29,1500,500,50.0,0.3,R,glmnet_validation_glmnet,Penalized Cox,0.1679499318220963,0.6820939049285506,1.0430000000000064,success,
setting1_highdim_s50_n1500,highdim,29,1500,500,50.0,0.3,R,randomForestSRC_rfsrc,RSF,0.2028797713266724,0.5774569845435987,2.1100000000000136,success,
setting1_highdim_s50_n1500,highdim,29,1500,500,50.0,0.3,R,gbm_coxph,Boosting,0.2624005346375275,0.615981335666375,5.034999999999968,success,
setting1_highdim_s50_n1500,highdim,30,1500,500,50.0,0.3,R,glmnet_validation_glmnet,Penalized Cox,0.1789491630834275,0.7124132613723979,0.8500000000000227,success,
setting1_highdim_s50_n1500,highdim,30,1500,500,50.0,0.3,R,randomForestSRC_rfsrc,RSF,0.2182355328033476,0.6060435324120752,1.68100000000004,success,
setting1_highdim_s50_n1500,highdim,30,1500,500,50.0,0.3,R,gbm_coxph,Boosting,0.4183584537441536,0.6505545341320207,5.178999999999974,success,
setting1_highdim_s50_n1500,highdim,31,1500,500,50.0,0.3,R,glmnet_validation_glmnet,Penalized Cox,0.1596238721979482,0.7101780415430268,0.6100000000000136,success,
setting1_highdim_s50_n1500,highdim,31,1500,500,50.0,0.3,R,randomForestSRC_rfsrc,RSF,0.1939827488937332,0.586913946587537,2.1219999999999573,success,
setting1_highdim_s50_n1500,highdim,31,1500,500,50.0,0.3,R,gbm_coxph,Boosting,0.2812316155151428,0.6491394658753709,5.163999999999987,success,
setting1_highdim_s50_n1500,highdim,32,1500,500,50.0,0.3,R,glmnet_validation_glmnet,Penalized Cox,0.169786504911222,0.7082559463183752,0.6609999999999445,success,
setting1_highdim_s50_n1500,highdim,32,1500,500,50.0,0.3,R,randomForestSRC_rfsrc,RSF,0.2029115394294429,0.6031094601881253,1.94399999999996,success,
setting1_highdim_s50_n1500,highdim,32,1500,500,50.0,0.3,R,gbm_coxph,Boosting,0.3266586738571401,0.624048888622611,5.0750000000000455,success,
setting1_highdim_s50_n1500,highdim,33,1500,500,50.0,0.3,R,glmnet_validation_glmnet,Penalized Cox,0.1667872143792479,0.7185479401440975,0.7480000000000473,success,
setting1_highdim_s50_n1500,highdim,33,1500,500,50.0,0.3,R,randomForestSRC_rfsrc,RSF,0.205933610590225,0.6113369049818338,2.117999999999938,success,
setting1_highdim_s50_n1500,highdim,33,1500,500,50.0,0.3,R,gbm_coxph,Boosting,0.2216324225641819,0.6551203891865263,4.959999999999809,success,
setting1_highdim_s50_n1500,highdim,34,1500,500,50.0,0.3,R,glmnet_validation_glmnet,Penalized Cox,0.1740718514839801,0.6995655632380836,0.7519999999999527,success,
setting1_highdim_s50_n1500,highdim,34,1500,500,50.0,0.3,R,randomForestSRC_rfsrc,RSF,0.2064488178391748,0.5971975769442575,1.6920000000000073,success,
setting1_highdim_s50_n1500,highdim,34,1500,500,50.0,0.3,R,gbm_coxph,Boosting,0.3588295904240247,0.6264761671663709,5.007000000000062,success,
setting1_highdim_s50_n1500,highdim,35,1500,500,50.0,0.3,R,glmnet_validation_glmnet,Penalized Cox,0.1679861250572061,0.700163795195341,0.6609999999998308,success,
setting1_highdim_s50_n1500,highdim,35,1500,500,50.0,0.3,R,randomForestSRC_rfsrc,RSF,0.2035587936013602,0.5606952196068915,1.7409999999999854,success,
setting1_highdim_s50_n1500,highdim,35,1500,500,50.0,0.3,R,gbm_coxph,Boosting,0.3622032699309712,0.6280939092453288,5.1159999999999854,success,
setting1_highdim_s50_n1500,highdim,36,1500,500,50.0,0.3,R,glmnet_validation_glmnet,Penalized Cox,0.1522231934704792,0.6992069257779392,0.9230000000000018,success,
setting1_highdim_s50_n1500,highdim,36,1500,500,50.0,0.3,R,randomForestSRC_rfsrc,RSF,0.1905614403154819,0.596077006901562,2.064000000000078,success,
setting1_highdim_s50_n1500,highdim,36,1500,500,50.0,0.3,R,gbm_coxph,Boosting,0.2682509428875729,0.6357004479961255,5.070000000000164,success,
setting1_highdim_s50_n1500,highdim,37,1500,500,50.0,0.3,R,glmnet_validation_glmnet,Penalized Cox,0.1541434561200436,0.7313920170587059,0.7860000000000582,success,
setting1_highdim_s50_n1500,highdim,37,1500,500,50.0,0.3,R,randomForestSRC_rfsrc,RSF,0.1925873106050257,0.5363497034717132,2.205999999999904,success,
setting1_highdim_s50_n1500,highdim,37,1500,500,50.0,0.3,R,gbm_coxph,Boosting,0.1845114105123069,0.6423668954487906,5.004000000000133,success,
setting1_highdim_s50_n1500,highdim,38,1500,500,50.0,0.3,R,glmnet_validation_glmnet,Penalized Cox,0.1395688246512607,0.7164842566088567,0.7920000000001437,success,
setting1_highdim_s50_n1500,highdim,38,1500,500,50.0,0.3,R,randomForestSRC_rfsrc,RSF,0.1830764887296148,0.5934669136218218,1.72199999999998,success,
setting1_highdim_s50_n1500,highdim,38,1500,500,50.0,0.3,R,gbm_coxph,Boosting,0.266039418719759,0.6406128977942415,5.032999999999902,success,
setting1_highdim_s50_n1500,highdim,39,1500,500,50.0,0.3,R,glmnet_validation_glmnet,Penalized Cox,0.1644484597105068,0.6993145516287259,0.7010000000000218,success,
setting1_highdim_s50_n1500,highdim,39,1500,500,50.0,0.3,R,randomForestSRC_rfsrc,RSF,0.2001091358134732,0.6060558420324488,1.77800000000002,success,
setting1_highdim_s50_n1500,highdim,39,1500,500,50.0,0.3,R,gbm_coxph,Boosting,0.2457360674664501,0.6201106779021507,5.028999999999996,success,
setting1_highdim_s50_n1500,highdim,40,1500,500,50.0,0.3,R,glmnet_validation_glmnet,Penalized Cox,0.1690010246816277,0.6846748190059013,0.7889999999999873,success,
setting1_highdim_s50_n1500,highdim,40,1500,500,50.0,0.3,R,randomForestSRC_rfsrc,RSF,0.2000965872905033,0.5796982417716128,1.9869999999998529,success,
setting1_highdim_s50_n1500,highdim,40,1500,500,50.0,0.3,R,gbm_coxph,Boosting,0.2841847553650798,0.6189693983086938,5.037000000000035,success,
setting1_highdim_s50_n1500,highdim,41,1500,500,50.0,0.3,R,glmnet_validation_glmnet,Penalized Cox,0.1632369634747814,0.680800674798858,1.125,success,
setting1_highdim_s50_n1500,highdim,41,1500,500,50.0,0.3,R,randomForestSRC_rfsrc,RSF,0.1930902106304405,0.575947313781469,1.7309999999999943,success,
setting1_highdim_s50_n1500,highdim,41,1500,500,50.0,0.3,R,gbm_coxph,Boosting,0.3241746424621092,0.6114066960809759,5.18100000000004,success,
setting1_highdim_s50_n1500,highdim,42,1500,500,50.0,0.3,R,glmnet_validation_glmnet,Penalized Cox,0.1487938336233053,0.727958918517602,0.7670000000000528,success,
setting1_highdim_s50_n1500,highdim,42,1500,500,50.0,0.3,R,randomForestSRC_rfsrc,RSF,0.1938741480665383,0.602858380251191,2.064000000000078,success,
setting1_highdim_s50_n1500,highdim,42,1500,500,50.0,0.3,R,gbm_coxph,Boosting,0.346409309997771,0.6268019550825961,5.244999999999891,success,
setting1_highdim_s50_n1500,highdim,43,1500,500,50.0,0.3,R,glmnet_validation_glmnet,Penalized Cox,0.1543935613936876,0.7204865997435657,0.7609999999999673,success,
setting1_highdim_s50_n1500,highdim,43,1500,500,50.0,0.3,R,randomForestSRC_rfsrc,RSF,0.1943458014386923,0.6470588235294118,1.7029999999999743,success,
setting1_highdim_s50_n1500,highdim,43,1500,500,50.0,0.3,R,gbm_coxph,Boosting,0.3629161343681024,0.6785814804390655,5.000999999999976,success,
setting1_highdim_s50_n1500,highdim,44,1500,500,50.0,0.3,R,glmnet_validation_glmnet,Penalized Cox,0.1918083621516711,0.6552289892789455,0.8209999999999127,success,
setting1_highdim_s50_n1500,highdim,44,1500,500,50.0,0.3,R,randomForestSRC_rfsrc,RSF,0.2232011843946835,0.579559276965291,1.9259999999999309,success,
setting1_highdim_s50_n1500,highdim,44,1500,500,50.0,0.3,R,gbm_coxph,Boosting,0.3895495022629464,0.5936182851970242,5.093000000000075,success,
setting1_highdim_s50_n1500,highdim,45,1500,500,50.0,0.3,R,glmnet_validation_glmnet,Penalized Cox,0.1641888603032979,0.6723708983324368,0.5829999999998563,success,
setting1_highdim_s50_n1500,highdim,45,1500,500,50.0,0.3,R,randomForestSRC_rfsrc,RSF,0.190325914312217,0.5777635825712748,1.6990000000000691,success,
setting1_highdim_s50_n1500,highdim,45,1500,500,50.0,0.3,R,gbm_coxph,Boosting,0.3626120613313864,0.600726196880043,5.098000000000184,success,
setting1_highdim_s50_n1500,highdim,46,1500,500,50.0,0.3,R,glmnet_validation_glmnet,Penalized Cox,0.1772724611026601,0.7058098229750756,0.7699999999999818,success,
setting1_highdim_s50_n1500,highdim,46,1500,500,50.0,0.3,R,randomForestSRC_rfsrc,RSF,0.2138542823749974,0.6103396647388662,2.0989999999999327,success,
setting1_highdim_s50_n1500,highdim,46,1500,500,50.0,0.3,R,gbm_coxph,Boosting,0.3540165823095504,0.635880574230103,5.078999999999951,success,
setting1_highdim_s50_n1500,highdim,47,1500,500,50.0,0.3,R,glmnet_validation_glmnet,Penalized Cox,0.1586588215007167,0.724923039409918,0.6490000000001146,success,
setting1_highdim_s50_n1500,highdim,47,1500,500,50.0,0.3,R,randomForestSRC_rfsrc,RSF,0.2049489007685206,0.6110213660885733,2.064000000000078,success,
setting1_highdim_s50_n1500,highdim,47,1500,500,50.0,0.3,R,gbm_coxph,Boosting,0.3611077244267251,0.653997378768021,5.029999999999973,success,
setting1_highdim_s50_n1500,highdim,48,1500,500,50.0,0.3,R,glmnet_validation_glmnet,Penalized Cox,0.1588143862704187,0.6957434439994833,0.8399999999999181,success,
setting1_highdim_s50_n1500,highdim,48,1500,500,50.0,0.3,R,randomForestSRC_rfsrc,RSF,0.1958178963000667,0.5644942513887095,2.1200000000001182,success,
setting1_highdim_s50_n1500,highdim,48,1500,500,50.0,0.3,R,gbm_coxph,Boosting,0.2192971777210823,0.620591654824958,5.016000000000076,success,
setting1_highdim_s50_n1500,highdim,49,1500,500,50.0,0.3,R,glmnet_validation_glmnet,Penalized Cox,0.1592712829093675,0.7229760634243025,0.8559999999999945,success,
setting1_highdim_s50_n1500,highdim,49,1500,500,50.0,0.3,R,randomForestSRC_rfsrc,RSF,0.2098418315127229,0.5644762921177009,1.667999999999893,success,
setting1_highdim_s50_n1500,highdim,49,1500,500,50.0,0.3,R,gbm_coxph,Boosting,0.3340210950208684,0.6317731361488031,5.182000000000016,success,
setting1_highdim_s50_n1500,highdim,50,1500,500,50.0,0.3,R,glmnet_validation_glmnet,Penalized Cox,0.1691360873474691,0.695497811648762,0.8109999999999218,success,
setting1_highdim_s50_n1500,highdim,50,1500,500,50.0,0.3,R,randomForestSRC_rfsrc,RSF,0.2047240052909486,0.5416398861445231,1.7670000000000528,success,
setting1_highdim_s50_n1500,highdim,50,1500,500,50.0,0.3,R,gbm_coxph,Boosting,0.2741642313546281,0.6222263030636918,4.996999999999844,success,
setting2_smooth_nonlinear_n1000,nonlinear,1,1000,50,,0.3,R,survival_coxph,CoxPH,0.180984107659509,0.6057823645469722,0.0219999999999345,success,
setting2_smooth_nonlinear_n1000,nonlinear,1,1000,50,,0.3,R,randomForestSRC_rfsrc,RSF,0.1729111178150364,0.6812111094247989,0.3599999999998999,success,
setting2_smooth_nonlinear_n1000,nonlinear,1,1000,50,,0.3,R,gbm_coxph,Boosting,0.2077235931371976,0.6808316891789346,0.3260000000000218,success,
setting2_smooth_nonlinear_n1000,nonlinear,2,1000,50,,0.3,R,survival_coxph,CoxPH,0.1945903407584517,0.6216197944835046,0.0550000000000636,success,
setting2_smooth_nonlinear_n1000,nonlinear,2,1000,50,,0.3,R,randomForestSRC_rfsrc,RSF,0.1838529841419875,0.6711736073553272,0.3049999999998363,success,
setting2_smooth_nonlinear_n1000,nonlinear,2,1000,50,,0.3,R,gbm_coxph,Boosting,0.2214077435101233,0.6493374797187669,0.31899999999996,success,
setting2_smooth_nonlinear_n1000,nonlinear,3,1000,50,,0.3,R,survival_coxph,CoxPH,0.1939693889243732,0.5953540651929562,0.0209999999999581,success,
setting2_smooth_nonlinear_n1000,nonlinear,3,1000,50,,0.3,R,randomForestSRC_rfsrc,RSF,0.1862563127924644,0.6484076433121019,0.3329999999998563,success,
setting2_smooth_nonlinear_n1000,nonlinear,3,1000,50,,0.3,R,gbm_coxph,Boosting,0.2616632352539438,0.679955039340577,0.3230000000000927,success,
setting2_smooth_nonlinear_n1000,nonlinear,4,1000,50,,0.3,R,survival_coxph,CoxPH,0.1962433893162463,0.6053074055120988,0.0220000000001618,success,
setting2_smooth_nonlinear_n1000,nonlinear,4,1000,50,,0.3,R,randomForestSRC_rfsrc,RSF,0.1780253139711854,0.68550332626654,0.3319999999998799,success,
setting2_smooth_nonlinear_n1000,nonlinear,4,1000,50,,0.3,R,gbm_coxph,Boosting,0.1608167289497403,0.7066306016521675,0.3539999999998144,success,
setting2_smooth_nonlinear_n1000,nonlinear,5,1000,50,,0.3,R,survival_coxph,CoxPH,0.2074626656255478,0.6305358295674629,0.0220000000001618,success,
setting2_smooth_nonlinear_n1000,nonlinear,5,1000,50,,0.3,R,randomForestSRC_rfsrc,RSF,0.1968484880222359,0.6848289218850871,0.3089999999999691,success,
setting2_smooth_nonlinear_n1000,nonlinear,5,1000,50,,0.3,R,gbm_coxph,Boosting,0.250651696420488,0.6753389283408651,0.3220000000001164,success,
setting2_smooth_nonlinear_n1000,nonlinear,6,1000,50,,0.3,R,survival_coxph,CoxPH,0.1819624041087151,0.609441749330244,0.0199999999999818,success,
setting2_smooth_nonlinear_n1000,nonlinear,6,1000,50,,0.3,R,randomForestSRC_rfsrc,RSF,0.1636280989176612,0.7000941278690899,0.3269999999999982,success,
setting2_smooth_nonlinear_n1000,nonlinear,6,1000,50,,0.3,R,gbm_coxph,Boosting,0.156092872886662,0.6992252552313374,0.3450000000000273,success,
setting2_smooth_nonlinear_n1000,nonlinear,7,1000,50,,0.3,R,survival_coxph,CoxPH,0.1745718119888565,0.6460283902144367,0.0470000000000254,success,
setting2_smooth_nonlinear_n1000,nonlinear,7,1000,50,,0.3,R,randomForestSRC_rfsrc,RSF,0.1692539298631924,0.6796285110238598,0.3360000000000127,success,
setting2_smooth_nonlinear_n1000,nonlinear,7,1000,50,,0.3,R,gbm_coxph,Boosting,0.1992471373650166,0.68204469948656,0.31899999999996,success,
setting2_smooth_nonlinear_n1000,nonlinear,8,1000,50,,0.3,R,survival_coxph,CoxPH,0.1863652371245018,0.6236794171220401,0.0209999999999581,success,
setting2_smooth_nonlinear_n1000,nonlinear,8,1000,50,,0.3,R,randomForestSRC_rfsrc,RSF,0.174074919406328,0.6860473588342441,0.3269999999999982,success,
setting2_smooth_nonlinear_n1000,nonlinear,8,1000,50,,0.3,R,gbm_coxph,Boosting,0.1620243653435125,0.707103825136612,0.3440000000000509,success,
setting2_smooth_nonlinear_n1000,nonlinear,9,1000,50,,0.3,R,survival_coxph,CoxPH,0.2135288868227619,0.5600859766820816,0.0199999999999818,success,
setting2_smooth_nonlinear_n1000,nonlinear,9,1000,50,,0.3,R,randomForestSRC_rfsrc,RSF,0.18385910026972,0.6255454959942682,0.3799999999998817,success,
setting2_smooth_nonlinear_n1000,nonlinear,9,1000,50,,0.3,R,gbm_coxph,Boosting,0.1882122427739541,0.6562886732234743,0.3509999999998854,success,
setting2_smooth_nonlinear_n1000,nonlinear,10,1000,50,,0.3,R,survival_coxph,CoxPH,0.2074878666662286,0.6011537429568017,0.0499999999999545,success,
setting2_smooth_nonlinear_n1000,nonlinear,10,1000,50,,0.3,R,randomForestSRC_rfsrc,RSF,0.1841151840742868,0.704722296753421,0.3720000000000709,success,
setting2_smooth_nonlinear_n1000,nonlinear,10,1000,50,,0.3,R,gbm_coxph,Boosting,0.1674629759884847,0.7247786423396834,0.3179999999999836,success,
setting2_smooth_nonlinear_n1000,nonlinear,11,1000,50,,0.3,R,survival_coxph,CoxPH,0.2003446657054243,0.5976923076923077,0.0209999999999581,success,
setting2_smooth_nonlinear_n1000,nonlinear,11,1000,50,,0.3,R,randomForestSRC_rfsrc,RSF,0.1874561548034007,0.6755944055944056,0.3690000000001419,success,
setting2_smooth_nonlinear_n1000,nonlinear,11,1000,50,,0.3,R,gbm_coxph,Boosting,0.1745122570562553,0.6759440559440559,0.3179999999999836,success,
setting2_smooth_nonlinear_n1000,nonlinear,12,1000,50,,0.3,R,survival_coxph,CoxPH,0.2187753590902205,0.6008853065539113,0.0209999999999581,success,
setting2_smooth_nonlinear_n1000,nonlinear,12,1000,50,,0.3,R,randomForestSRC_rfsrc,RSF,0.2027031518905746,0.6355047568710359,0.3280000000002019,success,
setting2_smooth_nonlinear_n1000,nonlinear,12,1000,50,,0.3,R,gbm_coxph,Boosting,0.2447759131557077,0.6445560253699789,0.3279999999999745,success,
setting2_smooth_nonlinear_n1000,nonlinear,13,1000,50,,0.3,R,survival_coxph,CoxPH,0.2046269344912525,0.6327976717702138,0.0260000000000673,success,
setting2_smooth_nonlinear_n1000,nonlinear,13,1000,50,,0.3,R,randomForestSRC_rfsrc,RSF,0.1884599562495702,0.7007465519423004,0.3319999999998799,success,
setting2_smooth_nonlinear_n1000,nonlinear,13,1000,50,,0.3,R,gbm_coxph,Boosting,0.1838818292393085,0.7237757813488549,0.32100000000014,success,
setting2_smooth_nonlinear_n1000,nonlinear,14,1000,50,,0.3,R,survival_coxph,CoxPH,0.1953138285316764,0.6014492753623188,0.0209999999999581,success,
setting2_smooth_nonlinear_n1000,nonlinear,14,1000,50,,0.3,R,randomForestSRC_rfsrc,RSF,0.1809972258354155,0.6803542673107891,0.3559999999999945,success,
setting2_smooth_nonlinear_n1000,nonlinear,14,1000,50,,0.3,R,gbm_coxph,Boosting,0.1862964984349544,0.7012211486849168,0.3240000000000691,success,
setting2_smooth_nonlinear_n1000,nonlinear,15,1000,50,,0.3,R,survival_coxph,CoxPH,0.1935967356911112,0.5951492537313433,0.0210000000001855,success,
setting2_smooth_nonlinear_n1000,nonlinear,15,1000,50,,0.3,R,randomForestSRC_rfsrc,RSF,0.1716687742447341,0.6657462686567164,0.3179999999999836,success,
setting2_smooth_nonlinear_n1000,nonlinear,15,1000,50,,0.3,R,gbm_coxph,Boosting,0.177737102275869,0.6611194029850747,0.32100000000014,success,
setting2_smooth_nonlinear_n1000,nonlinear,16,1000,50,,0.3,R,survival_coxph,CoxPH,0.2179139629855363,0.5577501635055592,0.0209999999999581,success,
setting2_smooth_nonlinear_n1000,nonlinear,16,1000,50,,0.3,R,randomForestSRC_rfsrc,RSF,0.1833486482004558,0.6901896664486593,0.405999999999949,success,
setting2_smooth_nonlinear_n1000,nonlinear,16,1000,50,,0.3,R,gbm_coxph,Boosting,0.3213646292684496,0.6761281883584042,0.3450000000000273,success,
setting2_smooth_nonlinear_n1000,nonlinear,17,1000,50,,0.3,R,survival_coxph,CoxPH,0.2117568152462179,0.5985890898931341,0.0199999999999818,success,
setting2_smooth_nonlinear_n1000,nonlinear,17,1000,50,,0.3,R,randomForestSRC_rfsrc,RSF,0.1882384773002203,0.6390305231542921,0.3240000000000691,success,
setting2_smooth_nonlinear_n1000,nonlinear,17,1000,50,,0.3,R,gbm_coxph,Boosting,0.1880754671260299,0.6675979604665782,0.3230000000000927,success,
setting2_smooth_nonlinear_n1000,nonlinear,18,1000,50,,0.3,R,survival_coxph,CoxPH,0.208916609257269,0.592201240711705,0.0209999999999581,success,
setting2_smooth_nonlinear_n1000,nonlinear,18,1000,50,,0.3,R,randomForestSRC_rfsrc,RSF,0.1855214476304482,0.649669370781921,0.3169999999997799,success,
setting2_smooth_nonlinear_n1000,nonlinear,18,1000,50,,0.3,R,gbm_coxph,Boosting,0.1984373751135992,0.6429886154475424,0.34699999999998,success,
setting2_smooth_nonlinear_n1000,nonlinear,19,1000,50,,0.3,R,survival_coxph,CoxPH,0.1921700337842055,0.6373514431239389,0.0209999999999581,success,
setting2_smooth_nonlinear_n1000,nonlinear,19,1000,50,,0.3,R,randomForestSRC_rfsrc,RSF,0.1812075150887526,0.6782342954159593,0.3730000000000473,success,
setting2_smooth_nonlinear_n1000,nonlinear,19,1000,50,,0.3,R,gbm_coxph,Boosting,0.178691822244395,0.6814940577249575,0.3510000000001128,success,
setting2_smooth_nonlinear_n1000,nonlinear,20,1000,50,,0.3,R,survival_coxph,CoxPH,0.2026112010701955,0.5928576205443723,0.0249999999998635,success,
setting2_smooth_nonlinear_n1000,nonlinear,20,1000,50,,0.3,R,randomForestSRC_rfsrc,RSF,0.1843143060634441,0.6486323814619139,0.3500000000001364,success,
setting2_smooth_nonlinear_n1000,nonlinear,20,1000,50,,0.3,R,gbm_coxph,Boosting,0.241626588257621,0.641275998127466,0.3269999999999982,success,
setting2_smooth_nonlinear_n1000,nonlinear,21,1000,50,,0.3,R,survival_coxph,CoxPH,0.2081168903033664,0.5789581624282198,0.0209999999999581,success,
setting2_smooth_nonlinear_n1000,nonlinear,21,1000,50,,0.3,R,randomForestSRC_rfsrc,RSF,0.1871860733660802,0.6558654634946678,0.4290000000000873,success,
setting2_smooth_nonlinear_n1000,nonlinear,21,1000,50,,0.3,R,gbm_coxph,Boosting,0.1878243969582527,0.6741181296144381,0.3179999999999836,success,
setting2_smooth_nonlinear_n1000,nonlinear,22,1000,50,,0.3,R,survival_coxph,CoxPH,0.1969945968232932,0.6152617439918682,0.0210000000001855,success,
setting2_smooth_nonlinear_n1000,nonlinear,22,1000,50,,0.3,R,randomForestSRC_rfsrc,RSF,0.1810929907903366,0.6997023161257533,0.3559999999999945,success,
setting2_smooth_nonlinear_n1000,nonlinear,22,1000,50,,0.3,R,gbm_coxph,Boosting,0.1989993712545335,0.6875045378639367,0.3519999999998617,success,
setting2_smooth_nonlinear_n1000,nonlinear,23,1000,50,,0.3,R,survival_coxph,CoxPH,0.1799191103700753,0.6743510005408329,0.0450000000000727,success,
setting2_smooth_nonlinear_n1000,nonlinear,23,1000,50,,0.3,R,randomForestSRC_rfsrc,RSF,0.1757239275150623,0.7375608436992969,0.3079999999999927,success,
setting2_smooth_nonlinear_n1000,nonlinear,23,1000,50,,0.3,R,gbm_coxph,Boosting,0.1902300701985224,0.7758247701460248,0.3269999999999982,success,
setting2_smooth_nonlinear_n1000,nonlinear,24,1000,50,,0.3,R,survival_coxph,CoxPH,0.2133822020493079,0.6014992303058697,0.0199999999999818,success,
setting2_smooth_nonlinear_n1000,nonlinear,24,1000,50,,0.3,R,randomForestSRC_rfsrc,RSF,0.1858908709979761,0.6717087209691452,0.3209999999999127,success,
setting2_smooth_nonlinear_n1000,nonlinear,24,1000,50,,0.3,R,gbm_coxph,Boosting,0.1846247584527806,0.6692992436918546,0.3240000000000691,success,
setting2_smooth_nonlinear_n1000,nonlinear,25,1000,50,,0.3,R,survival_coxph,CoxPH,0.1913285397202644,0.630259623992838,0.0209999999999581,success,
setting2_smooth_nonlinear_n1000,nonlinear,25,1000,50,,0.3,R,randomForestSRC_rfsrc,RSF,0.1811999722986005,0.69492459197025,0.3850000000002183,success,
setting2_smooth_nonlinear_n1000,nonlinear,25,1000,50,,0.3,R,gbm_coxph,Boosting,0.2017504339835804,0.7000895255147717,0.3430000000000746,success,
setting2_smooth_nonlinear_n1000,nonlinear,26,1000,50,,0.3,R,survival_coxph,CoxPH,0.1941998917370755,0.6358641689283113,0.0209999999999581,success,
setting2_smooth_nonlinear_n1000,nonlinear,26,1000,50,,0.3,R,randomForestSRC_rfsrc,RSF,0.1775010651208947,0.71450321043225,0.3249999999998181,success,
setting2_smooth_nonlinear_n1000,nonlinear,26,1000,50,,0.3,R,gbm_coxph,Boosting,0.2250041156604586,0.7192030184682597,0.3239999999998417,success,
setting2_smooth_nonlinear_n1000,nonlinear,27,1000,50,,0.3,R,survival_coxph,CoxPH,0.205545670123442,0.6102491772449459,0.0209999999999581,success,
setting2_smooth_nonlinear_n1000,nonlinear,27,1000,50,,0.3,R,randomForestSRC_rfsrc,RSF,0.1798087601188543,0.7257035395258244,0.3280000000002019,success,
setting2_smooth_nonlinear_n1000,nonlinear,27,1000,50,,0.3,R,gbm_coxph,Boosting,0.1792152838979322,0.7048827993820942,0.3299999999999272,success,
setting2_smooth_nonlinear_n1000,nonlinear,28,1000,50,,0.3,R,survival_coxph,CoxPH,0.1925374533796403,0.6075202215259055,0.0209999999999581,success,
setting2_smooth_nonlinear_n1000,nonlinear,28,1000,50,,0.3,R,randomForestSRC_rfsrc,RSF,0.1820521808081298,0.6481090140639801,0.3400000000001455,success,
setting2_smooth_nonlinear_n1000,nonlinear,28,1000,50,,0.3,R,gbm_coxph,Boosting,0.1959999670146941,0.6391459593383371,0.3409999999998945,success,
setting2_smooth_nonlinear_n1000,nonlinear,29,1000,50,,0.3,R,survival_coxph,CoxPH,0.2152186793732348,0.585481818790598,0.0209999999999581,success,
setting2_smooth_nonlinear_n1000,nonlinear,29,1000,50,,0.3,R,randomForestSRC_rfsrc,RSF,0.1934148037555382,0.6337641465211277,0.3389999999999418,success,
setting2_smooth_nonlinear_n1000,nonlinear,29,1000,50,,0.3,R,gbm_coxph,Boosting,0.1955457426588173,0.6580057590571218,0.34699999999998,success,
setting2_smooth_nonlinear_n1000,nonlinear,30,1000,50,,0.3,R,survival_coxph,CoxPH,0.2113011542854264,0.613249951143248,0.0209999999999581,success,
setting2_smooth_nonlinear_n1000,nonlinear,30,1000,50,,0.3,R,randomForestSRC_rfsrc,RSF,0.200488575109872,0.6458862614813368,0.3259999999997944,success,
setting2_smooth_nonlinear_n1000,nonlinear,30,1000,50,,0.3,R,gbm_coxph,Boosting,0.1975328072812633,0.6614552797863331,0.321999999999889,success,
setting2_smooth_nonlinear_n1000,nonlinear,31,1000,50,,0.3,R,survival_coxph,CoxPH,0.2085160109890967,0.5844914831444659,0.0209999999999581,success,
setting2_smooth_nonlinear_n1000,nonlinear,31,1000,50,,0.3,R,randomForestSRC_rfsrc,RSF,0.1852984287299236,0.6471384790820327,0.3410000000001219,success,
setting2_smooth_nonlinear_n1000,nonlinear,31,1000,50,,0.3,R,gbm_coxph,Boosting,0.181900159541881,0.6556909699950111,0.3520000000000891,success,
setting2_smooth_nonlinear_n1000,nonlinear,32,1000,50,,0.3,R,survival_coxph,CoxPH,0.1970935196643962,0.6331032616050887,0.0210000000001855,success,
setting2_smooth_nonlinear_n1000,nonlinear,32,1000,50,,0.3,R,randomForestSRC_rfsrc,RSF,0.1876864935188072,0.6758018676410881,0.3149999999998272,success,
setting2_smooth_nonlinear_n1000,nonlinear,32,1000,50,,0.3,R,gbm_coxph,Boosting,0.1830326959799213,0.6659223169576397,0.3220000000001164,success,
setting2_smooth_nonlinear_n1000,nonlinear,33,1000,50,,0.3,R,survival_coxph,CoxPH,0.1855143751529751,0.6422203649533361,0.0210000000001855,success,
setting2_smooth_nonlinear_n1000,nonlinear,33,1000,50,,0.3,R,randomForestSRC_rfsrc,RSF,0.1722542532406751,0.7219668477503831,0.3119999999998981,success,
setting2_smooth_nonlinear_n1000,nonlinear,33,1000,50,,0.3,R,gbm_coxph,Boosting,0.2327472225722666,0.7163253935088453,0.3240000000000691,success,
setting2_smooth_nonlinear_n1000,nonlinear,34,1000,50,,0.3,R,survival_coxph,CoxPH,0.1934341012972226,0.6104493971501644,0.0209999999999581,success,
setting2_smooth_nonlinear_n1000,nonlinear,34,1000,50,,0.3,R,randomForestSRC_rfsrc,RSF,0.1693771219082305,0.7069784435513335,0.334999999999809,success,
setting2_smooth_nonlinear_n1000,nonlinear,34,1000,50,,0.3,R,gbm_coxph,Boosting,0.2168902415225359,0.7119473876507125,0.3229999999998654,success,
setting2_smooth_nonlinear_n1000,nonlinear,35,1000,50,,0.3,R,survival_coxph,CoxPH,0.2225700088095697,0.5799134653205716,0.0209999999999581,success,
setting2_smooth_nonlinear_n1000,nonlinear,35,1000,50,,0.3,R,randomForestSRC_rfsrc,RSF,0.2023621243207604,0.6918185393995018,0.3350000000000364,success,
setting2_smooth_nonlinear_n1000,nonlinear,35,1000,50,,0.3,R,gbm_coxph,Boosting,0.2844956197303938,0.680936147895634,0.3230000000000927,success,
setting2_smooth_nonlinear_n1000,nonlinear,36,1000,50,,0.3,R,survival_coxph,CoxPH,0.1967297569106419,0.6099658800113733,0.0209999999999581,success,
setting2_smooth_nonlinear_n1000,nonlinear,36,1000,50,,0.3,R,randomForestSRC_rfsrc,RSF,0.1782084691410125,0.6838214387261871,0.3159999999998035,success,
setting2_smooth_nonlinear_n1000,nonlinear,36,1000,50,,0.3,R,gbm_coxph,Boosting,0.160125459622612,0.7170173443275519,0.34900000000016,success,
setting2_smooth_nonlinear_n1000,nonlinear,37,1000,50,,0.3,R,survival_coxph,CoxPH,0.1901244503969462,0.6235448195576252,0.0219999999999345,success,
setting2_smooth_nonlinear_n1000,nonlinear,37,1000,50,,0.3,R,randomForestSRC_rfsrc,RSF,0.1840285234893999,0.6797147846332945,0.3589999999999236,success,
setting2_smooth_nonlinear_n1000,nonlinear,37,1000,50,,0.3,R,gbm_coxph,Boosting,0.2142123993038243,0.6770954598370198,0.321999999999889,success,
setting2_smooth_nonlinear_n1000,nonlinear,38,1000,50,,0.3,R,survival_coxph,CoxPH,0.185518307860407,0.6275958909171532,0.0210000000001855,success,
setting2_smooth_nonlinear_n1000,nonlinear,38,1000,50,,0.3,R,randomForestSRC_rfsrc,RSF,0.1799079922348901,0.6652871184687015,0.375,success,
setting2_smooth_nonlinear_n1000,nonlinear,38,1000,50,,0.3,R,gbm_coxph,Boosting,0.1786504978335378,0.6665434927204198,0.31899999999996,success,
setting2_smooth_nonlinear_n1000,nonlinear,39,1000,50,,0.3,R,survival_coxph,CoxPH,0.2003659768157788,0.6196835147225745,0.0209999999999581,success,
setting2_smooth_nonlinear_n1000,nonlinear,39,1000,50,,0.3,R,randomForestSRC_rfsrc,RSF,0.1816765820276718,0.7016759030513454,0.3289999999999509,success,
setting2_smooth_nonlinear_n1000,nonlinear,39,1000,50,,0.3,R,gbm_coxph,Boosting,0.1909829234733751,0.6873873272350938,0.3199999999999363,success,
setting2_smooth_nonlinear_n1000,nonlinear,40,1000,50,,0.3,R,survival_coxph,CoxPH,0.1987827514485755,0.6148158385736991,0.0260000000000673,success,
setting2_smooth_nonlinear_n1000,nonlinear,40,1000,50,,0.3,R,randomForestSRC_rfsrc,RSF,0.1866000441094294,0.6773547094188377,0.3150000000000545,success,
setting2_smooth_nonlinear_n1000,nonlinear,40,1000,50,,0.3,R,gbm_coxph,Boosting,0.1830934300925027,0.6676801879621311,0.3179999999999836,success,
setting2_smooth_nonlinear_n1000,nonlinear,41,1000,50,,0.3,R,survival_coxph,CoxPH,0.1871543641816897,0.6500834956860562,0.0209999999999581,success,
setting2_smooth_nonlinear_n1000,nonlinear,41,1000,50,,0.3,R,randomForestSRC_rfsrc,RSF,0.1734911173555758,0.7159755079320902,0.4390000000000782,success,
setting2_smooth_nonlinear_n1000,nonlinear,41,1000,50,,0.3,R,gbm_coxph,Boosting,0.213501363398719,0.7038686334539382,0.3199999999999363,success,
setting2_smooth_nonlinear_n1000,nonlinear,42,1000,50,,0.3,R,survival_coxph,CoxPH,0.2048356081325841,0.6017037190941201,0.0460000000000491,success,
setting2_smooth_nonlinear_n1000,nonlinear,42,1000,50,,0.3,R,randomForestSRC_rfsrc,RSF,0.1956512015671059,0.6769859408546298,0.5209999999999582,success,
setting2_smooth_nonlinear_n1000,nonlinear,42,1000,50,,0.3,R,gbm_coxph,Boosting,0.1886793623647103,0.709744442135882,0.3289999999999509,success,
setting2_smooth_nonlinear_n1000,nonlinear,43,1000,50,,0.3,R,survival_coxph,CoxPH,0.2271799798602688,0.5522368334104275,0.0209999999999581,success,
setting2_smooth_nonlinear_n1000,nonlinear,43,1000,50,,0.3,R,randomForestSRC_rfsrc,RSF,0.1895007886528755,0.6405867970660146,0.3179999999999836,success,
setting2_smooth_nonlinear_n1000,nonlinear,43,1000,50,,0.3,R,gbm_coxph,Boosting,0.2048827248072531,0.6506971519196458,0.3199999999999363,success,
setting2_smooth_nonlinear_n1000,nonlinear,44,1000,50,,0.3,R,survival_coxph,CoxPH,0.1813524828022419,0.6403162055335968,0.0209999999999581,success,
setting2_smooth_nonlinear_n1000,nonlinear,44,1000,50,,0.3,R,randomForestSRC_rfsrc,RSF,0.1777842825488108,0.7277667984189723,0.3239999999998417,success,
setting2_smooth_nonlinear_n1000,nonlinear,44,1000,50,,0.3,R,gbm_coxph,Boosting,0.1647721840585563,0.7118859401468097,0.3220000000001164,success,
setting2_smooth_nonlinear_n1000,nonlinear,45,1000,50,,0.3,R,survival_coxph,CoxPH,0.1949699140454102,0.6055551629090394,0.0229999999999108,success,
setting2_smooth_nonlinear_n1000,nonlinear,45,1000,50,,0.3,R,randomForestSRC_rfsrc,RSF,0.1776427136734786,0.6686691638985087,0.3160000000000309,success,
setting2_smooth_nonlinear_n1000,nonlinear,45,1000,50,,0.3,R,gbm_coxph,Boosting,0.1733911921224714,0.6828751148491059,0.3389999999999418,success,
setting2_smooth_nonlinear_n1000,nonlinear,46,1000,50,,0.3,R,survival_coxph,CoxPH,0.1831949142343406,0.6597566777679603,0.0270000000000436,success,
setting2_smooth_nonlinear_n1000,nonlinear,46,1000,50,,0.3,R,randomForestSRC_rfsrc,RSF,0.1702515535747168,0.7187521239719976,0.3260000000000218,success,
setting2_smooth_nonlinear_n1000,nonlinear,46,1000,50,,0.3,R,gbm_coxph,Boosting,0.1648611835848999,0.7150819003602257,0.3220000000001164,success,
setting2_smooth_nonlinear_n1000,nonlinear,47,1000,50,,0.3,R,survival_coxph,CoxPH,0.1882911936085859,0.6348660271253721,0.0209999999999581,success,
setting2_smooth_nonlinear_n1000,nonlinear,47,1000,50,,0.3,R,randomForestSRC_rfsrc,RSF,0.1828437345360292,0.6969897452861396,0.3140000000000782,success,
setting2_smooth_nonlinear_n1000,nonlinear,47,1000,50,,0.3,R,gbm_coxph,Boosting,0.2674680864517242,0.7102877935825339,0.3229999999998654,success,
setting2_smooth_nonlinear_n1000,nonlinear,48,1000,50,,0.3,R,survival_coxph,CoxPH,0.2070809167929796,0.6167186018154722,0.0209999999999581,success,
setting2_smooth_nonlinear_n1000,nonlinear,48,1000,50,,0.3,R,randomForestSRC_rfsrc,RSF,0.1929722455191598,0.6743666169895678,0.3379999999999654,success,
setting2_smooth_nonlinear_n1000,nonlinear,48,1000,50,,0.3,R,gbm_coxph,Boosting,0.1958517794853336,0.6577022083728492,0.3240000000000691,success,
setting2_smooth_nonlinear_n1000,nonlinear,49,1000,50,,0.3,R,survival_coxph,CoxPH,0.1961832071747631,0.6083507306889353,0.0209999999999581,success,
setting2_smooth_nonlinear_n1000,nonlinear,49,1000,50,,0.3,R,randomForestSRC_rfsrc,RSF,0.1768921877207008,0.7057063326374391,0.3609999999998763,success,
setting2_smooth_nonlinear_n1000,nonlinear,49,1000,50,,0.3,R,gbm_coxph,Boosting,0.1953619523789354,0.6983298538622129,0.33400000000006,success,
setting2_smooth_nonlinear_n1000,nonlinear,50,1000,50,,0.3,R,survival_coxph,CoxPH,0.191762423738262,0.6515843179377014,0.0210000000001855,success,
setting2_smooth_nonlinear_n1000,nonlinear,50,1000,50,,0.3,R,randomForestSRC_rfsrc,RSF,0.1822788109440811,0.7250939849624061,0.3579999999999472,success,
setting2_smooth_nonlinear_n1000,nonlinear,50,1000,50,,0.3,R,gbm_coxph,Boosting,0.1956905318073862,0.7254967776584318,0.3170000000000073,success,
setting2_smooth_nonlinear_n1500,nonlinear,1,1500,50,,0.3,R,survival_coxph,CoxPH,0.1957077886414618,0.601767475995352,0.0299999999999727,success,
setting2_smooth_nonlinear_n1500,nonlinear,1,1500,50,,0.3,R,randomForestSRC_rfsrc,RSF,0.1836468529496213,0.677206287077243,0.7880000000000109,success,
setting2_smooth_nonlinear_n1500,nonlinear,1,1500,50,,0.3,R,gbm_coxph,Boosting,0.2150793107174879,0.6751269035532995,0.4760000000001128,success,
setting2_smooth_nonlinear_n1500,nonlinear,2,1500,50,,0.3,R,survival_coxph,CoxPH,0.1891819090214842,0.6234077902898283,0.0289999999999963,success,
setting2_smooth_nonlinear_n1500,nonlinear,2,1500,50,,0.3,R,randomForestSRC_rfsrc,RSF,0.1776102734874907,0.6837117715832872,0.6220000000000709,success,
setting2_smooth_nonlinear_n1500,nonlinear,2,1500,50,,0.3,R,gbm_coxph,Boosting,0.2776264120239138,0.7066642052796751,0.4710000000000036,success,
setting2_smooth_nonlinear_n1500,nonlinear,3,1500,50,,0.3,R,survival_coxph,CoxPH,0.1768179609339124,0.6236175411522633,0.0289999999999963,success,
setting2_smooth_nonlinear_n1500,nonlinear,3,1500,50,,0.3,R,randomForestSRC_rfsrc,RSF,0.164433037916527,0.6884966563786008,0.6039999999998145,success,
setting2_smooth_nonlinear_n1500,nonlinear,3,1500,50,,0.3,R,gbm_coxph,Boosting,0.17218723373023,0.6902970679012346,0.4750000000001364,success,
setting2_smooth_nonlinear_n1500,nonlinear,4,1500,50,,0.3,R,survival_coxph,CoxPH,0.1944149697427385,0.5923058013765978,0.0289999999999963,success,
setting2_smooth_nonlinear_n1500,nonlinear,4,1500,50,,0.3,R,randomForestSRC_rfsrc,RSF,0.1760570033852992,0.6739798426745329,0.5710000000001401,success,
setting2_smooth_nonlinear_n1500,nonlinear,4,1500,50,,0.3,R,gbm_coxph,Boosting,0.1729903469137251,0.680647738446411,0.4949999999998908,success,
setting2_smooth_nonlinear_n1500,nonlinear,5,1500,50,,0.3,R,survival_coxph,CoxPH,0.1987270175702528,0.6266545358494996,0.0310000000001764,success,
setting2_smooth_nonlinear_n1500,nonlinear,5,1500,50,,0.3,R,randomForestSRC_rfsrc,RSF,0.1882705900991544,0.6743169078155724,0.5589999999999691,success,
setting2_smooth_nonlinear_n1500,nonlinear,5,1500,50,,0.3,R,gbm_coxph,Boosting,0.2087053303101105,0.6934522936049071,0.4900000000000091,success,
setting2_smooth_nonlinear_n1500,nonlinear,6,1500,50,,0.3,R,survival_coxph,CoxPH,0.2135481407080665,0.5924205378973105,0.0310000000001764,success,
setting2_smooth_nonlinear_n1500,nonlinear,6,1500,50,,0.3,R,randomForestSRC_rfsrc,RSF,0.197937955542757,0.6808068459657701,0.5769999999999982,success,
setting2_smooth_nonlinear_n1500,nonlinear,6,1500,50,,0.3,R,gbm_coxph,Boosting,0.1992059152532605,0.6983496332518337,0.4770000000000891,success,
setting2_smooth_nonlinear_n1500,nonlinear,7,1500,50,,0.3,R,survival_coxph,CoxPH,0.1960903196858298,0.5906369769725381,0.0289999999999963,success,
setting2_smooth_nonlinear_n1500,nonlinear,7,1500,50,,0.3,R,randomForestSRC_rfsrc,RSF,0.1825048482479856,0.6541763010357606,0.5709999999999127,success,
setting2_smooth_nonlinear_n1500,nonlinear,7,1500,50,,0.3,R,gbm_coxph,Boosting,0.1740378772031784,0.6763802223559596,0.4679999999998472,success,
setting2_smooth_nonlinear_n1500,nonlinear,8,1500,50,,0.3,R,survival_coxph,CoxPH,0.2108052653094232,0.5859399004485959,0.0299999999999727,success,
setting2_smooth_nonlinear_n1500,nonlinear,8,1500,50,,0.3,R,randomForestSRC_rfsrc,RSF,0.1877220283622179,0.6800221225342592,0.5420000000001437,success,
setting2_smooth_nonlinear_n1500,nonlinear,8,1500,50,,0.3,R,gbm_coxph,Boosting,0.2105333643541857,0.6938794321882873,0.4659999999998945,success,
setting2_smooth_nonlinear_n1500,nonlinear,9,1500,50,,0.3,R,survival_coxph,CoxPH,0.2026781302991474,0.6168551183476556,0.0299999999999727,success,
setting2_smooth_nonlinear_n1500,nonlinear,9,1500,50,,0.3,R,randomForestSRC_rfsrc,RSF,0.1905536172448153,0.6654907281772954,0.5600000000001728,success,
setting2_smooth_nonlinear_n1500,nonlinear,9,1500,50,,0.3,R,gbm_coxph,Boosting,0.18814927871936,0.6755615860093472,0.4809999999999945,success,
setting2_smooth_nonlinear_n1500,nonlinear,10,1500,50,,0.3,R,survival_coxph,CoxPH,0.1858319820123022,0.6234880495435926,0.0289999999999963,success,
setting2_smooth_nonlinear_n1500,nonlinear,10,1500,50,,0.3,R,randomForestSRC_rfsrc,RSF,0.1745920740172939,0.6859013643840919,0.5710000000001401,success,
setting2_smooth_nonlinear_n1500,nonlinear,10,1500,50,,0.3,R,gbm_coxph,Boosting,0.1594820143528393,0.7042221720478663,0.4689999999998235,success,
setting2_smooth_nonlinear_n1500,nonlinear,11,1500,50,,0.3,R,survival_coxph,CoxPH,0.2014581642607719,0.6034388558573036,0.0289999999999963,success,
setting2_smooth_nonlinear_n1500,nonlinear,11,1500,50,,0.3,R,randomForestSRC_rfsrc,RSF,0.1858073622020007,0.6958701590872569,0.5699999999999363,success,
setting2_smooth_nonlinear_n1500,nonlinear,11,1500,50,,0.3,R,gbm_coxph,Boosting,0.1813301019935892,0.6862927848304676,0.4909999999999854,success,
setting2_smooth_nonlinear_n1500,nonlinear,12,1500,50,,0.3,R,survival_coxph,CoxPH,0.1808458614270048,0.6144985305543357,0.0300000000002,success,
setting2_smooth_nonlinear_n1500,nonlinear,12,1500,50,,0.3,R,randomForestSRC_rfsrc,RSF,0.1655786894440079,0.6852683849609837,0.5670000000000073,success,
setting2_smooth_nonlinear_n1500,nonlinear,12,1500,50,,0.3,R,gbm_coxph,Boosting,0.1563248959561129,0.6929703070634733,0.4780000000000655,success,
setting2_smooth_nonlinear_n1500,nonlinear,13,1500,50,,0.3,R,survival_coxph,CoxPH,0.1928885112611498,0.6198149226687375,0.0289999999999963,success,
setting2_smooth_nonlinear_n1500,nonlinear,13,1500,50,,0.3,R,randomForestSRC_rfsrc,RSF,0.1828226024534373,0.6836860156603896,0.5930000000000746,success,
setting2_smooth_nonlinear_n1500,nonlinear,13,1500,50,,0.3,R,gbm_coxph,Boosting,0.213732963651521,0.6912573610302206,0.4690000000000509,success,
setting2_smooth_nonlinear_n1500,nonlinear,14,1500,50,,0.3,R,survival_coxph,CoxPH,0.1960026221195824,0.613546657024918,0.0320000000001527,success,
setting2_smooth_nonlinear_n1500,nonlinear,14,1500,50,,0.3,R,randomForestSRC_rfsrc,RSF,0.177890230658176,0.6622676187893579,0.5769999999999982,success,
setting2_smooth_nonlinear_n1500,nonlinear,14,1500,50,,0.3,R,gbm_coxph,Boosting,0.1706501091628882,0.6850161197987286,0.4689999999998235,success,
setting2_smooth_nonlinear_n1500,nonlinear,15,1500,50,,0.3,R,survival_coxph,CoxPH,0.2035275841184567,0.6145655238609437,0.0289999999999963,success,
setting2_smooth_nonlinear_n1500,nonlinear,15,1500,50,,0.3,R,randomForestSRC_rfsrc,RSF,0.1882572383968975,0.6805843006688863,0.5609999999999218,success,
setting2_smooth_nonlinear_n1500,nonlinear,15,1500,50,,0.3,R,gbm_coxph,Boosting,0.1950937074354786,0.6846336122859114,0.4790000000000418,success,
setting2_smooth_nonlinear_n1500,nonlinear,16,1500,50,,0.3,R,survival_coxph,CoxPH,0.1941998005241669,0.6231417325396051,0.0299999999999727,success,
setting2_smooth_nonlinear_n1500,nonlinear,16,1500,50,,0.3,R,randomForestSRC_rfsrc,RSF,0.1765646649558042,0.6941869164958849,0.5529999999998836,success,
setting2_smooth_nonlinear_n1500,nonlinear,16,1500,50,,0.3,R,gbm_coxph,Boosting,0.1892519876578193,0.7216421066328356,0.4929999999999381,success,
setting2_smooth_nonlinear_n1500,nonlinear,17,1500,50,,0.3,R,survival_coxph,CoxPH,0.1894468004367019,0.5966981132075472,0.0289999999999963,success,
setting2_smooth_nonlinear_n1500,nonlinear,17,1500,50,,0.3,R,randomForestSRC_rfsrc,RSF,0.1766934798161707,0.6794391315585423,0.5649999999998272,success,
setting2_smooth_nonlinear_n1500,nonlinear,17,1500,50,,0.3,R,gbm_coxph,Boosting,0.2437833190158254,0.6933639183251487,0.474999999999909,success,
setting2_smooth_nonlinear_n1500,nonlinear,18,1500,50,,0.3,R,survival_coxph,CoxPH,0.1882371846074189,0.5781132075471698,0.0289999999999963,success,
setting2_smooth_nonlinear_n1500,nonlinear,18,1500,50,,0.3,R,randomForestSRC_rfsrc,RSF,0.1780207313691378,0.6488679245283019,0.6000000000001364,success,
setting2_smooth_nonlinear_n1500,nonlinear,18,1500,50,,0.3,R,gbm_coxph,Boosting,0.1777814279465385,0.6445911949685534,0.4670000000000982,success,
setting2_smooth_nonlinear_n1500,nonlinear,19,1500,50,,0.3,R,survival_coxph,CoxPH,0.1972931131925222,0.6399723333233092,0.0299999999999727,success,
setting2_smooth_nonlinear_n1500,nonlinear,19,1500,50,,0.3,R,randomForestSRC_rfsrc,RSF,0.1848737580645973,0.7075151114185186,0.5800000000001546,success,
setting2_smooth_nonlinear_n1500,nonlinear,19,1500,50,,0.3,R,gbm_coxph,Boosting,0.2013861602206238,0.7051995308693952,0.4919999999999618,success,
setting2_smooth_nonlinear_n1500,nonlinear,20,1500,50,,0.3,R,survival_coxph,CoxPH,0.1915928090467751,0.6147556630185798,0.0289999999999963,success,
setting2_smooth_nonlinear_n1500,nonlinear,20,1500,50,,0.3,R,randomForestSRC_rfsrc,RSF,0.1742465397339122,0.706604734029015,0.5650000000000546,success,
setting2_smooth_nonlinear_n1500,nonlinear,20,1500,50,,0.3,R,gbm_coxph,Boosting,0.1702697879616526,0.7044413336726902,0.47400000000016,success,
setting2_smooth_nonlinear_n1500,nonlinear,21,1500,50,,0.3,R,survival_coxph,CoxPH,0.2049897600965451,0.5992890108519396,0.0289999999999963,success,
setting2_smooth_nonlinear_n1500,nonlinear,21,1500,50,,0.3,R,randomForestSRC_rfsrc,RSF,0.1885903138622197,0.668704003991518,0.6259999999999764,success,
setting2_smooth_nonlinear_n1500,nonlinear,21,1500,50,,0.3,R,gbm_coxph,Boosting,0.19627436450756,0.6807097417986778,0.4739999999999327,success,
setting2_smooth_nonlinear_n1500,nonlinear,22,1500,50,,0.3,R,survival_coxph,CoxPH,0.1820035548879792,0.6256183804243169,0.0539999999998599,success,
setting2_smooth_nonlinear_n1500,nonlinear,22,1500,50,,0.3,R,randomForestSRC_rfsrc,RSF,0.172723019977202,0.6864105714001129,0.8299999999999272,success,
setting2_smooth_nonlinear_n1500,nonlinear,22,1500,50,,0.3,R,gbm_coxph,Boosting,0.1610502928097979,0.6982303529333643,0.4909999999999854,success,
setting2_smooth_nonlinear_n1500,nonlinear,23,1500,50,,0.3,R,survival_coxph,CoxPH,0.1809373199516083,0.6382891801011911,0.0350000000000818,success,
setting2_smooth_nonlinear_n1500,nonlinear,23,1500,50,,0.3,R,randomForestSRC_rfsrc,RSF,0.1739881400708722,0.6789855755633072,0.7870000000000346,success,
setting2_smooth_nonlinear_n1500,nonlinear,23,1500,50,,0.3,R,gbm_coxph,Boosting,0.166970706524055,0.6900160271518808,0.4969999999998435,success,
setting2_smooth_nonlinear_n1500,nonlinear,24,1500,50,,0.3,R,survival_coxph,CoxPH,0.1990733606213177,0.6048147670065832,0.0299999999999727,success,
setting2_smooth_nonlinear_n1500,nonlinear,24,1500,50,,0.3,R,randomForestSRC_rfsrc,RSF,0.1851316242871704,0.6794888343875048,0.7479999999998199,success,
setting2_smooth_nonlinear_n1500,nonlinear,24,1500,50,,0.3,R,gbm_coxph,Boosting,0.2326789931630473,0.6912030463405189,0.4819999999999709,success,
setting2_smooth_nonlinear_n1500,nonlinear,25,1500,50,,0.3,R,survival_coxph,CoxPH,0.1855950649264942,0.6426504899673355,0.0299999999999727,success,
setting2_smooth_nonlinear_n1500,nonlinear,25,1500,50,,0.3,R,randomForestSRC_rfsrc,RSF,0.1766273253428394,0.7071706330689065,0.7250000000001364,success,
setting2_smooth_nonlinear_n1500,nonlinear,25,1500,50,,0.3,R,gbm_coxph,Boosting,0.1577739410248549,0.7225696064706797,0.47199999999998,success,
setting2_smooth_nonlinear_n1500,nonlinear,26,1500,50,,0.3,R,survival_coxph,CoxPH,0.2069138482013925,0.5983671551496286,0.030999999999949,success,
setting2_smooth_nonlinear_n1500,nonlinear,26,1500,50,,0.3,R,randomForestSRC_rfsrc,RSF,0.1919004679130344,0.6763090658130452,0.7640000000001237,success,
setting2_smooth_nonlinear_n1500,nonlinear,26,1500,50,,0.3,R,gbm_coxph,Boosting,0.1813246740646853,0.6876743707967461,0.4729999999999563,success,
setting2_smooth_nonlinear_n1500,nonlinear,27,1500,50,,0.3,R,survival_coxph,CoxPH,0.188437778796947,0.6034620932841801,0.0300000000002,success,
setting2_smooth_nonlinear_n1500,nonlinear,27,1500,50,,0.3,R,randomForestSRC_rfsrc,RSF,0.1775841101079217,0.6804295560185927,0.7419999999999618,success,
setting2_smooth_nonlinear_n1500,nonlinear,27,1500,50,,0.3,R,gbm_coxph,Boosting,0.1915813758198246,0.7001442538868409,0.47400000000016,success,
setting2_smooth_nonlinear_n1500,nonlinear,28,1500,50,,0.3,R,survival_coxph,CoxPH,0.1955534275799726,0.6297822775736941,0.0289999999999963,success,
setting2_smooth_nonlinear_n1500,nonlinear,28,1500,50,,0.3,R,randomForestSRC_rfsrc,RSF,0.1824836515329231,0.6775378550309112,0.56899999999996,success,
setting2_smooth_nonlinear_n1500,nonlinear,28,1500,50,,0.3,R,gbm_coxph,Boosting,0.1967978951946241,0.6718633336319924,0.474999999999909,success,
setting2_smooth_nonlinear_n1500,nonlinear,29,1500,50,,0.3,R,survival_coxph,CoxPH,0.2012938876334667,0.605291101604927,0.0289999999999963,success,
setting2_smooth_nonlinear_n1500,nonlinear,29,1500,50,,0.3,R,randomForestSRC_rfsrc,RSF,0.1881623196153876,0.6862049088316495,0.5480000000000018,success,
setting2_smooth_nonlinear_n1500,nonlinear,29,1500,50,,0.3,R,gbm_coxph,Boosting,0.1733265689955559,0.7025272291496011,0.4790000000000418,success,
setting2_smooth_nonlinear_n1500,nonlinear,30,1500,50,,0.3,R,survival_coxph,CoxPH,0.1771010316015809,0.637829536728948,0.0299999999999727,success,
setting2_smooth_nonlinear_n1500,nonlinear,30,1500,50,,0.3,R,randomForestSRC_rfsrc,RSF,0.1763110101631339,0.6849884822114154,0.5659999999998035,success,
setting2_smooth_nonlinear_n1500,nonlinear,30,1500,50,,0.3,R,gbm_coxph,Boosting,0.1772988607691407,0.6982979267980548,0.4800000000000182,success,
setting2_smooth_nonlinear_n1500,nonlinear,31,1500,50,,0.3,R,survival_coxph,CoxPH,0.2050210603280317,0.5936923482386014,0.0299999999999727,success,
setting2_smooth_nonlinear_n1500,nonlinear,31,1500,50,,0.3,R,randomForestSRC_rfsrc,RSF,0.187364896024845,0.6567688658525872,0.5610000000001492,success,
setting2_smooth_nonlinear_n1500,nonlinear,31,1500,50,,0.3,R,gbm_coxph,Boosting,0.2645837825928623,0.6723183694983748,0.4720000000002073,success,
setting2_smooth_nonlinear_n1500,nonlinear,32,1500,50,,0.3,R,survival_coxph,CoxPH,0.1976738518240459,0.6227062463621603,0.0289999999999963,success,
setting2_smooth_nonlinear_n1500,nonlinear,32,1500,50,,0.3,R,randomForestSRC_rfsrc,RSF,0.1866992125376143,0.6869466654412891,0.6159999999999854,success,
setting2_smooth_nonlinear_n1500,nonlinear,32,1500,50,,0.3,R,gbm_coxph,Boosting,0.1708686854114633,0.7161412860337592,0.4670000000000982,success,
setting2_smooth_nonlinear_n1500,nonlinear,33,1500,50,,0.3,R,survival_coxph,CoxPH,0.1985290569739784,0.5926879337873505,0.0299999999999727,success,
setting2_smooth_nonlinear_n1500,nonlinear,33,1500,50,,0.3,R,randomForestSRC_rfsrc,RSF,0.1827767745089892,0.6552184821923165,0.5979999999999563,success,
setting2_smooth_nonlinear_n1500,nonlinear,33,1500,50,,0.3,R,gbm_coxph,Boosting,0.1728140803099308,0.6734986477239402,0.4800000000000182,success,
setting2_smooth_nonlinear_n1500,nonlinear,34,1500,50,,0.3,R,survival_coxph,CoxPH,0.1992077446894991,0.6313463073239609,0.05600000000004,success,
setting2_smooth_nonlinear_n1500,nonlinear,34,1500,50,,0.3,R,randomForestSRC_rfsrc,RSF,0.1887147696725448,0.6881944870771687,0.6389999999998963,success,
setting2_smooth_nonlinear_n1500,nonlinear,34,1500,50,,0.3,R,gbm_coxph,Boosting,0.1786618983795371,0.690680827552336,0.4700000000000273,success,
setting2_smooth_nonlinear_n1500,nonlinear,35,1500,50,,0.3,R,survival_coxph,CoxPH,0.1897847632065633,0.6371306740859467,0.0299999999999727,success,
setting2_smooth_nonlinear_n1500,nonlinear,35,1500,50,,0.3,R,randomForestSRC_rfsrc,RSF,0.1741100848407088,0.7370490216832492,0.7480000000000473,success,
setting2_smooth_nonlinear_n1500,nonlinear,35,1500,50,,0.3,R,gbm_coxph,Boosting,0.1792381732594497,0.7383494118002842,0.4710000000000036,success,
setting2_smooth_nonlinear_n1500,nonlinear,36,1500,50,,0.3,R,survival_coxph,CoxPH,0.2018825197919025,0.588067045978779,0.0289999999999963,success,
setting2_smooth_nonlinear_n1500,nonlinear,36,1500,50,,0.3,R,randomForestSRC_rfsrc,RSF,0.182757853086377,0.6703982777179763,0.7359999999998763,success,
setting2_smooth_nonlinear_n1500,nonlinear,36,1500,50,,0.3,R,gbm_coxph,Boosting,0.2247517110956296,0.6719975395971091,0.4710000000000036,success,
setting2_smooth_nonlinear_n1500,nonlinear,37,1500,50,,0.3,R,survival_coxph,CoxPH,0.201452785820535,0.6054842288793787,0.0289999999999963,success,
setting2_smooth_nonlinear_n1500,nonlinear,37,1500,50,,0.3,R,randomForestSRC_rfsrc,RSF,0.1856756316387424,0.654176573149469,0.6209999999998672,success,
setting2_smooth_nonlinear_n1500,nonlinear,37,1500,50,,0.3,R,gbm_coxph,Boosting,0.1875106652400899,0.6636867966397211,0.4729999999999563,success,
setting2_smooth_nonlinear_n1500,nonlinear,38,1500,50,,0.3,R,survival_coxph,CoxPH,0.1894412547647539,0.6082022695600239,0.0299999999999727,success,
setting2_smooth_nonlinear_n1500,nonlinear,38,1500,50,,0.3,R,randomForestSRC_rfsrc,RSF,0.1788026645651542,0.6950029862631893,0.7619999999999436,success,
setting2_smooth_nonlinear_n1500,nonlinear,38,1500,50,,0.3,R,gbm_coxph,Boosting,0.1985856953537556,0.7057203530426703,0.474999999999909,success,
setting2_smooth_nonlinear_n1500,nonlinear,39,1500,50,,0.3,R,survival_coxph,CoxPH,0.183495843276199,0.6097096774193549,0.0299999999999727,success,
setting2_smooth_nonlinear_n1500,nonlinear,39,1500,50,,0.3,R,randomForestSRC_rfsrc,RSF,0.1721725459715578,0.6772258064516129,0.7729999999999109,success,
setting2_smooth_nonlinear_n1500,nonlinear,39,1500,50,,0.3,R,gbm_coxph,Boosting,0.1509800628481742,0.7218064516129032,0.4779999999998381,success,
setting2_smooth_nonlinear_n1500,nonlinear,40,1500,50,,0.3,R,survival_coxph,CoxPH,0.199491189961526,0.6239057440940161,0.0299999999999727,success,
setting2_smooth_nonlinear_n1500,nonlinear,40,1500,50,,0.3,R,randomForestSRC_rfsrc,RSF,0.1864795693897929,0.6779589878882359,0.5830000000000837,success,
setting2_smooth_nonlinear_n1500,nonlinear,40,1500,50,,0.3,R,gbm_coxph,Boosting,0.183491550186654,0.6731322700563617,0.4760000000001128,success,
setting2_smooth_nonlinear_n1500,nonlinear,41,1500,50,,0.3,R,survival_coxph,CoxPH,0.1863538850320598,0.6217644452882729,0.0299999999999727,success,
setting2_smooth_nonlinear_n1500,nonlinear,41,1500,50,,0.3,R,randomForestSRC_rfsrc,RSF,0.1769608341148135,0.696854629453832,0.6149999999997817,success,
setting2_smooth_nonlinear_n1500,nonlinear,41,1500,50,,0.3,R,gbm_coxph,Boosting,0.1715144953539767,0.6906208467818493,0.4919999999999618,success,
setting2_smooth_nonlinear_n1500,nonlinear,42,1500,50,,0.3,R,survival_coxph,CoxPH,0.1965238411883661,0.6463624623331898,0.0299999999999727,success,
setting2_smooth_nonlinear_n1500,nonlinear,42,1500,50,,0.3,R,randomForestSRC_rfsrc,RSF,0.1864831730662693,0.6704077240022139,0.5979999999999563,success,
setting2_smooth_nonlinear_n1500,nonlinear,42,1500,50,,0.3,R,gbm_coxph,Boosting,0.205664752760371,0.6834450525797922,0.4710000000000036,success,
setting2_smooth_nonlinear_n1500,nonlinear,43,1500,50,,0.3,R,survival_coxph,CoxPH,0.1731388617100211,0.6430879049875389,0.0679999999999836,success,
setting2_smooth_nonlinear_n1500,nonlinear,43,1500,50,,0.3,R,randomForestSRC_rfsrc,RSF,0.1692934338554297,0.7029937540383373,0.7929999999998927,success,
setting2_smooth_nonlinear_n1500,nonlinear,43,1500,50,,0.3,R,gbm_coxph,Boosting,0.150476367776185,0.7351773791575644,0.4739999999999327,success,
setting2_smooth_nonlinear_n1500,nonlinear,44,1500,50,,0.3,R,survival_coxph,CoxPH,0.2074288697414843,0.5883942669743714,0.0289999999999963,success,
setting2_smooth_nonlinear_n1500,nonlinear,44,1500,50,,0.3,R,randomForestSRC_rfsrc,RSF,0.1819907180042511,0.7100388679703632,0.68100000000004,success,
setting2_smooth_nonlinear_n1500,nonlinear,44,1500,50,,0.3,R,gbm_coxph,Boosting,0.210841466907288,0.717053321996842,0.4739999999999327,success,
setting2_smooth_nonlinear_n1500,nonlinear,45,1500,50,,0.3,R,survival_coxph,CoxPH,0.183096098546405,0.6243578624324504,0.0289999999999963,success,
setting2_smooth_nonlinear_n1500,nonlinear,45,1500,50,,0.3,R,randomForestSRC_rfsrc,RSF,0.1694258411009683,0.7074521315631463,0.6610000000000582,success,
setting2_smooth_nonlinear_n1500,nonlinear,45,1500,50,,0.3,R,gbm_coxph,Boosting,0.1666751155361198,0.7066849022616586,0.4670000000000982,success,
setting2_smooth_nonlinear_n1500,nonlinear,46,1500,50,,0.3,R,survival_coxph,CoxPH,0.1723160124591131,0.6318504414055739,0.0289999999999963,success,
setting2_smooth_nonlinear_n1500,nonlinear,46,1500,50,,0.3,R,randomForestSRC_rfsrc,RSF,0.1639976218817421,0.7164618314003808,0.7480000000000473,success,
setting2_smooth_nonlinear_n1500,nonlinear,46,1500,50,,0.3,R,gbm_coxph,Boosting,0.1615122384734192,0.723108880041544,0.474999999999909,success,
setting2_smooth_nonlinear_n1500,nonlinear,47,1500,50,,0.3,R,survival_coxph,CoxPH,0.1987501102710415,0.6035469107551488,0.0289999999999963,success,
setting2_smooth_nonlinear_n1500,nonlinear,47,1500,50,,0.3,R,randomForestSRC_rfsrc,RSF,0.1833729294366857,0.6693664940382994,0.58199999999988,success,
setting2_smooth_nonlinear_n1500,nonlinear,47,1500,50,,0.3,R,gbm_coxph,Boosting,0.182571111782919,0.661206792725521,0.4760000000001128,success,
setting2_smooth_nonlinear_n1500,nonlinear,48,1500,50,,0.3,R,survival_coxph,CoxPH,0.195373614228819,0.6182261560693642,0.0300000000002,success,
setting2_smooth_nonlinear_n1500,nonlinear,48,1500,50,,0.3,R,randomForestSRC_rfsrc,RSF,0.1756600397492806,0.7008971579961465,0.59699999999998,success,
setting2_smooth_nonlinear_n1500,nonlinear,48,1500,50,,0.3,R,gbm_coxph,Boosting,0.1785609664326366,0.7113439306358381,0.4750000000001364,success,
setting2_smooth_nonlinear_n1500,nonlinear,49,1500,50,,0.3,R,survival_coxph,CoxPH,0.1933534089343148,0.6104174670252274,0.0289999999999963,success,
setting2_smooth_nonlinear_n1500,nonlinear,49,1500,50,,0.3,R,randomForestSRC_rfsrc,RSF,0.1780603979311904,0.6788001024458957,0.5440000000000964,success,
setting2_smooth_nonlinear_n1500,nonlinear,49,1500,50,,0.3,R,gbm_coxph,Boosting,0.17850817429736,0.7025227301831221,0.4859999999998763,success,
setting2_smooth_nonlinear_n1500,nonlinear,50,1500,50,,0.3,R,survival_coxph,CoxPH,0.1949274520184727,0.6106268427124728,0.0299999999999727,success,
setting2_smooth_nonlinear_n1500,nonlinear,50,1500,50,,0.3,R,randomForestSRC_rfsrc,RSF,0.1840671259384295,0.6398218177156775,0.6190000000001419,success,
setting2_smooth_nonlinear_n1500,nonlinear,50,1500,50,,0.3,R,gbm_coxph,Boosting,0.2475804847531941,0.6629278297654146,0.4770000000000891,success,
setting1_highdim_s50_n1000,highdim,1,1000,500,50.0,0.3,Python,pycox_CoxPH_DeepSurv,DeepSurv,0.2219508826090098,0.5479670645305419,0.3264861106872558,success,
setting1_highdim_s50_n1000,highdim,2,1000,500,50.0,0.3,Python,pycox_CoxPH_DeepSurv,DeepSurv,0.2163593021114656,0.470034309073655,0.1964595317840576,success,
setting1_highdim_s50_n1000,highdim,3,1000,500,50.0,0.3,Python,pycox_CoxPH_DeepSurv,DeepSurv,0.1935086916831063,0.5385583185316756,0.2396161556243896,success,
setting1_highdim_s50_n1000,highdim,4,1000,500,50.0,0.3,Python,pycox_CoxPH_DeepSurv,DeepSurv,0.2348979052137907,0.5328446964458581,0.2363579273223877,success,
setting1_highdim_s50_n1000,highdim,5,1000,500,50.0,0.3,Python,pycox_CoxPH_DeepSurv,DeepSurv,0.1981677346946077,0.5302581464240372,0.2334785461425781,success,
setting1_highdim_s50_n1000,highdim,6,1000,500,50.0,0.3,Python,pycox_CoxPH_DeepSurv,DeepSurv,0.2322043389942817,0.5321629499084932,0.2310199737548828,success,
setting1_highdim_s50_n1000,highdim,7,1000,500,50.0,0.3,Python,pycox_CoxPH_DeepSurv,DeepSurv,0.2171334229449886,0.5479916536254564,0.2298321723937988,success,
setting1_highdim_s50_n1000,highdim,8,1000,500,50.0,0.3,Python,pycox_CoxPH_DeepSurv,DeepSurv,0.2124189125220772,0.5678517447591509,0.2459049224853515,success,
setting1_highdim_s50_n1000,highdim,9,1000,500,50.0,0.3,Python,pycox_CoxPH_DeepSurv,DeepSurv,0.2316988726962357,0.5100013335111349,0.1976377964019775,success,
setting1_highdim_s50_n1000,highdim,10,1000,500,50.0,0.3,Python,pycox_CoxPH_DeepSurv,DeepSurv,0.1976314207090112,0.5125266328704724,0.219062328338623,success,
setting1_highdim_s50_n1000,highdim,11,1000,500,50.0,0.3,Python,pycox_CoxPH_DeepSurv,DeepSurv,0.2041053496831353,0.6021880663131753,0.2113780975341797,success,
setting1_highdim_s50_n1000,highdim,12,1000,500,50.0,0.3,Python,pycox_CoxPH_DeepSurv,DeepSurv,0.2192520156378883,0.5169677978531902,0.2070412635803222,success,
setting1_highdim_s50_n1000,highdim,13,1000,500,50.0,0.3,Python,pycox_CoxPH_DeepSurv,DeepSurv,0.2242400784656868,0.5042957042957043,0.2300214767456054,success,
setting1_highdim_s50_n1000,highdim,14,1000,500,50.0,0.3,Python,pycox_CoxPH_DeepSurv,DeepSurv,0.2422341947747247,0.4929092382495948,0.2096786499023437,success,
setting1_highdim_s50_n1000,highdim,15,1000,500,50.0,0.3,Python,pycox_CoxPH_DeepSurv,DeepSurv,0.2182356039653548,0.5575019582710247,0.2695209980010986,success,
setting1_highdim_s50_n1000,highdim,16,1000,500,50.0,0.3,Python,pycox_CoxPH_DeepSurv,DeepSurv,0.2411767151923574,0.5110727086533539,0.2320055961608886,success,
setting1_highdim_s50_n1000,highdim,17,1000,500,50.0,0.3,Python,pycox_CoxPH_DeepSurv,DeepSurv,0.2128331367517192,0.5158270474137931,0.243027925491333,success,
setting1_highdim_s50_n1000,highdim,18,1000,500,50.0,0.3,Python,pycox_CoxPH_DeepSurv,DeepSurv,0.2062335579576079,0.5294157562597543,0.2322261333465576,success,
setting1_highdim_s50_n1000,highdim,19,1000,500,50.0,0.3,Python,pycox_CoxPH_DeepSurv,DeepSurv,0.1894924110481903,0.554238032498902,0.2243328094482422,success,
setting1_highdim_s50_n1000,highdim,20,1000,500,50.0,0.3,Python,pycox_CoxPH_DeepSurv,DeepSurv,0.2327847751872717,0.5019626421223606,0.2459650039672851,success,
setting1_highdim_s50_n1000,highdim,21,1000,500,50.0,0.3,Python,pycox_CoxPH_DeepSurv,DeepSurv,0.2357439853964558,0.4364747986877423,0.2071163654327392,success,
setting1_highdim_s50_n1000,highdim,22,1000,500,50.0,0.3,Python,pycox_CoxPH_DeepSurv,DeepSurv,0.2178572929159575,0.5767392458842273,0.2072219848632812,success,
setting1_highdim_s50_n1000,highdim,23,1000,500,50.0,0.3,Python,pycox_CoxPH_DeepSurv,DeepSurv,0.2288458089387617,0.5346445558555084,0.206636905670166,success,
setting1_highdim_s50_n1000,highdim,24,1000,500,50.0,0.3,Python,pycox_CoxPH_DeepSurv,DeepSurv,0.2008508842770373,0.5286369259879193,0.2214827537536621,success,
setting1_highdim_s50_n1000,highdim,25,1000,500,50.0,0.3,Python,pycox_CoxPH_DeepSurv,DeepSurv,0.2182887709452023,0.4790121625630377,0.2289509773254394,success,
setting1_highdim_s50_n1000,highdim,26,1000,500,50.0,0.3,Python,pycox_CoxPH_DeepSurv,DeepSurv,0.2382037334605222,0.4893140517020732,0.2052924633026123,success,
setting1_highdim_s50_n1000,highdim,27,1000,500,50.0,0.3,Python,pycox_CoxPH_DeepSurv,DeepSurv,0.2235133980905666,0.470548951515961,0.2417163848876953,success,
setting1_highdim_s50_n1000,highdim,28,1000,500,50.0,0.3,Python,pycox_CoxPH_DeepSurv,DeepSurv,0.2297714573643557,0.5507698709945901,0.2434072494506836,success,
setting1_highdim_s50_n1000,highdim,29,1000,500,50.0,0.3,Python,pycox_CoxPH_DeepSurv,DeepSurv,0.2107226100957785,0.4854150558796654,0.207637071609497,success,
setting1_highdim_s50_n1000,highdim,30,1000,500,50.0,0.3,Python,pycox_CoxPH_DeepSurv,DeepSurv,0.2102081900203657,0.5581031045286243,0.2196292877197265,success,
setting1_highdim_s50_n1000,highdim,31,1000,500,50.0,0.3,Python,pycox_CoxPH_DeepSurv,DeepSurv,0.2151998865052259,0.5463753436550427,0.2301921844482422,success,
setting1_highdim_s50_n1000,highdim,32,1000,500,50.0,0.3,Python,pycox_CoxPH_DeepSurv,DeepSurv,0.2228815670097973,0.5244976140869682,0.2422685623168945,success,
setting1_highdim_s50_n1000,highdim,33,1000,500,50.0,0.3,Python,pycox_CoxPH_DeepSurv,DeepSurv,0.196948793794558,0.5357044578976334,0.2401883602142334,success,
setting1_highdim_s50_n1000,highdim,34,1000,500,50.0,0.3,Python,pycox_CoxPH_DeepSurv,DeepSurv,0.2326261225100039,0.497659700705386,0.2518305778503418,success,
setting1_highdim_s50_n1000,highdim,35,1000,500,50.0,0.3,Python,pycox_CoxPH_DeepSurv,DeepSurv,0.2114268988569055,0.4943592057761732,0.2396090030670166,success,
setting1_highdim_s50_n1000,highdim,36,1000,500,50.0,0.3,Python,pycox_CoxPH_DeepSurv,DeepSurv,0.2149278224190531,0.4963446100917431,0.2432520389556884,success,
setting1_highdim_s50_n1000,highdim,37,1000,500,50.0,0.3,Python,pycox_CoxPH_DeepSurv,DeepSurv,0.2197149575585267,0.5088639909232733,0.2138991355895996,success,
setting1_highdim_s50_n1000,highdim,38,1000,500,50.0,0.3,Python,pycox_CoxPH_DeepSurv,DeepSurv,0.2129824836840787,0.5157437567861021,0.2368595600128173,success,
setting1_highdim_s50_n1000,highdim,39,1000,500,50.0,0.3,Python,pycox_CoxPH_DeepSurv,DeepSurv,0.2189127218242845,0.5324666621992897,0.2147226333618164,success,
setting1_highdim_s50_n1000,highdim,40,1000,500,50.0,0.3,Python,pycox_CoxPH_DeepSurv,DeepSurv,0.2236085066034945,0.5396341463414634,0.2430775165557861,success,
setting1_highdim_s50_n1000,highdim,41,1000,500,50.0,0.3,Python,pycox_CoxPH_DeepSurv,DeepSurv,0.216311613885863,0.5436720142602496,0.2251350879669189,success,
setting1_highdim_s50_n1000,highdim,42,1000,500,50.0,0.3,Python,pycox_CoxPH_DeepSurv,DeepSurv,0.2553896820201708,0.464283129478179,0.2565722465515136,success,
setting1_highdim_s50_n1000,highdim,43,1000,500,50.0,0.3,Python,pycox_CoxPH_DeepSurv,DeepSurv,0.2109852667959473,0.5495532931643465,0.2227942943572998,success,
setting1_highdim_s50_n1000,highdim,44,1000,500,50.0,0.3,Python,pycox_CoxPH_DeepSurv,DeepSurv,0.226106107534811,0.5065057008718981,0.2232260704040527,success,
setting1_highdim_s50_n1000,highdim,45,1000,500,50.0,0.3,Python,pycox_CoxPH_DeepSurv,DeepSurv,0.2012256107834295,0.5492396813902969,0.2555413246154785,success,
setting1_highdim_s50_n1000,highdim,46,1000,500,50.0,0.3,Python,pycox_CoxPH_DeepSurv,DeepSurv,0.2402469077365067,0.449312242090784,0.2475466728210449,success,
setting1_highdim_s50_n1000,highdim,47,1000,500,50.0,0.3,Python,pycox_CoxPH_DeepSurv,DeepSurv,0.2005226461316043,0.5532746128711464,0.2479321956634521,success,
setting1_highdim_s50_n1000,highdim,48,1000,500,50.0,0.3,Python,pycox_CoxPH_DeepSurv,DeepSurv,0.2024245849984096,0.573450977809969,0.2442829608917236,success,
setting1_highdim_s50_n1000,highdim,49,1000,500,50.0,0.3,Python,pycox_CoxPH_DeepSurv,DeepSurv,0.2197026340942187,0.5025153717160424,0.2793464660644531,success,
setting1_highdim_s50_n1000,highdim,50,1000,500,50.0,0.3,Python,pycox_CoxPH_DeepSurv,DeepSurv,0.2327678889781104,0.5004984334947309,0.2612426280975342,success,
setting1_highdim_s50_n1500,highdim,1,1500,500,50.0,0.3,Python,pycox_CoxPH_DeepSurv,DeepSurv,0.2063552189472613,0.5774834437086093,0.3501129150390625,success,
setting1_highdim_s50_n1500,highdim,2,1500,500,50.0,0.3,Python,pycox_CoxPH_DeepSurv,DeepSurv,0.2111873218828941,0.5275938189845475,0.3234262466430664,success,
setting1_highdim_s50_n1500,highdim,3,1500,500,50.0,0.3,Python,pycox_CoxPH_DeepSurv,DeepSurv,0.2115667879751188,0.5326834519466539,0.3503313064575195,success,
setting1_highdim_s50_n1500,highdim,4,1500,500,50.0,0.3,Python,pycox_CoxPH_DeepSurv,DeepSurv,0.2192119568731053,0.574633571937653,0.4789738655090332,success,
setting1_highdim_s50_n1500,highdim,5,1500,500,50.0,0.3,Python,pycox_CoxPH_DeepSurv,DeepSurv,0.208326337784427,0.5575296108291032,0.414614200592041,success,
setting1_highdim_s50_n1500,highdim,6,1500,500,50.0,0.3,Python,pycox_CoxPH_DeepSurv,DeepSurv,0.216563972830749,0.5426689576174112,0.3712625503540039,success,
setting1_highdim_s50_n1500,highdim,7,1500,500,50.0,0.3,Python,pycox_CoxPH_DeepSurv,DeepSurv,0.2215347064783887,0.5648955468429985,0.3757572174072265,success,
setting1_highdim_s50_n1500,highdim,8,1500,500,50.0,0.3,Python,pycox_CoxPH_DeepSurv,DeepSurv,0.2173080917933961,0.5511566243028253,0.3884508609771728,success,
setting1_highdim_s50_n1500,highdim,9,1500,500,50.0,0.3,Python,pycox_CoxPH_DeepSurv,DeepSurv,0.2128753199987471,0.5395605043006951,0.3391904830932617,success,
setting1_highdim_s50_n1500,highdim,10,1500,500,50.0,0.3,Python,pycox_CoxPH_DeepSurv,DeepSurv,0.2009662095149179,0.5456372518706326,0.3410513401031494,success,
setting1_highdim_s50_n1500,highdim,11,1500,500,50.0,0.3,Python,pycox_CoxPH_DeepSurv,DeepSurv,0.210070228524274,0.5782152069770299,0.4620678424835205,success,
setting1_highdim_s50_n1500,highdim,12,1500,500,50.0,0.3,Python,pycox_CoxPH_DeepSurv,DeepSurv,0.2093175053114329,0.5589443354585582,0.3844773769378662,success,
setting1_highdim_s50_n1500,highdim,13,1500,500,50.0,0.3,Python,pycox_CoxPH_DeepSurv,DeepSurv,0.2077395971885305,0.5750166070920191,0.3390426635742187,success,
setting1_highdim_s50_n1500,highdim,14,1500,500,50.0,0.3,Python,pycox_CoxPH_DeepSurv,DeepSurv,0.2033039754209336,0.5441778630838132,0.3965029716491699,success,
setting1_highdim_s50_n1500,highdim,15,1500,500,50.0,0.3,Python,pycox_CoxPH_DeepSurv,DeepSurv,0.2089935969733728,0.5186843307446323,0.3474354743957519,success,
setting1_highdim_s50_n1500,highdim,16,1500,500,50.0,0.3,Python,pycox_CoxPH_DeepSurv,DeepSurv,0.2004687316526832,0.5543635924090414,0.374377965927124,success,
setting1_highdim_s50_n1500,highdim,17,1500,500,50.0,0.3,Python,pycox_CoxPH_DeepSurv,DeepSurv,0.2176363509874502,0.5300358870338586,0.3939709663391113,success,
setting1_highdim_s50_n1500,highdim,18,1500,500,50.0,0.3,Python,pycox_CoxPH_DeepSurv,DeepSurv,0.2028553727874356,0.5608529658254958,0.4271419048309326,success,
setting1_highdim_s50_n1500,highdim,19,1500,500,50.0,0.3,Python,pycox_CoxPH_DeepSurv,DeepSurv,0.205683506678814,0.548906610180051,0.3767087459564209,success,
setting1_highdim_s50_n1500,highdim,20,1500,500,50.0,0.3,Python,pycox_CoxPH_DeepSurv,DeepSurv,0.2041916858636533,0.5500868917576961,0.3447144031524658,success,
setting1_highdim_s50_n1500,highdim,21,1500,500,50.0,0.3,Python,pycox_CoxPH_DeepSurv,DeepSurv,0.2117343725221424,0.5488115978098557,0.403195858001709,success,
setting1_highdim_s50_n1500,highdim,22,1500,500,50.0,0.3,Python,pycox_CoxPH_DeepSurv,DeepSurv,0.2057245178486153,0.581139828489757,0.4216871261596679,success,
setting1_highdim_s50_n1500,highdim,23,1500,500,50.0,0.3,Python,pycox_CoxPH_DeepSurv,DeepSurv,0.2156143414210328,0.5454958915739365,0.3914878368377685,success,
setting1_highdim_s50_n1500,highdim,24,1500,500,50.0,0.3,Python,pycox_CoxPH_DeepSurv,DeepSurv,0.2042880191312601,0.601720325892722,0.4749414920806885,success,
setting1_highdim_s50_n1500,highdim,25,1500,500,50.0,0.3,Python,pycox_CoxPH_DeepSurv,DeepSurv,0.2080270586328401,0.5346971769680388,0.3747012615203857,success,
setting1_highdim_s50_n1500,highdim,26,1500,500,50.0,0.3,Python,pycox_CoxPH_DeepSurv,DeepSurv,0.2093030564324713,0.5556367890042404,0.4091622829437256,success,
setting1_highdim_s50_n1500,highdim,27,1500,500,50.0,0.3,Python,pycox_CoxPH_DeepSurv,DeepSurv,0.2243823095045826,0.5394016994529158,0.4450242519378662,success,
setting1_highdim_s50_n1500,highdim,28,1500,500,50.0,0.3,Python,pycox_CoxPH_DeepSurv,DeepSurv,0.2122570512368232,0.5187183915135068,0.3720760345458984,success,
setting1_highdim_s50_n1500,highdim,29,1500,500,50.0,0.3,Python,pycox_CoxPH_DeepSurv,DeepSurv,0.2102096670262975,0.5336541265675124,0.3331198692321777,success,
setting1_highdim_s50_n1500,highdim,30,1500,500,50.0,0.3,Python,pycox_CoxPH_DeepSurv,DeepSurv,0.226595351028456,0.555660992823676,0.3257772922515869,success,
setting1_highdim_s50_n1500,highdim,31,1500,500,50.0,0.3,Python,pycox_CoxPH_DeepSurv,DeepSurv,0.204972561847134,0.5427596439169139,0.3905963897705078,success,
setting1_highdim_s50_n1500,highdim,32,1500,500,50.0,0.3,Python,pycox_CoxPH_DeepSurv,DeepSurv,0.2059800743105347,0.5631178479420047,0.3571112155914306,success,
setting1_highdim_s50_n1500,highdim,33,1500,500,50.0,0.3,Python,pycox_CoxPH_DeepSurv,DeepSurv,0.2069668904843553,0.5829176673440483,0.3905456066131592,success,
setting1_highdim_s50_n1500,highdim,34,1500,500,50.0,0.3,Python,pycox_CoxPH_DeepSurv,DeepSurv,0.2077535018494817,0.5857553692712476,0.3576693534851074,success,
setting1_highdim_s50_n1500,highdim,35,1500,500,50.0,0.3,Python,pycox_CoxPH_DeepSurv,DeepSurv,0.2142988956588287,0.5354586265469546,0.3307197093963623,success,
setting1_highdim_s50_n1500,highdim,36,1500,500,50.0,0.3,Python,pycox_CoxPH_DeepSurv,DeepSurv,0.2093532523535567,0.5198268555515195,0.3427267074584961,success,
setting1_highdim_s50_n1500,highdim,37,1500,500,50.0,0.3,Python,pycox_CoxPH_DeepSurv,DeepSurv,0.206572701298314,0.5400479776104484,0.357290506362915,success,
setting1_highdim_s50_n1500,highdim,38,1500,500,50.0,0.3,Python,pycox_CoxPH_DeepSurv,DeepSurv,0.190482243025618,0.540225627209968,0.3104565143585205,success,
setting1_highdim_s50_n1500,highdim,39,1500,500,50.0,0.3,Python,pycox_CoxPH_DeepSurv,DeepSurv,0.2189363732578966,0.4929568607722299,0.3577499389648437,success,
setting1_highdim_s50_n1500,highdim,40,1500,500,50.0,0.3,Python,pycox_CoxPH_DeepSurv,DeepSurv,0.2158364041082323,0.5269818093326033,0.3289306163787842,success,
setting1_highdim_s50_n1500,highdim,41,1500,500,50.0,0.3,Python,pycox_CoxPH_DeepSurv,DeepSurv,0.2098474721158008,0.5226122501946535,0.3100266456604004,success,
setting1_highdim_s50_n1500,highdim,42,1500,500,50.0,0.3,Python,pycox_CoxPH_DeepSurv,DeepSurv,0.2021179108449253,0.5419167233805605,0.3253288269042969,success,
setting1_highdim_s50_n1500,highdim,43,1500,500,50.0,0.3,Python,pycox_CoxPH_DeepSurv,DeepSurv,0.2019654953876557,0.5629984051036683,0.3427567481994629,success,
setting1_highdim_s50_n1500,highdim,44,1500,500,50.0,0.3,Python,pycox_CoxPH_DeepSurv,DeepSurv,0.2482959871892323,0.5141014398461147,0.3755757808685303,success,
setting1_highdim_s50_n1500,highdim,45,1500,500,50.0,0.3,Python,pycox_CoxPH_DeepSurv,DeepSurv,0.1954666098806758,0.5569526627218935,0.3746075630187988,success,
setting1_highdim_s50_n1500,highdim,46,1500,500,50.0,0.3,Python,pycox_CoxPH_DeepSurv,DeepSurv,0.2372219180776741,0.5078824531016058,0.3748602867126465,success,
setting1_highdim_s50_n1500,highdim,47,1500,500,50.0,0.3,Python,pycox_CoxPH_DeepSurv,DeepSurv,0.2138484308027484,0.5538724130573928,0.3593149185180664,success,
setting1_highdim_s50_n1500,highdim,48,1500,500,50.0,0.3,Python,pycox_CoxPH_DeepSurv,DeepSurv,0.2071901673560414,0.5343947810360419,0.3412251472473144,success,
setting1_highdim_s50_n1500,highdim,49,1500,500,50.0,0.3,Python,pycox_CoxPH_DeepSurv,DeepSurv,0.2239810263338625,0.5242567464552523,0.3755981922149658,success,
setting1_highdim_s50_n1500,highdim,50,1500,500,50.0,0.3,Python,pycox_CoxPH_DeepSurv,DeepSurv,0.2130088084938225,0.5224803354451688,0.3416097164154053,success,
setting2_smooth_nonlinear_n1000,nonlinear,1,1000,50,,0.3,Python,pycox_CoxPH_DeepSurv,DeepSurv,0.1849505829337661,0.5794505994839885,0.4228084087371826,success,
setting2_smooth_nonlinear_n1000,nonlinear,2,1000,50,,0.3,Python,pycox_CoxPH_DeepSurv,DeepSurv,0.2027922806354636,0.6119524067063278,0.5457370281219482,success,
setting2_smooth_nonlinear_n1000,nonlinear,3,1000,50,,0.3,Python,pycox_CoxPH_DeepSurv,DeepSurv,0.2016432726598536,0.5759460472086924,0.3326950073242187,success,
setting2_smooth_nonlinear_n1000,nonlinear,4,1000,50,,0.3,Python,pycox_CoxPH_DeepSurv,DeepSurv,0.1987251090864329,0.5829373492214344,0.5064384937286377,success,
setting2_smooth_nonlinear_n1000,nonlinear,5,1000,50,,0.3,Python,pycox_CoxPH_DeepSurv,DeepSurv,0.2111690077937849,0.5965138799225307,0.3500642776489258,success,
setting2_smooth_nonlinear_n1000,nonlinear,6,1000,50,,0.3,Python,pycox_CoxPH_DeepSurv,DeepSurv,0.1775609308812833,0.6249366447034972,0.4083552360534668,success,
setting2_smooth_nonlinear_n1000,nonlinear,7,1000,50,,0.3,Python,pycox_CoxPH_DeepSurv,DeepSurv,0.1829069593152735,0.61650558743582,0.2854070663452148,success,
setting2_smooth_nonlinear_n1000,nonlinear,8,1000,50,,0.3,Python,pycox_CoxPH_DeepSurv,DeepSurv,0.1843917933136025,0.6179234972677595,0.469935655593872,success,
setting2_smooth_nonlinear_n1000,nonlinear,9,1000,50,,0.3,Python,pycox_CoxPH_DeepSurv,DeepSurv,0.2117777373458831,0.5336416335569596,0.3344495296478271,success,
setting2_smooth_nonlinear_n1000,nonlinear,10,1000,50,,0.3,Python,pycox_CoxPH_DeepSurv,DeepSurv,0.2127474456894064,0.560236114837671,0.3165657520294189,success,
setting2_smooth_nonlinear_n1000,nonlinear,11,1000,50,,0.3,Python,pycox_CoxPH_DeepSurv,DeepSurv,0.2012631501413987,0.6097902097902098,0.5093090534210205,success,
setting2_smooth_nonlinear_n1000,nonlinear,12,1000,50,,0.3,Python,pycox_CoxPH_DeepSurv,DeepSurv,0.2237088804819606,0.554968287526427,0.2558021545410156,success,
setting2_smooth_nonlinear_n1000,nonlinear,13,1000,50,,0.3,Python,pycox_CoxPH_DeepSurv,DeepSurv,0.2182566432339335,0.5630140452992535,0.3171918392181396,success,
setting2_smooth_nonlinear_n1000,nonlinear,14,1000,50,,0.3,Python,pycox_CoxPH_DeepSurv,DeepSurv,0.197788704132949,0.5877616747181964,0.3851943016052246,success,
setting2_smooth_nonlinear_n1000,nonlinear,15,1000,50,,0.3,Python,pycox_CoxPH_DeepSurv,DeepSurv,0.1920709292698748,0.5703731343283582,0.327526330947876,success,
setting2_smooth_nonlinear_n1000,nonlinear,16,1000,50,,0.3,Python,pycox_CoxPH_DeepSurv,DeepSurv,0.2048508946071136,0.5843688685415304,0.4158005714416504,success,
setting2_smooth_nonlinear_n1000,nonlinear,17,1000,50,,0.3,Python,pycox_CoxPH_DeepSurv,DeepSurv,0.2110194325722437,0.573094922120556,0.3260915279388428,success,
setting2_smooth_nonlinear_n1000,nonlinear,18,1000,50,,0.3,Python,pycox_CoxPH_DeepSurv,DeepSurv,0.2077363884067106,0.6029040834412707,0.5232152938842773,success,
setting2_smooth_nonlinear_n1000,nonlinear,19,1000,50,,0.3,Python,pycox_CoxPH_DeepSurv,DeepSurv,0.1981096271181042,0.6203056027164686,0.5939681529998779,success,
setting2_smooth_nonlinear_n1000,nonlinear,20,1000,50,,0.3,Python,pycox_CoxPH_DeepSurv,DeepSurv,0.2092442850131871,0.5581488664482044,0.3958973884582519,success,
setting2_smooth_nonlinear_n1000,nonlinear,21,1000,50,,0.3,Python,pycox_CoxPH_DeepSurv,DeepSurv,0.2012054121720152,0.5856576428766749,0.4701483249664306,success,
setting2_smooth_nonlinear_n1000,nonlinear,22,1000,50,,0.3,Python,pycox_CoxPH_DeepSurv,DeepSurv,0.202245073445992,0.5765628403397952,0.3934352397918701,success,
setting2_smooth_nonlinear_n1000,nonlinear,23,1000,50,,0.3,Python,pycox_CoxPH_DeepSurv,DeepSurv,0.1965911189846608,0.6212141698215251,0.4084236621856689,success,
setting2_smooth_nonlinear_n1000,nonlinear,24,1000,50,,0.3,Python,pycox_CoxPH_DeepSurv,DeepSurv,0.2061783867068419,0.5978180844655645,0.4477274417877197,success,
setting2_smooth_nonlinear_n1000,nonlinear,25,1000,50,,0.3,Python,pycox_CoxPH_DeepSurv,DeepSurv,0.1936634747259647,0.6116658632325598,0.3260805606842041,success,
setting2_smooth_nonlinear_n1000,nonlinear,26,1000,50,,0.3,Python,pycox_CoxPH_DeepSurv,DeepSurv,0.2051915002187921,0.6066062090421659,0.3945755958557129,success,
setting2_smooth_nonlinear_n1000,nonlinear,27,1000,50,,0.3,Python,pycox_CoxPH_DeepSurv,DeepSurv,0.2014779502467936,0.6212640204177581,0.5708577632904053,success,
setting2_smooth_nonlinear_n1000,nonlinear,28,1000,50,,0.3,Python,pycox_CoxPH_DeepSurv,DeepSurv,0.2010431873346046,0.5578955038985645,0.3448495864868164,success,
setting2_smooth_nonlinear_n1000,nonlinear,29,1000,50,,0.3,Python,pycox_CoxPH_DeepSurv,DeepSurv,0.2123843354134147,0.5785843434005223,0.417414903640747,success,
setting2_smooth_nonlinear_n1000,nonlinear,30,1000,50,,0.3,Python,pycox_CoxPH_DeepSurv,DeepSurv,0.216162501347774,0.5845873233014136,0.4570417404174804,success,
setting2_smooth_nonlinear_n1000,nonlinear,31,1000,50,,0.3,Python,pycox_CoxPH_DeepSurv,DeepSurv,0.202200719684813,0.5929727032998361,0.38600754737854,success,
setting2_smooth_nonlinear_n1000,nonlinear,32,1000,50,,0.3,Python,pycox_CoxPH_DeepSurv,DeepSurv,0.200800128071286,0.6159155501421031,0.3150608539581299,success,
setting2_smooth_nonlinear_n1000,nonlinear,33,1000,50,,0.3,Python,pycox_CoxPH_DeepSurv,DeepSurv,0.1916577335086293,0.5897060871987742,0.3561913967132568,success,
setting2_smooth_nonlinear_n1000,nonlinear,34,1000,50,,0.3,Python,pycox_CoxPH_DeepSurv,DeepSurv,0.19787811276042,0.577639751552795,0.346299409866333,success,
setting2_smooth_nonlinear_n1000,nonlinear,35,1000,50,,0.3,Python,pycox_CoxPH_DeepSurv,DeepSurv,0.2143816415602398,0.5856168873738036,0.2942285537719726,success,
setting2_smooth_nonlinear_n1000,nonlinear,36,1000,50,,0.3,Python,pycox_CoxPH_DeepSurv,DeepSurv,0.2029961663696507,0.5725049758316747,0.3638982772827148,success,
setting2_smooth_nonlinear_n1000,nonlinear,37,1000,50,,0.3,Python,pycox_CoxPH_DeepSurv,DeepSurv,0.1953190616019672,0.6125582072176949,0.312957763671875,success,
setting2_smooth_nonlinear_n1000,nonlinear,38,1000,50,,0.3,Python,pycox_CoxPH_DeepSurv,DeepSurv,0.1863410044743253,0.6272263690784126,0.3615291118621826,success,
setting2_smooth_nonlinear_n1000,nonlinear,39,1000,50,,0.3,Python,pycox_CoxPH_DeepSurv,DeepSurv,0.199289934169463,0.6104693863924685,0.4728932380676269,success,
setting2_smooth_nonlinear_n1000,nonlinear,40,1000,50,,0.3,Python,pycox_CoxPH_DeepSurv,DeepSurv,0.2128526220248799,0.5323750950176215,0.3007721900939941,success,
setting2_smooth_nonlinear_n1000,nonlinear,41,1000,50,,0.3,Python,pycox_CoxPH_DeepSurv,DeepSurv,0.1915662710892228,0.6182855552463122,0.3894073963165283,success,
setting2_smooth_nonlinear_n1000,nonlinear,42,1000,50,,0.3,Python,pycox_CoxPH_DeepSurv,DeepSurv,0.2065848174214867,0.6075905533624212,0.3754129409790039,success,
setting2_smooth_nonlinear_n1000,nonlinear,43,1000,50,,0.3,Python,pycox_CoxPH_DeepSurv,DeepSurv,0.2177646074527109,0.5561355977003899,0.4424192905426025,success,
setting2_smooth_nonlinear_n1000,nonlinear,44,1000,50,,0.3,Python,pycox_CoxPH_DeepSurv,DeepSurv,0.2079793471328458,0.5513128176171654,0.2650182247161865,success,
setting2_smooth_nonlinear_n1000,nonlinear,45,1000,50,,0.3,Python,pycox_CoxPH_DeepSurv,DeepSurv,0.1965146400531061,0.5879567460597922,0.3658428192138672,success,
setting2_smooth_nonlinear_n1000,nonlinear,46,1000,50,,0.3,Python,pycox_CoxPH_DeepSurv,DeepSurv,0.1879688990921434,0.6134031128933596,0.3420367240905761,success,
setting2_smooth_nonlinear_n1000,nonlinear,47,1000,50,,0.3,Python,pycox_CoxPH_DeepSurv,DeepSurv,0.1994397441909134,0.615745947734039,0.2440717220306396,success,
setting2_smooth_nonlinear_n1000,nonlinear,48,1000,50,,0.3,Python,pycox_CoxPH_DeepSurv,DeepSurv,0.2131577766482807,0.5827801110960574,0.3407771587371826,success,
setting2_smooth_nonlinear_n1000,nonlinear,49,1000,50,,0.3,Python,pycox_CoxPH_DeepSurv,DeepSurv,0.1931362880920487,0.6107863604732081,0.375870943069458,success,
setting2_smooth_nonlinear_n1000,nonlinear,50,1000,50,,0.3,Python,pycox_CoxPH_DeepSurv,DeepSurv,0.2058597801832757,0.6247314715359829,0.5120880603790283,success,
setting2_smooth_nonlinear_n1500,nonlinear,1,1500,50,,0.3,Python,pycox_CoxPH_DeepSurv,DeepSurv,0.200142052936326,0.5675188061892239,0.5336487293243408,success,
setting2_smooth_nonlinear_n1500,nonlinear,2,1500,50,,0.3,Python,pycox_CoxPH_DeepSurv,DeepSurv,0.198139562479796,0.6026706048858532,0.5725011825561523,success,
setting2_smooth_nonlinear_n1500,nonlinear,3,1500,50,,0.3,Python,pycox_CoxPH_DeepSurv,DeepSurv,0.1836590250578874,0.612622170781893,0.773465633392334,success,
setting2_smooth_nonlinear_n1500,nonlinear,4,1500,50,,0.3,Python,pycox_CoxPH_DeepSurv,DeepSurv,0.2245208150103315,0.4562745821042281,0.2436432838439941,success,
setting2_smooth_nonlinear_n1500,nonlinear,5,1500,50,,0.3,Python,pycox_CoxPH_DeepSurv,DeepSurv,0.2185949135214011,0.5660787133507469,0.3273112773895263,success,
setting2_smooth_nonlinear_n1500,nonlinear,6,1500,50,,0.3,Python,pycox_CoxPH_DeepSurv,DeepSurv,0.2163368280000129,0.5685819070904645,0.4433932304382324,success,
setting2_smooth_nonlinear_n1500,nonlinear,7,1500,50,,0.3,Python,pycox_CoxPH_DeepSurv,DeepSurv,0.2030378272713697,0.5626999461531152,0.4941945075988769,success,
setting2_smooth_nonlinear_n1500,nonlinear,8,1500,50,,0.3,Python,pycox_CoxPH_DeepSurv,DeepSurv,0.213923704471726,0.5322927548700301,0.270625352859497,success,
setting2_smooth_nonlinear_n1500,nonlinear,9,1500,50,,0.3,Python,pycox_CoxPH_DeepSurv,DeepSurv,0.2050691700708572,0.5953263983114729,0.5194196701049805,success,
setting2_smooth_nonlinear_n1500,nonlinear,10,1500,50,,0.3,Python,pycox_CoxPH_DeepSurv,DeepSurv,0.189234660208221,0.6254556010708641,0.535149335861206,success,
setting2_smooth_nonlinear_n1500,nonlinear,11,1500,50,,0.3,Python,pycox_CoxPH_DeepSurv,DeepSurv,0.2006847911192271,0.6005463602763941,0.50262451171875,success,
setting2_smooth_nonlinear_n1500,nonlinear,12,1500,50,,0.3,Python,pycox_CoxPH_DeepSurv,DeepSurv,0.1762587675120276,0.6172347397223255,0.4893856048583984,success,
setting2_smooth_nonlinear_n1500,nonlinear,13,1500,50,,0.3,Python,pycox_CoxPH_DeepSurv,DeepSurv,0.1940122872825227,0.6104639875752281,0.6264801025390625,success,
setting2_smooth_nonlinear_n1500,nonlinear,14,1500,50,,0.3,Python,pycox_CoxPH_DeepSurv,DeepSurv,0.1974563683474098,0.5880864141733707,0.3939297199249267,success,
setting2_smooth_nonlinear_n1500,nonlinear,15,1500,50,,0.3,Python,pycox_CoxPH_DeepSurv,DeepSurv,0.2064539973288697,0.6070667986442305,0.6072514057159424,success,
setting2_smooth_nonlinear_n1500,nonlinear,16,1500,50,,0.3,Python,pycox_CoxPH_DeepSurv,DeepSurv,0.1919811734552546,0.6199863374646238,0.6423978805541992,success,
setting2_smooth_nonlinear_n1500,nonlinear,17,1500,50,,0.3,Python,pycox_CoxPH_DeepSurv,DeepSurv,0.1917436239269593,0.5938550012923236,0.6015024185180664,success,
setting2_smooth_nonlinear_n1500,nonlinear,18,1500,50,,0.3,Python,pycox_CoxPH_DeepSurv,DeepSurv,0.1885880407399111,0.5858176100628931,0.6700294017791748,success,
setting2_smooth_nonlinear_n1500,nonlinear,19,1500,50,,0.3,Python,pycox_CoxPH_DeepSurv,DeepSurv,0.2046058056137975,0.6062310167503684,0.5728332996368408,success,
setting2_smooth_nonlinear_n1500,nonlinear,20,1500,50,,0.3,Python,pycox_CoxPH_DeepSurv,DeepSurv,0.1903626512462084,0.6215003817765334,0.7548565864562988,success,
setting2_smooth_nonlinear_n1500,nonlinear,21,1500,50,,0.3,Python,pycox_CoxPH_DeepSurv,DeepSurv,0.2017896756590418,0.6046526131969565,0.6618497371673584,success,
setting2_smooth_nonlinear_n1500,nonlinear,22,1500,50,,0.3,Python,pycox_CoxPH_DeepSurv,DeepSurv,0.1877511123602599,0.6119725090474452,0.725710391998291,success,
setting2_smooth_nonlinear_n1500,nonlinear,23,1500,50,,0.3,Python,pycox_CoxPH_DeepSurv,DeepSurv,0.1883671437475935,0.5975613588510732,0.4653005599975586,success,
setting2_smooth_nonlinear_n1500,nonlinear,24,1500,50,,0.3,Python,pycox_CoxPH_DeepSurv,DeepSurv,0.2027930869918029,0.5919710855815155,0.5593287944793701,success,
setting2_smooth_nonlinear_n1500,nonlinear,25,1500,50,,0.3,Python,pycox_CoxPH_DeepSurv,DeepSurv,0.1933390531295792,0.6071239695131435,0.3786904811859131,success,
setting2_smooth_nonlinear_n1500,nonlinear,26,1500,50,,0.3,Python,pycox_CoxPH_DeepSurv,DeepSurv,0.2137394687614295,0.5686763971689525,0.4814329147338867,success,
setting2_smooth_nonlinear_n1500,nonlinear,27,1500,50,,0.3,Python,pycox_CoxPH_DeepSurv,DeepSurv,0.2126587016587964,0.5202436287866645,0.3152682781219482,success,
setting2_smooth_nonlinear_n1500,nonlinear,28,1500,50,,0.3,Python,pycox_CoxPH_DeepSurv,DeepSurv,0.1994409261940057,0.6072633873906161,0.5968830585479736,success,
setting2_smooth_nonlinear_n1500,nonlinear,29,1500,50,,0.3,Python,pycox_CoxPH_DeepSurv,DeepSurv,0.2112850719540968,0.5880282758411456,0.5468063354492188,success,
setting2_smooth_nonlinear_n1500,nonlinear,30,1500,50,,0.3,Python,pycox_CoxPH_DeepSurv,DeepSurv,0.1927946187418009,0.598893012541592,0.5065963268280029,success,
setting2_smooth_nonlinear_n1500,nonlinear,31,1500,50,,0.3,Python,pycox_CoxPH_DeepSurv,DeepSurv,0.2035174744248905,0.5898269349029254,0.7047302722930908,success,
setting2_smooth_nonlinear_n1500,nonlinear,32,1500,50,,0.3,Python,pycox_CoxPH_DeepSurv,DeepSurv,0.2061131143566743,0.616456820757896,0.6289153099060059,success,
setting2_smooth_nonlinear_n1500,nonlinear,33,1500,50,,0.3,Python,pycox_CoxPH_DeepSurv,DeepSurv,0.2028054729341441,0.5777640196813191,0.6208717823028564,success,
setting2_smooth_nonlinear_n1500,nonlinear,34,1500,50,,0.3,Python,pycox_CoxPH_DeepSurv,DeepSurv,0.2021295056584515,0.6046718644484007,0.5500478744506836,success,
setting2_smooth_nonlinear_n1500,nonlinear,35,1500,50,,0.3,Python,pycox_CoxPH_DeepSurv,DeepSurv,0.1943129835402617,0.6320500801403212,0.9304509162902832,success,
setting2_smooth_nonlinear_n1500,nonlinear,36,1500,50,,0.3,Python,pycox_CoxPH_DeepSurv,DeepSurv,0.2000519258707007,0.5867138243887436,0.671649694442749,success,
setting2_smooth_nonlinear_n1500,nonlinear,37,1500,50,,0.3,Python,pycox_CoxPH_DeepSurv,DeepSurv,0.2021657729582584,0.5679822475828182,0.3020954132080078,success,
setting2_smooth_nonlinear_n1500,nonlinear,38,1500,50,,0.3,Python,pycox_CoxPH_DeepSurv,DeepSurv,0.2042190746179085,0.5347070144004247,0.2717978954315185,success,
setting2_smooth_nonlinear_n1500,nonlinear,39,1500,50,,0.3,Python,pycox_CoxPH_DeepSurv,DeepSurv,0.1839535025574106,0.6069354838709677,0.5602703094482422,success,
setting2_smooth_nonlinear_n1500,nonlinear,40,1500,50,,0.3,Python,pycox_CoxPH_DeepSurv,DeepSurv,0.1990988291883116,0.6236359275692529,0.5984823703765869,success,
setting2_smooth_nonlinear_n1500,nonlinear,41,1500,50,,0.3,Python,pycox_CoxPH_DeepSurv,DeepSurv,0.1902960706992401,0.6097398898803873,0.6187703609466553,success,
setting2_smooth_nonlinear_n1500,nonlinear,42,1500,50,,0.3,Python,pycox_CoxPH_DeepSurv,DeepSurv,0.2028187775369787,0.6141073734702662,0.5314931869506836,success,
setting2_smooth_nonlinear_n1500,nonlinear,43,1500,50,,0.3,Python,pycox_CoxPH_DeepSurv,DeepSurv,0.1782637364079818,0.6288421894710932,0.7659387588500977,success,
setting2_smooth_nonlinear_n1500,nonlinear,44,1500,50,,0.3,Python,pycox_CoxPH_DeepSurv,DeepSurv,0.2019588443621758,0.584082351512207,0.508272647857666,success,
setting2_smooth_nonlinear_n1500,nonlinear,45,1500,50,,0.3,Python,pycox_CoxPH_DeepSurv,DeepSurv,0.1924221713723343,0.5701848021882714,0.3957462310791015,success,
setting2_smooth_nonlinear_n1500,nonlinear,46,1500,50,,0.3,Python,pycox_CoxPH_DeepSurv,DeepSurv,0.1799199722041262,0.6173446425480353,0.6101522445678711,success,
setting2_smooth_nonlinear_n1500,nonlinear,47,1500,50,,0.3,Python,pycox_CoxPH_DeepSurv,DeepSurv,0.1988672201631425,0.5990906901120077,0.480154275894165,success,
setting2_smooth_nonlinear_n1500,nonlinear,48,1500,50,,0.3,Python,pycox_CoxPH_DeepSurv,DeepSurv,0.2015782225982413,0.596881021194605,0.381312608718872,success,
setting2_smooth_nonlinear_n1500,nonlinear,49,1500,50,,0.3,Python,pycox_CoxPH_DeepSurv,DeepSurv,0.2121491150592437,0.5119413497246766,0.4213511943817138,success,
setting2_smooth_nonlinear_n1500,nonlinear,50,1500,50,,0.3,Python,pycox_CoxPH_DeepSurv,DeepSurv,0.195101942659998,0.5878413023971286,0.5208706855773926,success,
setting1_highdim_s50_n1000,highdim,1,1000,500,50.0,0.3,R,survivalmodels_deepsurv,DeepSurv,0.2311240202296385,0.5276057956213698,4.167999999999999,success,
setting1_highdim_s50_n1000,highdim,2,1000,500,50.0,0.3,R,survivalmodels_deepsurv,DeepSurv,0.2160810869657181,0.532009635739835,0.5690000000000008,success,
setting1_highdim_s50_n1000,highdim,3,1000,500,50.0,0.3,R,survivalmodels_deepsurv,DeepSurv,0.2098287690134491,0.4880476613380698,0.3520000000000003,success,
setting1_highdim_s50_n1000,highdim,4,1000,500,50.0,0.3,R,survivalmodels_deepsurv,DeepSurv,0.228916947026197,0.5346425114092104,0.3740000000000023,success,
setting1_highdim_s50_n1000,highdim,5,1000,500,50.0,0.3,R,survivalmodels_deepsurv,DeepSurv,0.1979857861017439,0.5329736211031175,0.370000000000001,success,
setting1_highdim_s50_n1000,highdim,6,1000,500,50.0,0.3,R,survivalmodels_deepsurv,DeepSurv,0.2275377331339275,0.5219277435097947,0.3999999999999986,success,
setting1_highdim_s50_n1000,highdim,7,1000,500,50.0,0.3,R,survivalmodels_deepsurv,DeepSurv,0.2212631176803091,0.5529473135106938,0.4409999999999989,success,
setting1_highdim_s50_n1000,highdim,8,1000,500,50.0,0.3,R,survivalmodels_deepsurv,DeepSurv,0.2133908104399342,0.5592429519616219,0.5199999999999996,success,
setting1_highdim_s50_n1000,highdim,9,1000,500,50.0,0.3,R,survivalmodels_deepsurv,DeepSurv,0.2294630208804992,0.5156687558341112,0.3769999999999953,success,
setting1_highdim_s50_n1000,highdim,10,1000,500,50.0,0.3,R,survivalmodels_deepsurv,DeepSurv,0.1972813161854469,0.5291308500477555,0.419000000000004,success,
setting1_highdim_s50_n1000,highdim,11,1000,500,50.0,0.3,R,survivalmodels_deepsurv,DeepSurv,0.2042407283199654,0.6078931471910867,0.5570000000000022,success,
setting1_highdim_s50_n1000,highdim,12,1000,500,50.0,0.3,R,survivalmodels_deepsurv,DeepSurv,0.2148317607638895,0.5271018067871192,0.607999999999997,success,
setting1_highdim_s50_n1000,highdim,13,1000,500,50.0,0.3,R,survivalmodels_deepsurv,DeepSurv,0.2206363959596481,0.5184815184815185,0.6049999999999969,success,
setting1_highdim_s50_n1000,highdim,14,1000,500,50.0,0.3,R,survivalmodels_deepsurv,DeepSurv,0.2397331523081345,0.4935845488924906,0.7050000000000054,success,
setting1_highdim_s50_n1000,highdim,15,1000,500,50.0,0.3,R,survivalmodels_deepsurv,DeepSurv,0.2248994203167148,0.5290180160934274,0.4059999999999988,success,
setting1_highdim_s50_n1000,highdim,16,1000,500,50.0,0.3,R,survivalmodels_deepsurv,DeepSurv,0.24145287038686,0.5117127496159755,0.3759999999999976,success,
setting1_highdim_s50_n1000,highdim,17,1000,500,50.0,0.3,R,survivalmodels_deepsurv,DeepSurv,0.2098105556764211,0.5264682112068966,0.713000000000001,success,
setting1_highdim_s50_n1000,highdim,18,1000,500,50.0,0.3,R,survivalmodels_deepsurv,DeepSurv,0.2061908910829339,0.5333514283775531,0.6230000000000047,success,
setting1_highdim_s50_n1000,highdim,19,1000,500,50.0,0.3,R,survivalmodels_deepsurv,DeepSurv,0.1893449629879482,0.5836627140974967,0.5790000000000006,success,
setting1_highdim_s50_n1000,highdim,20,1000,500,50.0,0.3,R,survivalmodels_deepsurv,DeepSurv,0.236775583976779,0.4955332972387656,7.314000000000002,success,
setting1_highdim_s50_n1000,highdim,21,1000,500,50.0,0.3,R,survivalmodels_deepsurv,DeepSurv,0.2345973535432105,0.4443408887563376,0.5649999999999977,success,
setting1_highdim_s50_n1000,highdim,22,1000,500,50.0,0.3,R,survivalmodels_deepsurv,DeepSurv,0.2137475950263737,0.5928040361125864,0.5769999999999982,success,
setting1_highdim_s50_n1000,highdim,23,1000,500,50.0,0.3,R,survivalmodels_deepsurv,DeepSurv,0.2297265572258517,0.5238462527317136,0.5739999999999981,success,
setting1_highdim_s50_n1000,highdim,24,1000,500,50.0,0.3,R,survivalmodels_deepsurv,DeepSurv,0.2044221297069576,0.521686922349174,0.6679999999999922,success,
setting1_highdim_s50_n1000,highdim,25,1000,500,50.0,0.3,R,survivalmodels_deepsurv,DeepSurv,0.2117477647672073,0.4950311480272916,0.6820000000000022,success,
setting1_highdim_s50_n1000,highdim,26,1000,500,50.0,0.3,R,survivalmodels_deepsurv,DeepSurv,0.2391451788592836,0.4882902482723317,0.5820000000000078,success,
setting1_highdim_s50_n1000,highdim,27,1000,500,50.0,0.3,R,survivalmodels_deepsurv,DeepSurv,0.2246208838580512,0.4613329771604113,0.563999999999993,success,
setting1_highdim_s50_n1000,highdim,28,1000,500,50.0,0.3,R,survivalmodels_deepsurv,DeepSurv,0.2300955245503289,0.5318352059925093,0.5480000000000018,success,
setting1_highdim_s50_n1000,highdim,29,1000,500,50.0,0.3,R,survivalmodels_deepsurv,DeepSurv,0.2128156279699726,0.4881563224854151,0.5889999999999986,success,
setting1_highdim_s50_n1000,highdim,30,1000,500,50.0,0.3,R,survivalmodels_deepsurv,DeepSurv,0.2117231204183794,0.546781543719738,0.534000000000006,success,
setting1_highdim_s50_n1000,highdim,31,1000,500,50.0,0.3,R,survivalmodels_deepsurv,DeepSurv,0.2094065321798566,0.5521632180581681,0.570999999999998,success,
setting1_highdim_s50_n1000,highdim,32,1000,500,50.0,0.3,R,survivalmodels_deepsurv,DeepSurv,0.2329881386351799,0.4826937294172996,0.6589999999999918,success,
setting1_highdim_s50_n1000,highdim,33,1000,500,50.0,0.3,R,survivalmodels_deepsurv,DeepSurv,0.1975796726219777,0.5361172261970281,0.6149999999999949,success,
setting1_highdim_s50_n1000,highdim,34,1000,500,50.0,0.3,R,survivalmodels_deepsurv,DeepSurv,0.2269924481213621,0.5008240490473993,0.4089999999999918,success,
setting1_highdim_s50_n1000,highdim,35,1000,500,50.0,0.3,R,survivalmodels_deepsurv,DeepSurv,0.2104544045846334,0.5034596871239471,0.7099999999999937,success,
setting1_highdim_s50_n1000,highdim,36,1000,500,50.0,0.3,R,survivalmodels_deepsurv,DeepSurv,0.2209028787812298,0.4859518348623853,0.625,success,
setting1_highdim_s50_n1000,highdim,37,1000,500,50.0,0.3,R,survivalmodels_deepsurv,DeepSurv,0.2219937040166595,0.50985675790668,0.605000000000004,success,
setting1_highdim_s50_n1000,highdim,38,1000,500,50.0,0.3,R,survivalmodels_deepsurv,DeepSurv,0.211077632743275,0.5344055374592833,0.6260000000000048,success,
setting1_highdim_s50_n1000,highdim,39,1000,500,50.0,0.3,R,survivalmodels_deepsurv,DeepSurv,0.223173953140629,0.5237552770890572,0.664999999999992,success,
setting1_highdim_s50_n1000,highdim,40,1000,500,50.0,0.3,R,survivalmodels_deepsurv,DeepSurv,0.2251156067898034,0.5190548780487805,0.5910000000000082,success,
setting1_highdim_s50_n1000,highdim,41,1000,500,50.0,0.3,R,survivalmodels_deepsurv,DeepSurv,0.2176240558825684,0.5482768865121807,0.5930000000000035,success,
setting1_highdim_s50_n1000,highdim,42,1000,500,50.0,0.3,R,survivalmodels_deepsurv,DeepSurv,0.2653602684501496,0.4831005283346602,0.6629999999999967,success,
setting1_highdim_s50_n1000,highdim,43,1000,500,50.0,0.3,R,survivalmodels_deepsurv,DeepSurv,0.2133535636946873,0.5456749082346423,0.3859999999999957,success,
setting1_highdim_s50_n1000,highdim,44,1000,500,50.0,0.3,R,survivalmodels_deepsurv,DeepSurv,0.2257684281203326,0.5229376257545272,0.3569999999999993,success,
setting1_highdim_s50_n1000,highdim,45,1000,500,50.0,0.3,R,survivalmodels_deepsurv,DeepSurv,0.2030866669804054,0.5364228819695873,0.6879999999999882,success,
setting1_highdim_s50_n1000,highdim,46,1000,500,50.0,0.3,R,survivalmodels_deepsurv,DeepSurv,0.2366537207812085,0.4499312242090784,0.575000000000017,success,
setting1_highdim_s50_n1000,highdim,47,1000,500,50.0,0.3,R,survivalmodels_deepsurv,DeepSurv,0.2010953843643471,0.5514277596249467,0.5869999999999891,success,
setting1_highdim_s50_n1000,highdim,48,1000,500,50.0,0.3,R,survivalmodels_deepsurv,DeepSurv,0.2020888217369066,0.5720023704484098,0.3830000000000098,success,
setting1_highdim_s50_n1000,highdim,49,1000,500,50.0,0.3,R,survivalmodels_deepsurv,DeepSurv,0.2221588153801114,0.4840072045214583,0.3479999999999847,success,
setting1_highdim_s50_n1000,highdim,50,1000,500,50.0,0.3,R,survivalmodels_deepsurv,DeepSurv,0.2298635956356469,0.4944460267729991,0.5980000000000132,success,
setting1_highdim_s50_n1500,highdim,1,1500,500,50.0,0.3,R,survivalmodels_deepsurv,DeepSurv,0.2056846844965512,0.5683043277375636,0.5279999999999916,success,
setting1_highdim_s50_n1500,highdim,2,1500,500,50.0,0.3,R,survivalmodels_deepsurv,DeepSurv,0.2136003373738602,0.546455005843397,0.585000000000008,success,
setting1_highdim_s50_n1500,highdim,3,1500,500,50.0,0.3,R,survivalmodels_deepsurv,DeepSurv,0.2146491307219243,0.5117217869744632,0.5550000000000068,success,
setting1_highdim_s50_n1500,highdim,4,1500,500,50.0,0.3,R,survivalmodels_deepsurv,DeepSurv,0.2131091274793171,0.5597285488519104,0.5489999999999782,success,
setting1_highdim_s50_n1500,highdim,5,1500,500,50.0,0.3,R,survivalmodels_deepsurv,DeepSurv,0.2120381303016161,0.5401861252115059,0.518999999999977,success,
setting1_highdim_s50_n1500,highdim,6,1500,500,50.0,0.3,R,survivalmodels_deepsurv,DeepSurv,0.2191223254225228,0.5327096856306478,0.6629999999999825,success,
setting1_highdim_s50_n1500,highdim,7,1500,500,50.0,0.3,R,survivalmodels_deepsurv,DeepSurv,0.2205824082837733,0.5515536309906958,0.5430000000000064,success,
setting1_highdim_s50_n1500,highdim,8,1500,500,50.0,0.3,R,survivalmodels_deepsurv,DeepSurv,0.2199464683702106,0.5465545091585139,0.5609999999999786,success,
setting1_highdim_s50_n1500,highdim,9,1500,500,50.0,0.3,R,survivalmodels_deepsurv,DeepSurv,0.2146388499983089,0.5220631554141628,0.4979999999999904,success,
setting1_highdim_s50_n1500,highdim,10,1500,500,50.0,0.3,R,survivalmodels_deepsurv,DeepSurv,0.1992544718738772,0.5584997835631687,0.5889999999999986,success,
setting1_highdim_s50_n1500,highdim,11,1500,500,50.0,0.3,R,survivalmodels_deepsurv,DeepSurv,0.204371012227342,0.5695399828030954,0.578000000000003,success,
setting1_highdim_s50_n1500,highdim,12,1500,500,50.0,0.3,R,survivalmodels_deepsurv,DeepSurv,0.2098281638989468,0.5504843060323688,0.5339999999999918,success,
setting1_highdim_s50_n1500,highdim,13,1500,500,50.0,0.3,R,survivalmodels_deepsurv,DeepSurv,0.2039496697638871,0.589029829500522,0.5910000000000082,success,
setting1_highdim_s50_n1500,highdim,14,1500,500,50.0,0.3,R,survivalmodels_deepsurv,DeepSurv,0.2124984116456528,0.501023672424824,0.6869999999999834,success,
setting1_highdim_s50_n1500,highdim,15,1500,500,50.0,0.3,R,survivalmodels_deepsurv,DeepSurv,0.2112655852128653,0.5185320542104461,0.4890000000000043,success,
setting1_highdim_s50_n1500,highdim,16,1500,500,50.0,0.3,R,survivalmodels_deepsurv,DeepSurv,0.2027888496849943,0.5472621781699505,0.5120000000000005,success,
setting1_highdim_s50_n1500,highdim,17,1500,500,50.0,0.3,R,survivalmodels_deepsurv,DeepSurv,0.2199542354901187,0.530816039943829,0.5720000000000027,success,
setting1_highdim_s50_n1500,highdim,18,1500,500,50.0,0.3,R,survivalmodels_deepsurv,DeepSurv,0.2074842059495978,0.550578886923053,0.5930000000000177,success,
setting1_highdim_s50_n1500,highdim,19,1500,500,50.0,0.3,R,survivalmodels_deepsurv,DeepSurv,0.2091727261748595,0.5262600461030466,0.5509999999999877,success,
setting1_highdim_s50_n1500,highdim,20,1500,500,50.0,0.3,R,survivalmodels_deepsurv,DeepSurv,0.2051910479805015,0.5491248758689176,0.570999999999998,success,
setting1_highdim_s50_n1500,highdim,21,1500,500,50.0,0.3,R,survivalmodels_deepsurv,DeepSurv,0.2130875874097288,0.5473494275759084,0.585000000000008,success,
setting1_highdim_s50_n1500,highdim,22,1500,500,50.0,0.3,R,survivalmodels_deepsurv,DeepSurv,0.2109821263367424,0.5537160552644116,0.5409999999999968,success,
setting1_highdim_s50_n1500,highdim,23,1500,500,50.0,0.3,R,survivalmodels_deepsurv,DeepSurv,0.2190741400736432,0.5354294897061944,0.5360000000000014,success,
setting1_highdim_s50_n1500,highdim,24,1500,500,50.0,0.3,R,survivalmodels_deepsurv,DeepSurv,0.2088194550707852,0.5604385619529333,0.5589999999999975,success,
setting1_highdim_s50_n1500,highdim,25,1500,500,50.0,0.3,R,survivalmodels_deepsurv,DeepSurv,0.2058403267342476,0.5406354930978734,0.546999999999997,success,
setting1_highdim_s50_n1500,highdim,26,1500,500,50.0,0.3,R,survivalmodels_deepsurv,DeepSurv,0.2175946903195583,0.5373007749671004,0.5289999999999964,success,
setting1_highdim_s50_n1500,highdim,27,1500,500,50.0,0.3,R,survivalmodels_deepsurv,DeepSurv,0.2234465742687993,0.5166162262833198,0.5349999999999966,success,
setting1_highdim_s50_n1500,highdim,28,1500,500,50.0,0.3,R,survivalmodels_deepsurv,DeepSurv,0.2110147924668246,0.5200135685210312,0.5459999999999923,success,
setting1_highdim_s50_n1500,highdim,29,1500,500,50.0,0.3,R,survivalmodels_deepsurv,DeepSurv,0.2129609360890102,0.5496646252551765,0.6349999999999909,success,
setting1_highdim_s50_n1500,highdim,30,1500,500,50.0,0.3,R,survivalmodels_deepsurv,DeepSurv,0.2271829067686288,0.5515094003914358,0.5479999999999734,success,
setting1_highdim_s50_n1500,highdim,31,1500,500,50.0,0.3,R,survivalmodels_deepsurv,DeepSurv,0.2109573781553258,0.553293768545994,0.6429999999999723,success,
setting1_highdim_s50_n1500,highdim,32,1500,500,50.0,0.3,R,survivalmodels_deepsurv,DeepSurv,0.2080743429340393,0.5604816967227848,0.5760000000000218,success,
setting1_highdim_s50_n1500,highdim,33,1500,500,50.0,0.3,R,survivalmodels_deepsurv,DeepSurv,0.2206553729132334,0.525401810456309,0.4749999999999943,success,
setting1_highdim_s50_n1500,highdim,34,1500,500,50.0,0.3,R,survivalmodels_deepsurv,DeepSurv,0.2094907565641265,0.5792694119806645,0.5840000000000032,success,
setting1_highdim_s50_n1500,highdim,35,1500,500,50.0,0.3,R,survivalmodels_deepsurv,DeepSurv,0.2105707733086334,0.5565093423926232,0.5570000000000164,success,
setting1_highdim_s50_n1500,highdim,36,1500,500,50.0,0.3,R,survivalmodels_deepsurv,DeepSurv,0.2062646067000178,0.5254268071195061,0.5360000000000014,success,
setting1_highdim_s50_n1500,highdim,37,1500,500,50.0,0.3,R,survivalmodels_deepsurv,DeepSurv,0.2076139074089122,0.5365496101819152,0.5699999999999932,success,
setting1_highdim_s50_n1500,highdim,38,1500,500,50.0,0.3,R,survivalmodels_deepsurv,DeepSurv,0.1913857277652277,0.5403434921703991,0.5649999999999977,success,
setting1_highdim_s50_n1500,highdim,39,1500,500,50.0,0.3,R,survivalmodels_deepsurv,DeepSurv,0.222357944907984,0.5175921267765061,0.5749999999999886,success,
setting1_highdim_s50_n1500,highdim,40,1500,500,50.0,0.3,R,survivalmodels_deepsurv,DeepSurv,0.2141039668007746,0.5478189450629677,0.5279999999999632,success,
setting1_highdim_s50_n1500,highdim,41,1500,500,50.0,0.3,R,survivalmodels_deepsurv,DeepSurv,0.2077320190641227,0.5296197767973008,0.5060000000000286,success,
setting1_highdim_s50_n1500,highdim,42,1500,500,50.0,0.3,R,survivalmodels_deepsurv,DeepSurv,0.2030371819273597,0.5430303780238817,0.4970000000000141,success,
setting1_highdim_s50_n1500,highdim,43,1500,500,50.0,0.3,R,survivalmodels_deepsurv,DeepSurv,0.2024748400855765,0.5762579353910623,0.52800000000002,success,
setting1_highdim_s50_n1500,highdim,44,1500,500,50.0,0.3,R,survivalmodels_deepsurv,DeepSurv,0.252137137527647,0.5149500721337444,0.5769999999999982,success,
setting1_highdim_s50_n1500,highdim,45,1500,500,50.0,0.3,R,survivalmodels_deepsurv,DeepSurv,0.1963034710082808,0.547253227541689,0.52800000000002,success,
setting1_highdim_s50_n1500,highdim,46,1500,500,50.0,0.3,R,survivalmodels_deepsurv,DeepSurv,0.2335750719985053,0.4987523118926694,0.4950000000000045,success,
setting1_highdim_s50_n1500,highdim,47,1500,500,50.0,0.3,R,survivalmodels_deepsurv,DeepSurv,0.2199351343769412,0.5189429729647352,0.4390000000000214,success,
setting1_highdim_s50_n1500,highdim,48,1500,500,50.0,0.3,R,survivalmodels_deepsurv,DeepSurv,0.205396190270196,0.5417581707789692,0.492999999999995,success,
setting1_highdim_s50_n1500,highdim,49,1500,500,50.0,0.3,R,survivalmodels_deepsurv,DeepSurv,0.2280363424271494,0.5102302180210398,0.5330000000000155,success,
setting1_highdim_s50_n1500,highdim,50,1500,500,50.0,0.3,R,survivalmodels_deepsurv,DeepSurv,0.21295888805473,0.5591313928932146,0.5900000000000318,success,
setting2_smooth_nonlinear_n1000,nonlinear,1,1000,50,,0.3,R,survivalmodels_deepsurv,DeepSurv,0.1856532426062388,0.5772499620579754,0.5819999999999936,success,
setting2_smooth_nonlinear_n1000,nonlinear,2,1000,50,,0.3,R,survivalmodels_deepsurv,DeepSurv,0.198845846702957,0.6049215792320173,0.4259999999999877,success,
setting2_smooth_nonlinear_n1000,nonlinear,3,1000,50,,0.3,R,survivalmodels_deepsurv,DeepSurv,0.1953787411293656,0.5831022855001873,0.3349999999999795,success,
setting2_smooth_nonlinear_n1000,nonlinear,4,1000,50,,0.3,R,survivalmodels_deepsurv,DeepSurv,0.1965228440715134,0.5859346443453468,0.5360000000000014,success,
setting2_smooth_nonlinear_n1000,nonlinear,5,1000,50,,0.3,R,survivalmodels_deepsurv,DeepSurv,0.204449793423821,0.6274370561652679,0.6440000000000055,success,
setting2_smooth_nonlinear_n1000,nonlinear,6,1000,50,,0.3,R,survivalmodels_deepsurv,DeepSurv,0.179674201793154,0.6124103975092318,0.4800000000000182,success,
setting2_smooth_nonlinear_n1000,nonlinear,7,1000,50,,0.3,R,survivalmodels_deepsurv,DeepSurv,0.1816761852899795,0.6191860465116279,0.3249999999999886,success,
setting2_smooth_nonlinear_n1000,nonlinear,8,1000,50,,0.3,R,survivalmodels_deepsurv,DeepSurv,0.1831760675239016,0.6142805100182149,0.5480000000000018,success,
setting2_smooth_nonlinear_n1000,nonlinear,9,1000,50,,0.3,R,survivalmodels_deepsurv,DeepSurv,0.2101856557686598,0.5337719012570833,0.339999999999975,success,
setting2_smooth_nonlinear_n1000,nonlinear,10,1000,50,,0.3,R,survivalmodels_deepsurv,DeepSurv,0.2116561079335713,0.5651998926750738,0.3489999999999895,success,
setting2_smooth_nonlinear_n1000,nonlinear,11,1000,50,,0.3,R,survivalmodels_deepsurv,DeepSurv,0.1973376411806686,0.6211888111888112,0.4619999999999891,success,
setting2_smooth_nonlinear_n1000,nonlinear,12,1000,50,,0.3,R,survivalmodels_deepsurv,DeepSurv,0.220089195498669,0.5829149048625792,0.4390000000000214,success,
setting2_smooth_nonlinear_n1000,nonlinear,13,1000,50,,0.3,R,survivalmodels_deepsurv,DeepSurv,0.2064004281533868,0.5993293685942047,0.5169999999999959,success,
setting2_smooth_nonlinear_n1000,nonlinear,14,1000,50,,0.3,R,survivalmodels_deepsurv,DeepSurv,0.2001583404536685,0.5836688137412775,0.3420000000000414,success,
setting2_smooth_nonlinear_n1000,nonlinear,15,1000,50,,0.3,R,survivalmodels_deepsurv,DeepSurv,0.1945900617068811,0.5743283582089552,0.4960000000000377,success,
setting2_smooth_nonlinear_n1000,nonlinear,16,1000,50,,0.3,R,survivalmodels_deepsurv,DeepSurv,0.1972508602837782,0.6080444735120993,0.521000000000015,success,
setting2_smooth_nonlinear_n1000,nonlinear,17,1000,50,,0.3,R,survivalmodels_deepsurv,DeepSurv,0.2084357936686314,0.5940490326185653,0.4800000000000182,success,
setting2_smooth_nonlinear_n1000,nonlinear,18,1000,50,,0.3,R,survivalmodels_deepsurv,DeepSurv,0.2018636946635495,0.6071306837548571,0.6300000000000523,success,
setting2_smooth_nonlinear_n1000,nonlinear,19,1000,50,,0.3,R,survivalmodels_deepsurv,DeepSurv,0.1915198019398232,0.6277758913412563,0.4890000000000327,success,
setting2_smooth_nonlinear_n1000,nonlinear,20,1000,50,,0.3,R,survivalmodels_deepsurv,DeepSurv,0.2048341063434299,0.6011502708486591,0.660000000000025,success,
setting2_smooth_nonlinear_n1000,nonlinear,21,1000,50,,0.3,R,survivalmodels_deepsurv,DeepSurv,0.1973129597777075,0.5778643697019414,0.367999999999995,success,
setting2_smooth_nonlinear_n1000,nonlinear,22,1000,50,,0.3,R,survivalmodels_deepsurv,DeepSurv,0.2015739069305856,0.5612430116895375,0.3240000000000123,success,
setting2_smooth_nonlinear_n1000,nonlinear,23,1000,50,,0.3,R,survivalmodels_deepsurv,DeepSurv,0.2054782763666274,0.5969442942130881,0.4569999999999936,success,
setting2_smooth_nonlinear_n1000,nonlinear,24,1000,50,,0.3,R,survivalmodels_deepsurv,DeepSurv,0.2049635578301987,0.616023023893983,0.5329999999999586,success,
setting2_smooth_nonlinear_n1000,nonlinear,25,1000,50,,0.3,R,survivalmodels_deepsurv,DeepSurv,0.1948715131448028,0.6117347290131534,0.4469999999999459,success,
setting2_smooth_nonlinear_n1000,nonlinear,26,1000,50,,0.3,R,survivalmodels_deepsurv,DeepSurv,0.2032853160679257,0.6124975177070232,0.4449999999999932,success,
setting2_smooth_nonlinear_n1000,nonlinear,27,1000,50,,0.3,R,survivalmodels_deepsurv,DeepSurv,0.1996773012300784,0.6309355900329102,0.5089999999999577,success,
setting2_smooth_nonlinear_n1000,nonlinear,28,1000,50,,0.3,R,survivalmodels_deepsurv,DeepSurv,0.2058070547538947,0.5568753188078408,0.4920000000000186,success,
setting2_smooth_nonlinear_n1000,nonlinear,29,1000,50,,0.3,R,survivalmodels_deepsurv,DeepSurv,0.2089164017849417,0.6054711042657202,0.5670000000000073,success,
setting2_smooth_nonlinear_n1000,nonlinear,30,1000,50,,0.3,R,survivalmodels_deepsurv,DeepSurv,0.2195161078544114,0.60015634160641,0.8519999999999754,success,
setting2_smooth_nonlinear_n1000,nonlinear,31,1000,50,,0.3,R,survivalmodels_deepsurv,DeepSurv,0.2062789952416364,0.5784334687477728,0.5190000000000055,success,
setting2_smooth_nonlinear_n1000,nonlinear,32,1000,50,,0.3,R,survivalmodels_deepsurv,DeepSurv,0.2070707344398253,0.5908106645012857,0.2599999999999909,success,
setting2_smooth_nonlinear_n1000,nonlinear,33,1000,50,,0.3,R,survivalmodels_deepsurv,DeepSurv,0.1882255984286045,0.6008148767237778,0.5,success,
setting2_smooth_nonlinear_n1000,nonlinear,34,1000,50,,0.3,R,survivalmodels_deepsurv,DeepSurv,0.1997643913841484,0.5929850200949945,0.5099999999999909,success,
setting2_smooth_nonlinear_n1000,nonlinear,35,1000,50,,0.3,R,survivalmodels_deepsurv,DeepSurv,0.2122755205176671,0.5956470433984529,0.38900000000001,success,
setting2_smooth_nonlinear_n1000,nonlinear,36,1000,50,,0.3,R,survivalmodels_deepsurv,DeepSurv,0.1939169217592065,0.6017912994029002,0.4139999999999872,success,
setting2_smooth_nonlinear_n1000,nonlinear,37,1000,50,,0.3,R,survivalmodels_deepsurv,DeepSurv,0.2063000013175037,0.5788344004656578,0.2479999999999904,success,
setting2_smooth_nonlinear_n1000,nonlinear,38,1000,50,,0.3,R,survivalmodels_deepsurv,DeepSurv,0.1860640711283675,0.6281871258591383,0.3489999999999895,success,
setting2_smooth_nonlinear_n1000,nonlinear,39,1000,50,,0.3,R,survivalmodels_deepsurv,DeepSurv,0.2045778446449865,0.5777525539160046,0.3550000000000182,success,
setting2_smooth_nonlinear_n1000,nonlinear,40,1000,50,,0.3,R,survivalmodels_deepsurv,DeepSurv,0.2160137970695276,0.5153755787436942,0.3559999999999945,success,
setting2_smooth_nonlinear_n1000,nonlinear,41,1000,50,,0.3,R,survivalmodels_deepsurv,DeepSurv,0.1984420338471233,0.5882966880044531,0.3500000000000227,success,
setting2_smooth_nonlinear_n1000,nonlinear,42,1000,50,,0.3,R,survivalmodels_deepsurv,DeepSurv,0.2061068915149198,0.6087679202160814,0.4429999999999836,success,
setting2_smooth_nonlinear_n1000,nonlinear,43,1000,50,,0.3,R,survivalmodels_deepsurv,DeepSurv,0.2138325819449074,0.5524681160377982,0.4590000000000032,success,
setting2_smooth_nonlinear_n1000,nonlinear,44,1000,50,,0.3,R,survivalmodels_deepsurv,DeepSurv,0.1997747568898468,0.5822981366459627,0.3790000000000191,success,
setting2_smooth_nonlinear_n1000,nonlinear,45,1000,50,,0.3,R,survivalmodels_deepsurv,DeepSurv,0.1942990430071092,0.6049897519259312,0.5049999999999955,success,
setting2_smooth_nonlinear_n1000,nonlinear,46,1000,50,,0.3,R,survivalmodels_deepsurv,DeepSurv,0.1951651635352846,0.585740501597227,0.2899999999999636,success,
setting2_smooth_nonlinear_n1000,nonlinear,47,1000,50,,0.3,R,survivalmodels_deepsurv,DeepSurv,0.1991487025908421,0.6110486271915316,0.3340000000000032,success,
setting2_smooth_nonlinear_n1000,nonlinear,48,1000,50,,0.3,R,survivalmodels_deepsurv,DeepSurv,0.2117820368186158,0.5936864923452106,0.4019999999999868,success,
setting2_smooth_nonlinear_n1000,nonlinear,49,1000,50,,0.3,R,survivalmodels_deepsurv,DeepSurv,0.1940952182754985,0.6036882393876131,0.36099999999999,success,
setting2_smooth_nonlinear_n1000,nonlinear,50,1000,50,,0.3,R,survivalmodels_deepsurv,DeepSurv,0.2115691663121477,0.5891514500537056,0.3809999999999718,success,
setting2_smooth_nonlinear_n1500,nonlinear,1,1500,50,,0.3,R,survivalmodels_deepsurv,DeepSurv,0.1997112926252215,0.5852241453122133,0.7940000000000396,success,
setting2_smooth_nonlinear_n1500,nonlinear,2,1500,50,,0.3,R,survivalmodels_deepsurv,DeepSurv,0.1980801218001795,0.596424835394745,0.4820000000000277,success,
setting2_smooth_nonlinear_n1500,nonlinear,3,1500,50,,0.3,R,survivalmodels_deepsurv,DeepSurv,0.1803141834952185,0.6223636831275721,0.9919999999999618,success,
setting2_smooth_nonlinear_n1500,nonlinear,4,1500,50,,0.3,R,survivalmodels_deepsurv,DeepSurv,0.1898067287596267,0.5864368239921337,0.6550000000000296,success,
setting2_smooth_nonlinear_n1500,nonlinear,5,1500,50,,0.3,R,survivalmodels_deepsurv,DeepSurv,0.2006953187291211,0.6244240307574913,0.7699999999999818,success,
setting2_smooth_nonlinear_n1500,nonlinear,6,1500,50,,0.3,R,survivalmodels_deepsurv,DeepSurv,0.2138921891024676,0.5838325183374083,0.7230000000000132,success,
setting2_smooth_nonlinear_n1500,nonlinear,7,1500,50,,0.3,R,survivalmodels_deepsurv,DeepSurv,0.2034145328271675,0.5656140128599031,0.5729999999999791,success,
setting2_smooth_nonlinear_n1500,nonlinear,8,1500,50,,0.3,R,survivalmodels_deepsurv,DeepSurv,0.2056934051545467,0.566459780003687,0.4279999999999972,success,
setting2_smooth_nonlinear_n1500,nonlinear,9,1500,50,,0.3,R,survivalmodels_deepsurv,DeepSurv,0.2110161967835276,0.5579828132066937,0.4079999999999586,success,
setting2_smooth_nonlinear_n1500,nonlinear,10,1500,50,,0.3,R,survivalmodels_deepsurv,DeepSurv,0.1895247770970375,0.6307776666774183,0.9079999999999586,success,
setting2_smooth_nonlinear_n1500,nonlinear,11,1500,50,,0.3,R,survivalmodels_deepsurv,DeepSurv,0.2056473417624149,0.5877872408806042,0.5229999999999677,success,
setting2_smooth_nonlinear_n1500,nonlinear,12,1500,50,,0.3,R,survivalmodels_deepsurv,DeepSurv,0.1791104566145938,0.6186197344863696,0.7230000000000132,success,
setting2_smooth_nonlinear_n1500,nonlinear,13,1500,50,,0.3,R,survivalmodels_deepsurv,DeepSurv,0.1946989542118396,0.607649000194137,0.6659999999999968,success,
setting2_smooth_nonlinear_n1500,nonlinear,14,1500,50,,0.3,R,survivalmodels_deepsurv,DeepSurv,0.2010693156586726,0.5699780047606134,0.3479999999999563,success,
setting2_smooth_nonlinear_n1500,nonlinear,15,1500,50,,0.3,R,survivalmodels_deepsurv,DeepSurv,0.2047641682766492,0.6107561714508534,0.61099999999999,success,
setting2_smooth_nonlinear_n1500,nonlinear,16,1500,50,,0.3,R,survivalmodels_deepsurv,DeepSurv,0.1912071893099039,0.6201815165414267,0.6749999999999545,success,
setting2_smooth_nonlinear_n1500,nonlinear,17,1500,50,,0.3,R,survivalmodels_deepsurv,DeepSurv,0.1885572208295247,0.5994766089428794,0.5970000000000368,success,
setting2_smooth_nonlinear_n1500,nonlinear,18,1500,50,,0.3,R,survivalmodels_deepsurv,DeepSurv,0.1849866848656818,0.6052672955974843,0.8050000000000068,success,
setting2_smooth_nonlinear_n1500,nonlinear,19,1500,50,,0.3,R,survivalmodels_deepsurv,DeepSurv,0.2106001589924699,0.595374853396686,0.6020000000000323,success,
setting2_smooth_nonlinear_n1500,nonlinear,20,1500,50,,0.3,R,survivalmodels_deepsurv,DeepSurv,0.1934691419040356,0.6117332654619496,0.8799999999999955,success,
setting2_smooth_nonlinear_n1500,nonlinear,21,1500,50,,0.3,R,survivalmodels_deepsurv,DeepSurv,0.2015091137515007,0.592225894973182,0.6240000000000236,success,
setting2_smooth_nonlinear_n1500,nonlinear,22,1500,50,,0.3,R,survivalmodels_deepsurv,DeepSurv,0.1863399893436598,0.611773299246323,0.6949999999999932,success,
setting2_smooth_nonlinear_n1500,nonlinear,23,1500,50,,0.3,R,survivalmodels_deepsurv,DeepSurv,0.1944215171766325,0.5600703937651237,0.4519999999999982,success,
setting2_smooth_nonlinear_n1500,nonlinear,24,1500,50,,0.3,R,survivalmodels_deepsurv,DeepSurv,0.2094325767976517,0.5627178262553246,0.4879999999999995,success,
setting2_smooth_nonlinear_n1500,nonlinear,25,1500,50,,0.3,R,survivalmodels_deepsurv,DeepSurv,0.1882321389828083,0.620687509721574,0.6290000000000191,success,
setting2_smooth_nonlinear_n1500,nonlinear,26,1500,50,,0.3,R,survivalmodels_deepsurv,DeepSurv,0.2453821178704658,0.4709993832780241,0.2909999999999968,success,
setting2_smooth_nonlinear_n1500,nonlinear,27,1500,50,,0.3,R,survivalmodels_deepsurv,DeepSurv,0.2001802486788446,0.5886520275685205,0.7599999999999909,success,
setting2_smooth_nonlinear_n1500,nonlinear,28,1500,50,,0.3,R,survivalmodels_deepsurv,DeepSurv,0.1978730676818764,0.6049189140757997,0.5390000000000441,success,
setting2_smooth_nonlinear_n1500,nonlinear,29,1500,50,,0.3,R,survivalmodels_deepsurv,DeepSurv,0.2123682470816253,0.5786838991535451,0.5520000000000209,success,
setting2_smooth_nonlinear_n1500,nonlinear,30,1500,50,,0.3,R,survivalmodels_deepsurv,DeepSurv,0.1878658422726672,0.6172254927054006,0.6059999999999945,success,
setting2_smooth_nonlinear_n1500,nonlinear,31,1500,50,,0.3,R,survivalmodels_deepsurv,DeepSurv,0.214258727735461,0.53468622800082,0.3489999999999895,success,
setting2_smooth_nonlinear_n1500,nonlinear,32,1500,50,,0.3,R,survivalmodels_deepsurv,DeepSurv,0.2036548473772814,0.6102992984713415,0.5769999999999982,success,
setting2_smooth_nonlinear_n1500,nonlinear,33,1500,50,,0.3,R,survivalmodels_deepsurv,DeepSurv,0.1990225618471608,0.5778291896119131,0.660000000000025,success,
setting2_smooth_nonlinear_n1500,nonlinear,34,1500,50,,0.3,R,survivalmodels_deepsurv,DeepSurv,0.2041438937372851,0.5990238811467862,0.6449999999999818,success,
setting2_smooth_nonlinear_n1500,nonlinear,35,1500,50,,0.3,R,survivalmodels_deepsurv,DeepSurv,0.1928972846752999,0.6230985574742189,0.5640000000000214,success,
setting2_smooth_nonlinear_n1500,nonlinear,36,1500,50,,0.3,R,survivalmodels_deepsurv,DeepSurv,0.1973097858357065,0.5821005689681685,0.617999999999995,success,
setting2_smooth_nonlinear_n1500,nonlinear,37,1500,50,,0.3,R,survivalmodels_deepsurv,DeepSurv,0.1981105981783291,0.6001902044698051,0.4569999999999936,success,
setting2_smooth_nonlinear_n1500,nonlinear,38,1500,50,,0.3,R,survivalmodels_deepsurv,DeepSurv,0.1920547387496397,0.6028601765213352,0.7719999999999914,success,
setting2_smooth_nonlinear_n1500,nonlinear,39,1500,50,,0.3,R,survivalmodels_deepsurv,DeepSurv,0.1852993093173318,0.6124193548387097,1.177000000000021,success,
setting2_smooth_nonlinear_n1500,nonlinear,40,1500,50,,0.3,R,survivalmodels_deepsurv,DeepSurv,0.2022457650940706,0.6141623695886798,0.4950000000000045,success,
setting2_smooth_nonlinear_n1500,nonlinear,41,1500,50,,0.3,R,survivalmodels_deepsurv,DeepSurv,0.192518851953011,0.6000569584203531,0.8400000000000318,success,
setting2_smooth_nonlinear_n1500,nonlinear,42,1500,50,,0.3,R,survivalmodels_deepsurv,DeepSurv,0.2209482257558643,0.5246602299981551,0.3240000000000123,success,
setting2_smooth_nonlinear_n1500,nonlinear,43,1500,50,,0.3,R,survivalmodels_deepsurv,DeepSurv,0.1792600424719806,0.6325651518414818,0.5510000000000446,success,
setting2_smooth_nonlinear_n1500,nonlinear,44,1500,50,,0.3,R,survivalmodels_deepsurv,DeepSurv,0.1997612956742232,0.6008441637313251,0.83299999999997,success,
setting2_smooth_nonlinear_n1500,nonlinear,45,1500,50,,0.3,R,survivalmodels_deepsurv,DeepSurv,0.1837857236255367,0.6151844686103143,0.6490000000000009,success,
setting2_smooth_nonlinear_n1500,nonlinear,46,1500,50,,0.3,R,survivalmodels_deepsurv,DeepSurv,0.1821488905120145,0.6098667128267267,0.7160000000000082,success,
setting2_smooth_nonlinear_n1500,nonlinear,47,1500,50,,0.3,R,survivalmodels_deepsurv,DeepSurv,0.1917310049981081,0.6245031916174877,0.6650000000000205,success,
setting2_smooth_nonlinear_n1500,nonlinear,48,1500,50,,0.3,R,survivalmodels_deepsurv,DeepSurv,0.199827048346805,0.6147639691714837,0.8879999999999768,success,
setting2_smooth_nonlinear_n1500,nonlinear,49,1500,50,,0.3,R,survivalmodels_deepsurv,DeepSurv,0.1902349187949039,0.5990203611217826,0.660000000000025,success,
setting2_smooth_nonlinear_n1500,nonlinear,50,1500,50,,0.3,R,survivalmodels_deepsurv,DeepSurv,0.1968802320513869,0.5904371234457121,0.6730000000000018,success,
